timestamp,label,confidence,x1,y1,x2,y2
1762784633.3870742,bird,0.6071239113807678,145.44598388671875,0.08521270751953125,404.0498046875,72.10233306884766
1762784633.4492033,bird,0.6071239113807678,145.44598388671875,0.08521270751953125,404.0498046875,72.10233306884766
1762784634.52464,wine glass,0.36011913418769836,66.88385009765625,0.1860809326171875,398.5770263671875,160.2816162109375
1762784634.52464,tennis racket,0.2572490870952606,70.84561157226562,0.5187835693359375,399.2479248046875,161.18951416015625
1762784634.5855558,tennis racket,0.4036747217178345,57.705352783203125,0.39691162109375,402.4950866699219,174.41680908203125
1762784634.6330147,tennis racket,0.2872510254383087,52.38226318359375,0.3067169189453125,402.92694091796875,195.98236083984375
1762784634.6330147,person,0.25609007477760315,62.282196044921875,0.329437255859375,403.49298095703125,195.6813201904297
1762784635.1845267,cat,0.2575802803039551,217.478759765625,142.18466186523438,541.8170166015625,402.0486755371094
1762784635.2450242,cat,0.2575802803039551,217.478759765625,142.18466186523438,541.8170166015625,402.0486755371094
1762784636.3200822,person,0.44473502039909363,2.2022705078125,0.0,636.04296875,478.2052917480469
1762784636.3699322,person,0.44473502039909363,2.2022705078125,0.0,636.04296875,478.2052917480469
1762784636.4301014,bed,0.28726959228515625,2.74761962890625,0.0,640.0,478.27618408203125
1762784636.4301014,person,0.2666747570037842,6.55816650390625,0.0,639.517333984375,477.63848876953125
1762784636.4826257,person,0.3236660957336426,1.25030517578125,0.79229736328125,638.6053466796875,477.15582275390625
1762784636.5428293,person,0.42116597294807434,1.687744140625,1.415679931640625,637.8992919921875,477.1910705566406
1762784636.5995278,person,0.5933268070220947,2.7230224609375,1.234893798828125,635.6873779296875,477.86859130859375
1762784636.6532655,person,0.6555854082107544,2.46856689453125,0.037933349609375,634.8519287109375,477.4524230957031
1762784636.7116208,person,0.6587120294570923,2.0992431640625,0.558929443359375,635.756103515625,476.30517578125
1762784636.7593715,person,0.6587120294570923,2.0992431640625,0.558929443359375,635.756103515625,476.30517578125
1762784636.807742,person,0.7185822129249573,1.6419677734375,2.754058837890625,635.5794677734375,478.5499267578125
1762784636.8671746,person,0.7863649129867554,0.4892578125,2.5921630859375,636.9493408203125,477.16986083984375
1762784636.8671746,pizza,0.397614449262619,536.12890625,197.23016357421875,639.8221435546875,450.18914794921875
1762784636.915367,person,0.5919407606124878,2.1494140625,0.792572021484375,631.6682739257812,479.1058044433594
1762784636.964361,person,0.4265058636665344,1.48126220703125,1.766448974609375,633.8367309570312,479.97052001953125
1762784637.0223515,person,0.4265058636665344,1.48126220703125,1.766448974609375,633.8367309570312,479.97052001953125
1762784637.0729995,person,0.7476141452789307,2.9793701171875,0.928009033203125,638.1925048828125,480.0
1762784637.1207652,person,0.7655910849571228,0.74188232421875,1.331512451171875,634.5558471679688,479.9958801269531
1762784637.1809182,person,0.6738333702087402,0.35321044921875,2.400970458984375,637.3861694335938,478.6236877441406
1762784637.229075,person,0.603912353515625,1.05255126953125,1.805389404296875,634.6467895507812,478.57025146484375
1762784637.288726,person,0.6244785785675049,3.967529296875,0.91015625,635.4296875,478.8187255859375
1762784637.33894,person,0.420609712600708,1.8167724609375,1.031951904296875,639.68310546875,479.6006164550781
1762784637.3999457,cat,0.4843941330909729,10.74237060546875,4.380615234375,638.7156982421875,478.6921691894531
1762784637.4597452,person,0.5992575287818909,1.27691650390625,5.664886474609375,639.152099609375,477.48992919921875
1762784637.505241,person,0.5992575287818909,1.27691650390625,5.664886474609375,639.152099609375,477.48992919921875
1762784637.554515,person,0.4788728356361389,1.77740478515625,1.639923095703125,639.0598754882812,478.1036682128906
1762784637.617137,person,0.7211278676986694,6.36285400390625,3.630035400390625,639.1316528320312,479.7567138671875
1762784637.678151,person,0.4230841100215912,2.06951904296875,0.94403076171875,638.9573364257812,479.41192626953125
1762784637.7278574,person,0.44141462445259094,2.280517578125,1.15966796875,615.37841796875,479.1343994140625
1762784637.7874794,person,0.4661155939102173,2.7073974609375,1.00701904296875,640.0,478.22674560546875
1762784637.847656,person,0.5989232063293457,2.38873291015625,4.2066650390625,619.2164306640625,479.0975341796875
1762784637.847656,bottle,0.43409356474876404,0.0,50.50445556640625,35.778995513916016,308.78179931640625
1762784637.847656,person,0.3831866979598999,2.032501220703125,5.85662841796875,285.19732666015625,371.73529052734375
1762784637.8946788,person,0.44308480620384216,111.6270751953125,0.704620361328125,637.946533203125,475.3956604003906
1762784637.8946788,person,0.361760675907135,0.308074951171875,0.590576171875,271.6355285644531,360.639892578125
1762784637.9422524,person,0.45030537247657776,25.185302734375,0.025604248046875,636.4301147460938,479.51177978515625
1762784638.004727,person,0.45030537247657776,25.185302734375,0.025604248046875,636.4301147460938,479.51177978515625
1762784638.129373,person,0.46738508343696594,6.953369140625,0.57720947265625,633.6800537109375,473.6929931640625
1762784638.189699,person,0.46738508343696594,6.953369140625,0.57720947265625,633.6800537109375,473.6929931640625
1762784638.3279598,cat,0.34776100516319275,1.4229736328125,0.245819091796875,542.31103515625,383.01226806640625
1762784638.5340338,dog,0.25348538160324097,1.1915283203125,0.2340087890625,517.013916015625,351.5565185546875
1762784638.7377658,person,0.3660585582256317,2.0040283203125,0.40093994140625,637.40869140625,478.7303466796875
1762784638.798289,person,0.3660585582256317,2.0040283203125,0.40093994140625,637.40869140625,478.7303466796875
1762784638.844938,person,0.4741579592227936,0.6505126953125,0.4119873046875,637.6817626953125,479.6766357421875
1762784638.9404533,dog,0.33342698216438293,47.31280517578125,0.231536865234375,633.9946899414062,475.2978210449219
1762784638.9870963,person,0.3425762951374054,4.484375,0.4798583984375,629.0496826171875,475.69049072265625
1762784639.04612,person,0.3289072811603546,2.86376953125,0.684478759765625,637.5809326171875,478.0204162597656
1762784639.096977,person,0.3289072811603546,2.86376953125,0.684478759765625,637.5809326171875,478.0204162597656
1762784639.2013652,cat,0.3258376121520996,13.173736572265625,0.0974273681640625,322.84429931640625,246.17276000976562
1762784639.2013652,person,0.2525555193424225,2.9271240234375,0.433502197265625,637.7453002929688,479.1402282714844
1762784639.2505813,person,0.4394456446170807,4.58880615234375,0.24395751953125,637.16162109375,477.18975830078125
1762784639.2964547,person,0.5572077035903931,4.34051513671875,0.13909912109375,634.3941040039062,477.46142578125
1762784639.342197,person,0.5572077035903931,4.34051513671875,0.13909912109375,634.3941040039062,477.46142578125
1762784639.3899364,person,0.6871258616447449,0.0,0.418670654296875,633.792724609375,477.7161865234375
1762784639.4377537,person,0.6639136672019958,2.27325439453125,0.63671875,633.7921142578125,477.5278015136719
1762784639.4983652,cat,0.5105217695236206,86.17074584960938,0.57183837890625,382.8907470703125,272.49188232421875
1762784639.5457025,person,0.5049563646316528,0.4632568359375,0.62298583984375,638.7937622070312,479.379150390625
1762784639.590474,person,0.32185858488082886,1.99267578125,0.69366455078125,613.8287353515625,478.6920471191406
1762784639.6388803,person,0.2898625433444977,1.76080322265625,0.0,628.628173828125,477.69757080078125
1762784639.6845288,person,0.2898625433444977,1.76080322265625,0.0,628.628173828125,477.69757080078125
1762784639.906688,person,0.5483849048614502,9.73077392578125,0.178466796875,632.3357543945312,480.0
1762784639.9551263,person,0.650290310382843,8.12701416015625,0.821197509765625,635.0897827148438,480.0
1762784640.0136955,person,0.650290310382843,8.12701416015625,0.821197509765625,635.0897827148438,480.0
1762784640.068821,person,0.551595151424408,23.51605224609375,0.713470458984375,636.77734375,478.9647521972656
1762784640.1233292,person,0.6087726354598999,9.3360595703125,0.37811279296875,638.10205078125,480.0
1762784640.2320645,person,0.2757141590118408,11.589599609375,0.499725341796875,635.0084228515625,461.9295959472656
1762784640.2785125,person,0.5673378705978394,12.886962890625,0.765380859375,636.421630859375,474.07977294921875
1762784640.3254204,person,0.5673378705978394,12.886962890625,0.765380859375,636.421630859375,474.07977294921875
1762784640.3744926,person,0.49777454137802124,11.2613525390625,0.76416015625,636.45068359375,477.4392395019531
1762784640.4331264,person,0.26283085346221924,171.3133544921875,2.386016845703125,637.6927490234375,477.16131591796875
1762784640.4839199,person,0.2596878409385681,2.47039794921875,0.198486328125,636.06982421875,477.9325256347656
1762784640.5445843,person,0.41879627108573914,2.649169921875,0.235626220703125,638.9542236328125,480.0
1762784640.5934215,person,0.41879627108573914,2.649169921875,0.235626220703125,638.9542236328125,480.0
1762784640.6373496,person,0.6480236053466797,58.46759033203125,2.298248291015625,635.7132568359375,478.4241943359375
1762784640.6373496,bed,0.45948731899261475,2.24127197265625,0.5950927734375,636.8372192382812,476.2232971191406
1762784640.691666,person,0.7738415002822876,9.868408203125,5.283416748046875,636.1517333984375,478.68115234375
1762784640.7509081,person,0.7003468871116638,6.8643798828125,10.159271240234375,638.2784423828125,477.8227844238281
1762784640.7509081,bed,0.48559775948524475,1.46435546875,0.3948974609375,636.7401123046875,475.5257873535156
1762784640.8169856,person,0.7003468871116638,6.8643798828125,10.159271240234375,638.2784423828125,477.8227844238281
1762784640.8169856,bed,0.48559775948524475,1.46435546875,0.3948974609375,636.7401123046875,475.5257873535156
1762784640.8834789,person,0.6946629285812378,8.36572265625,11.35406494140625,638.191650390625,478.74200439453125
1762784640.8834789,bed,0.39689916372299194,1.41552734375,0.486480712890625,635.983642578125,474.0337829589844
1762784640.9415154,person,0.6630929112434387,19.97869873046875,6.1585693359375,637.7459716796875,478.6449890136719
1762784640.9415154,bed,0.46078264713287354,1.729248046875,0.496795654296875,635.9862060546875,473.4527282714844
1762784641.0033302,person,0.6011244654655457,80.5335693359375,4.110015869140625,637.8526000976562,478.07562255859375
1762784641.0033302,bed,0.4687040448188782,1.5523681640625,0.505615234375,636.5269775390625,476.9349365234375
1762784641.0501783,person,0.6297274231910706,6.500244140625,2.23077392578125,637.9462890625,477.8970947265625
1762784641.0501783,bed,0.43807366490364075,1.2777099609375,0.35906982421875,636.5267333984375,476.1717834472656
1762784641.11362,person,0.688278079032898,26.18927001953125,2.555023193359375,637.5387573242188,478.5623779296875
1762784641.11362,bed,0.47306808829307556,1.3441162109375,0.411102294921875,636.772705078125,477.2990417480469
1762784641.1719825,person,0.6198431849479675,11.43524169921875,2.800567626953125,636.2182006835938,478.341796875
1762784641.1719825,bed,0.5535914897918701,1.6483154296875,0.491973876953125,636.8817138671875,478.6366882324219
1762784641.2207866,person,0.6415918469429016,60.4534912109375,3.4210205078125,637.5621337890625,478.4295654296875
1762784641.2207866,bed,0.5787348747253418,1.64788818359375,0.468475341796875,638.2000122070312,478.828125
1762784641.2760732,person,0.6415918469429016,60.4534912109375,3.4210205078125,637.5621337890625,478.4295654296875
1762784641.2760732,bed,0.5787348747253418,1.64788818359375,0.468475341796875,638.2000122070312,478.828125
1762784641.325838,person,0.6507792472839355,7.840576171875,3.737579345703125,636.706298828125,477.9993896484375
1762784641.325838,bed,0.5141142010688782,1.836669921875,0.4705810546875,637.4482421875,477.785400390625
1762784641.3748276,person,0.5831937789916992,33.77960205078125,4.321075439453125,637.8142700195312,478.5235595703125
1762784641.3748276,bed,0.4929896295070648,1.69342041015625,0.52008056640625,637.487060546875,478.1907043457031
1762784641.4239545,person,0.5831937789916992,33.77960205078125,4.321075439453125,637.8142700195312,478.5235595703125
1762784641.4239545,bed,0.4929896295070648,1.69342041015625,0.52008056640625,637.487060546875,478.1907043457031
1762784641.4863682,person,0.6108539700508118,30.843017578125,6.50372314453125,637.1124267578125,478.6234130859375
1762784641.4863682,bed,0.4488440454006195,1.4849853515625,0.460357666015625,636.90185546875,473.72491455078125
1762784641.5457819,person,0.6365294456481934,28.8974609375,7.80218505859375,638.2362060546875,478.74578857421875
1762784641.5457819,bed,0.40221112966537476,1.2274169921875,0.458984375,637.5445556640625,477.15203857421875
1762784641.5955272,person,0.594513475894928,43.742431640625,4.517181396484375,637.600341796875,478.3643493652344
1762784641.5955272,bed,0.3454331159591675,1.4322509765625,0.432830810546875,637.07275390625,475.3199157714844
1762784641.6578276,person,0.6162031888961792,19.47991943359375,4.2027587890625,638.1201171875,478.278564453125
1762784641.6578276,bed,0.4650335907936096,1.39459228515625,0.426177978515625,637.868896484375,474.98321533203125
1762784641.7056558,person,0.6446141600608826,4.90234375,2.8365478515625,638.2332763671875,478.5830078125
1762784641.7056558,bed,0.5295444130897522,0.79351806640625,0.527191162109375,632.12109375,474.7195129394531
1762784641.7673447,person,0.6446141600608826,4.90234375,2.8365478515625,638.2332763671875,478.5830078125
1762784641.7673447,bed,0.5295444130897522,0.79351806640625,0.527191162109375,632.12109375,474.7195129394531
1762784641.8251274,person,0.7582398056983948,5.325927734375,1.553466796875,639.4390869140625,477.9353332519531
1762784641.8251274,bed,0.48660150170326233,0.685791015625,0.409637451171875,631.9246826171875,474.8454284667969
1762784641.8734407,person,0.7435958385467529,2.93890380859375,3.11126708984375,636.90869140625,480.0
1762784641.8734407,bed,0.5285621881484985,0.4742431640625,0.35064697265625,632.0595703125,472.91583251953125
1762784641.9229422,person,0.675864040851593,129.97955322265625,2.040435791015625,638.65576171875,477.625244140625
1762784641.9229422,bed,0.4829873740673065,1.41387939453125,0.53741455078125,635.5787353515625,478.17291259765625
1762784641.9826338,person,0.6905386447906494,135.29786682128906,2.57550048828125,638.8092041015625,478.0770568847656
1762784641.9826338,bed,0.4521872103214264,0.61328125,0.636566162109375,634.0272216796875,478.8203430175781
1762784642.03373,person,0.6906564235687256,24.8323974609375,3.81268310546875,635.822265625,479.13885498046875
1762784642.03373,bed,0.4509102404117584,0.44171142578125,0.630859375,635.2549438476562,478.05816650390625
1762784642.0921936,person,0.6799649596214294,14.25244140625,4.84246826171875,634.903076171875,480.0
1762784642.0921936,bed,0.3756617605686188,1.260498046875,0.552490234375,635.0701904296875,477.2030029296875
1762784642.146107,person,0.7283048629760742,10.707763671875,8.330352783203125,634.7589111328125,479.2333984375
1762784642.146107,bed,0.41248324513435364,0.9127197265625,0.7283935546875,635.374755859375,475.66741943359375
1762784642.2019193,person,0.7341335415840149,23.59033203125,9.956695556640625,635.3787841796875,479.12945556640625
1762784642.2019193,bed,0.2825068235397339,1.87646484375,0.447479248046875,628.1668701171875,475.32781982421875
1762784642.2483702,person,0.7341335415840149,23.59033203125,9.956695556640625,635.3787841796875,479.12945556640625
1762784642.2483702,bed,0.2825068235397339,1.87646484375,0.447479248046875,628.1668701171875,475.32781982421875
1762784642.2940478,person,0.6912354826927185,19.3026123046875,10.30426025390625,635.78076171875,478.6859130859375
1762784642.344006,person,0.7797755599021912,82.5438232421875,3.991546630859375,636.504150390625,478.9331970214844
1762784642.4011548,person,0.6676726937294006,37.2286376953125,5.544586181640625,636.6475830078125,478.5532531738281
1762784642.4517767,person,0.6342150568962097,8.87115478515625,2.738433837890625,636.87646484375,478.51959228515625
1762784642.4517767,bed,0.27702203392982483,0.28875732421875,0.958343505859375,626.5951538085938,471.9756774902344
1762784642.499396,bed,0.2974076569080353,2.36358642578125,1.154083251953125,633.9633178710938,477.0350036621094
1762784642.5466383,bed,0.2974076569080353,2.36358642578125,1.154083251953125,633.9633178710938,477.0350036621094
1762784642.5907753,bed,0.5533077716827393,0.48162841796875,0.48699951171875,631.9592895507812,480.0
1762784642.5907753,dog,0.3323536515235901,237.75697326660156,1.6219482421875,638.669189453125,472.8485412597656
1762784642.5907753,person,0.2535647451877594,4.54931640625,0.0,637.699951171875,478.07757568359375
1762784642.6379256,bed,0.5533077716827393,0.48162841796875,0.48699951171875,631.9592895507812,480.0
1762784642.6379256,dog,0.3323536515235901,237.75697326660156,1.6219482421875,638.669189453125,472.8485412597656
1762784642.6379256,person,0.2535647451877594,4.54931640625,0.0,637.699951171875,478.07757568359375
1762784642.7338285,person,0.2547477185726166,20.7056884765625,2.019927978515625,638.0311889648438,477.5556945800781
1762784642.7798464,person,0.49433791637420654,12.621826171875,1.609100341796875,625.6834716796875,478.93194580078125
1762784642.8730261,cat,0.2820073366165161,25.22662353515625,3.491973876953125,627.1041870117188,478.4319152832031
1762784643.0930722,person,0.32186493277549744,138.440673828125,0.327850341796875,638.4391479492188,471.5169677734375
1762784643.1390615,person,0.32186493277549744,138.440673828125,0.327850341796875,638.4391479492188,471.5169677734375
1762784643.4466007,cat,0.48733338713645935,3.1771240234375,0.081329345703125,636.85888671875,477.13818359375
1762784643.4952676,cat,0.570586621761322,1.4837646484375,0.0,635.8568725585938,479.1020812988281
1762784643.7478917,bird,0.34602710604667664,1.79180908203125,1.25567626953125,516.0335083007812,476.6162109375
1762784643.9039013,bird,0.4336964190006256,3.8399658203125,0.95947265625,604.0440063476562,478.61798095703125
1762784643.9495332,vase,0.4193607568740845,0.253021240234375,8.06854248046875,235.30596923828125,418.100341796875
1762784644.4699974,person,0.2849443852901459,0.5977783203125,1.66241455078125,183.72042846679688,472.64410400390625
1762784645.3539174,cat,0.3046306371688843,162.03125,119.7642593383789,390.6448974609375,365.3387145996094
1762784645.3539174,bed,0.25147736072540283,9.386962890625,11.39251708984375,638.3466796875,480.0
1762784645.4066768,bed,0.3258483111858368,17.9228515625,0.139892578125,639.807373046875,479.51904296875
1762784645.4640298,person,0.2773962616920471,28.463623046875,0.234710693359375,578.056640625,473.0982360839844
1762784645.5121565,person,0.2773962616920471,28.463623046875,0.234710693359375,578.056640625,473.0982360839844
1762784645.6218698,person,0.7943552732467651,223.07557678222656,49.04840087890625,639.5185546875,479.2816162109375
1762784645.6874049,person,0.5409127473831177,219.48760986328125,1.816864013671875,631.7731323242188,478.88885498046875
1762784645.6874049,bottle,0.26848873496055603,394.04644775390625,0.30206298828125,610.367919921875,265.5987548828125
1762784645.744146,person,0.32047349214553833,246.5965576171875,2.3385009765625,635.6909790039062,477.249755859375
1762784645.744146,bottle,0.2630658447742462,382.37347412109375,0.360198974609375,593.0492553710938,233.82693481445312
1762784645.7951586,person,0.5929977893829346,167.17169189453125,0.0,634.7474365234375,479.50732421875
1762784645.8574643,person,0.5929977893829346,167.17169189453125,0.0,634.7474365234375,479.50732421875
1762784645.918881,person,0.7960149049758911,139.48048400878906,0.0,637.9776611328125,479.2005310058594
1762784645.9781997,person,0.8631202578544617,130.6588134765625,0.439178466796875,639.015625,478.46875
1762784646.0358582,person,0.8631202578544617,130.6588134765625,0.439178466796875,639.015625,478.46875
1762784646.10227,person,0.8605733513832092,122.61346435546875,1.30474853515625,638.927978515625,478.8343505859375
1762784646.1579018,person,0.8744345307350159,121.90594482421875,0.0,639.8701171875,478.84423828125
1762784646.2235296,person,0.8278676867485046,78.94293212890625,3.32177734375,640.0,478.29583740234375
1762784646.282687,person,0.49601271748542786,20.558349609375,5.64410400390625,637.41845703125,479.34844970703125
1762784646.3459685,person,0.8650264739990234,17.9107666015625,4.361114501953125,630.3857421875,479.42578125
1762784646.4081905,person,0.4998583495616913,24.99407958984375,0.13458251953125,634.8006591796875,477.0501708984375
1762784646.4649153,bottle,0.3304069936275482,212.21334838867188,0.2512359619140625,439.3123474121094,180.4347381591797
1762784646.5131853,person,0.28650426864624023,122.42620849609375,7.157958984375,612.594482421875,476.8009338378906
1762784646.5723197,person,0.2819362282752991,200.353759765625,0.517120361328125,637.8436279296875,479.5710144042969
1762784646.6248307,person,0.4536679983139038,173.141357421875,0.0,639.7333374023438,477.2483215332031
1762784646.6905565,person,0.37928903102874756,0.2079010009765625,365.43280029296875,88.68680572509766,479.88751220703125
1762784646.6905565,person,0.2768476903438568,254.57659912109375,0.384246826171875,639.716064453125,476.12554931640625
1762784646.7502134,person,0.37928903102874756,0.2079010009765625,365.43280029296875,88.68680572509766,479.88751220703125
1762784646.7502134,person,0.2768476903438568,254.57659912109375,0.384246826171875,639.716064453125,476.12554931640625
1762784646.8663483,toilet,0.35077375173568726,202.79315185546875,3.068603515625,638.81787109375,479.07110595703125
1762784646.8663483,person,0.3139464557170868,0.06383514404296875,423.38348388671875,80.78083801269531,479.80523681640625
1762784646.8663483,suitcase,0.27216532826423645,204.56573486328125,18.112274169921875,638.7203369140625,477.2342529296875
1762784646.9219065,toilet,0.35077375173568726,202.79315185546875,3.068603515625,638.81787109375,479.07110595703125
1762784646.9219065,person,0.3139464557170868,0.06383514404296875,423.38348388671875,80.78083801269531,479.80523681640625
1762784646.9219065,suitcase,0.27216532826423645,204.56573486328125,18.112274169921875,638.7203369140625,477.2342529296875
1762784646.9751465,cake,0.25154808163642883,184.4617919921875,60.204559326171875,606.8870849609375,333.7093505859375
1762784647.0298262,cake,0.25154808163642883,184.4617919921875,60.204559326171875,606.8870849609375,333.7093505859375
1762784647.0882847,person,0.5682821869850159,120.95611572265625,2.3427734375,638.7575073242188,474.6943664550781
1762784647.5119302,person,0.5389859676361084,1.366455078125,0.0,631.984619140625,479.4548645019531
1762784647.5722663,person,0.495863676071167,0.0,0.233184814453125,632.6435546875,479.38861083984375
1762784647.6221452,person,0.47176966071128845,0.032470703125,0.585723876953125,632.58056640625,478.7544250488281
1762784647.6221452,bed,0.27004432678222656,1.0096435546875,1.270416259765625,635.582275390625,478.4731140136719
1762784647.680795,person,0.3583008348941803,3.85711669921875,1.313232421875,638.4585571289062,479.0556640625
1762784647.680795,person,0.32647940516471863,450.10552978515625,12.20550537109375,639.2714233398438,477.0955505371094
1762784647.680795,bed,0.31455206871032715,4.1170654296875,1.272064208984375,638.5625,479.0509033203125
1762784647.7289674,person,0.3583008348941803,3.85711669921875,1.313232421875,638.4585571289062,479.0556640625
1762784647.7289674,person,0.32647940516471863,450.10552978515625,12.20550537109375,639.2714233398438,477.0955505371094
1762784647.7289674,bed,0.31455206871032715,4.1170654296875,1.272064208984375,638.5625,479.0509033203125
1762784647.7902925,person,0.4889897406101227,14.8428955078125,2.08734130859375,637.6731567382812,479.8877258300781
1762784647.837756,person,0.4889897406101227,14.8428955078125,2.08734130859375,637.6731567382812,479.8877258300781
1762784647.8850834,person,0.5969367623329163,62.4854736328125,13.466705322265625,639.123291015625,478.3602294921875
1762784647.8850834,person,0.26594388484954834,45.033203125,97.46636962890625,316.94989013671875,478.687744140625
1762784647.9350631,person,0.752044677734375,10.31561279296875,21.322998046875,639.35302734375,480.0
1762784647.9350631,bed,0.544741690158844,3.09912109375,0.2724609375,636.1723022460938,479.4325256347656
1762784647.98392,bed,0.6673028469085693,2.5845947265625,0.356292724609375,637.4266357421875,479.9789123535156
1762784647.98392,person,0.3226407468318939,16.17578125,21.383056640625,637.7686767578125,479.98785400390625
1762784648.0409477,bed,0.6673028469085693,2.5845947265625,0.356292724609375,637.4266357421875,479.9789123535156
1762784648.0409477,person,0.3226407468318939,16.17578125,21.383056640625,637.7686767578125,479.98785400390625
1762784648.0918016,cat,0.43766289949417114,1.67919921875,38.170074462890625,635.29931640625,479.0644836425781
1762784648.0918016,person,0.3226475119590759,2.60406494140625,31.271270751953125,637.3699340820312,479.3101501464844
1762784648.1531885,person,0.6002991795539856,6.3623046875,21.6796875,636.397705078125,479.26806640625
1762784648.215302,person,0.6503164172172546,1.045654296875,6.671417236328125,636.8377685546875,478.36480712890625
1762784648.2746842,person,0.4010029137134552,22.1385498046875,0.0,638.802978515625,478.9458312988281
1762784648.323685,person,0.5392574071884155,16.89306640625,1.617156982421875,639.3721923828125,476.2864685058594
1762784648.3735757,person,0.5392574071884155,16.89306640625,1.617156982421875,639.3721923828125,476.2864685058594
1762784648.4305284,vase,0.778009295463562,29.7982177734375,0.78021240234375,566.0740966796875,479.0406494140625
1762784648.4305284,person,0.4274451732635498,21.03033447265625,0.233428955078125,639.142578125,480.0
1762784648.4835107,vase,0.778009295463562,29.7982177734375,0.78021240234375,566.0740966796875,479.0406494140625
1762784648.4835107,person,0.4274451732635498,21.03033447265625,0.233428955078125,639.142578125,480.0
1762784648.5402792,vase,0.74123615026474,84.6395263671875,1.34814453125,526.6414184570312,460.15106201171875
1762784648.5402792,person,0.30636051297187805,29.84710693359375,0.0,638.1571655273438,478.41619873046875
1762784648.5402792,toothbrush,0.3009710907936096,0.710723876953125,0.696868896484375,160.71478271484375,467.0966491699219
1762784648.5836637,vase,0.5673045516014099,106.825439453125,0.1273193359375,538.9685668945312,418.02008056640625
1762784648.5836637,toothbrush,0.5524623990058899,0.5625152587890625,0.0,158.89466857910156,476.4160461425781
1762784648.634457,vase,0.5673045516014099,106.825439453125,0.1273193359375,538.9685668945312,418.02008056640625
1762784648.634457,toothbrush,0.5524623990058899,0.5625152587890625,0.0,158.89466857910156,476.4160461425781
1762784648.6823144,vase,0.2894422709941864,116.3140869140625,0.0,604.2459716796875,328.518798828125
1762784648.7437131,apple,0.26345551013946533,136.7034912109375,0.7064208984375,619.3424072265625,302.9633483886719
1762784648.7920244,apple,0.26345551013946533,136.7034912109375,0.7064208984375,619.3424072265625,302.9633483886719
1762784648.9025552,banana,0.5552772283554077,125.31317138671875,1.048858642578125,639.18359375,282.1546630859375
1762784648.9025552,remote,0.2690841853618622,0.633453369140625,0.179443359375,129.929443359375,344.99346923828125
1762784648.9640877,banana,0.5589297413825989,127.41297912597656,1.68280029296875,627.164306640625,265.7228698730469
1762784649.024115,banana,0.6525694727897644,126.56396484375,0.82916259765625,636.112548828125,261.11346435546875
1762784649.0737453,banana,0.8902642130851746,134.047119140625,0.5384521484375,629.24951171875,262.85601806640625
1762784649.1269145,banana,0.6446561813354492,156.51434326171875,0.27734375,633.5372314453125,267.7864990234375
1762784649.503097,remote,0.32789257168769836,179.6829376220703,0.5546875,420.63348388671875,339.76177978515625
1762784649.5657015,remote,0.32789257168769836,179.6829376220703,0.5546875,420.63348388671875,339.76177978515625
1762784649.7520442,remote,0.3205292820930481,168.08779907226562,1.24639892578125,420.6393737792969,360.60028076171875
1762784649.814475,remote,0.4537743926048279,167.52645874023438,0.0,420.1930236816406,360.7880554199219
1762784649.8742623,remote,0.28880953788757324,164.7324676513672,0.0,427.38604736328125,367.68701171875
1762784649.9395354,remote,0.26401716470718384,166.06350708007812,0.0,417.5928039550781,370.6231689453125
1762784650.125266,remote,0.39569324254989624,171.0655517578125,0.0,421.14337158203125,400.8721618652344
1762784650.1834753,person,0.4645501971244812,0.51177978515625,0.66790771484375,191.17930603027344,460.5343017578125
1762784650.1834753,remote,0.3360440731048584,169.2063446044922,0.0,423.41058349609375,408.63421630859375
1762784650.2508461,person,0.4345991313457489,0.862518310546875,0.54815673828125,198.13485717773438,470.1319274902344
1762784650.312688,remote,0.4549681544303894,182.50999450683594,0.9903564453125,418.2938232421875,398.8077392578125
1762784650.312688,person,0.318358838558197,0.828277587890625,0.493560791015625,204.59683227539062,425.0045471191406
1762784650.3671074,remote,0.47106629610061646,184.34255981445312,1.266204833984375,418.4055480957031,394.7186279296875
1762784650.3671074,person,0.38644707202911377,0.83929443359375,0.58441162109375,218.701904296875,423.8302917480469
1762784650.4296687,toilet,0.2776466906070709,0.3151397705078125,0.241973876953125,240.658935546875,420.74749755859375
1762784650.489436,toilet,0.3489542603492737,0.13665771484375,0.116973876953125,243.37733459472656,391.5192565917969
1762784650.5385668,remote,0.3535436987876892,228.22352600097656,2.18719482421875,450.0733642578125,381.5560302734375
1762784650.598395,remote,0.3535436987876892,228.22352600097656,2.18719482421875,450.0733642578125,381.5560302734375
1762784650.646997,remote,0.5092699527740479,230.96942138671875,1.5850830078125,453.98114013671875,385.19384765625
1762784650.646997,person,0.35868021845817566,0.083099365234375,0.319915771484375,266.8330993652344,477.3537292480469
1762784650.646997,cell phone,0.2586674392223358,230.53228759765625,0.061798095703125,451.49346923828125,389.6471862792969
1762784650.706837,remote,0.510147213935852,233.33511352539062,1.98175048828125,452.9047546386719,384.07476806640625
1762784650.7572916,remote,0.28167563676834106,234.15440368652344,2.024932861328125,451.1748046875,380.28021240234375
1762784650.7572916,person,0.2608678936958313,0.347869873046875,0.880584716796875,267.05767822265625,472.5395202636719
1762784650.802538,remote,0.2525602877140045,234.68511962890625,3.10791015625,449.05853271484375,373.8685302734375
1762784650.8511598,person,0.30027735233306885,0.20654296875,2.073394775390625,268.6434020996094,478.0287170410156
1762784650.912665,person,0.30027735233306885,0.20654296875,2.073394775390625,268.6434020996094,478.0287170410156
1762784650.957924,person,0.47935745120048523,0.40673828125,0.673675537109375,282.91650390625,474.5367431640625
1762784651.0053325,person,0.4129350483417511,0.39105224609375,0.4595947265625,279.62786865234375,478.28375244140625
1762784651.0584202,person,0.4327186644077301,0.3128662109375,0.722015380859375,276.9749755859375,477.8236389160156
1762784651.1161478,person,0.5627694129943848,0.695556640625,0.583526611328125,297.6007080078125,475.5647277832031
1762784651.1161478,remote,0.334284245967865,260.2747802734375,0.0,458.88055419921875,361.982666015625
1762784651.1645503,person,0.4305421710014343,1.25323486328125,0.448760986328125,302.738525390625,475.44940185546875
1762784651.1645503,remote,0.33987221121788025,260.88427734375,3.718597412109375,463.254638671875,363.86724853515625
1762784651.2305446,person,0.4305421710014343,1.25323486328125,0.448760986328125,302.738525390625,475.44940185546875
1762784651.2305446,remote,0.33987221121788025,260.88427734375,3.718597412109375,463.254638671875,363.86724853515625
1762784651.2943075,person,0.3492147624492645,6.018646240234375,0.244476318359375,317.0575866699219,474.4912414550781
1762784651.353718,person,0.3492147624492645,6.018646240234375,0.244476318359375,317.0575866699219,474.4912414550781
1762784651.416545,person,0.5050879120826721,1.58203125,0.5526123046875,304.04022216796875,479.48193359375
1762784651.4743266,person,0.511321485042572,1.17919921875,1.73284912109375,474.7835388183594,478.726806640625
1762784651.4743266,potted plant,0.2772238552570343,445.46490478515625,393.20013427734375,550.8826904296875,479.84442138671875
1762784651.5222178,person,0.6168680191040039,0.688751220703125,0.45037841796875,322.94940185546875,477.8468017578125
1762784651.5222178,remote,0.42266663908958435,297.28961181640625,2.23883056640625,499.14715576171875,302.9833679199219
1762784651.5222178,potted plant,0.31016218662261963,446.17242431640625,391.7396240234375,549.5802612304688,479.7900390625
1762784651.5675573,person,0.6168680191040039,0.688751220703125,0.45037841796875,322.94940185546875,477.8468017578125
1762784651.5675573,remote,0.42266663908958435,297.28961181640625,2.23883056640625,499.14715576171875,302.9833679199219
1762784651.5675573,potted plant,0.31016218662261963,446.17242431640625,391.7396240234375,549.5802612304688,479.7900390625
1762784651.6173007,person,0.5353943109512329,1.132171630859375,0.43017578125,329.99359130859375,473.4952392578125
1762784651.6173007,remote,0.3946008086204529,297.60015869140625,2.5584716796875,497.50201416015625,306.17742919921875
1762784651.6795526,person,0.5754308700561523,0.64483642578125,0.351837158203125,330.0609130859375,475.76007080078125
1762784651.6795526,remote,0.25302958488464355,297.9483642578125,0.3309326171875,495.18408203125,308.84234619140625
1762784651.7347891,person,0.5825080275535583,1.103759765625,0.47906494140625,333.07513427734375,476.81689453125
1762784651.7848341,person,0.6117414236068726,1.1099853515625,0.502197265625,334.2369384765625,477.07318115234375
1762784651.834481,person,0.4882364869117737,9.437255859375,1.08673095703125,627.309814453125,479.2840881347656
1762784651.834481,fork,0.36312246322631836,443.65924072265625,425.1856689453125,523.1071166992188,479.658203125
1762784651.8749442,person,0.4882364869117737,9.437255859375,1.08673095703125,627.309814453125,479.2840881347656
1762784651.8749442,fork,0.36312246322631836,443.65924072265625,425.1856689453125,523.1071166992188,479.658203125
1762784651.9311314,person,0.6090990304946899,0.68280029296875,0.389312744140625,347.14691162109375,474.6011657714844
1762784651.9311314,remote,0.5929551124572754,287.3818359375,2.555023193359375,477.69134521484375,349.4801330566406
1762784651.9311314,cell phone,0.2624521851539612,287.186767578125,1.2958984375,477.9124755859375,351.56402587890625
1762784651.988125,remote,0.6391721963882446,289.9494323730469,2.854248046875,476.4369812011719,349.9527587890625
1762784651.988125,person,0.4216242730617523,0.76495361328125,0.51153564453125,330.8585205078125,475.98284912109375
1762784652.036621,person,0.4927768409252167,0.7471923828125,0.45147705078125,346.5626525878906,478.1368103027344
1762784652.036621,remote,0.4905679523944855,290.44732666015625,5.787017822265625,478.60345458984375,348.2464599609375
1762784652.036621,cell phone,0.32948124408721924,290.7091064453125,11.77642822265625,478.771240234375,349.6124267578125
1762784652.0945888,person,0.42654290795326233,0.7757568359375,0.12237548828125,335.3890380859375,476.65185546875
1762784652.1462436,person,0.42654290795326233,0.7757568359375,0.12237548828125,335.3890380859375,476.65185546875
1762784652.197726,person,0.5053832530975342,1.094970703125,0.340576171875,316.66290283203125,475.28021240234375
1762784652.2573497,person,0.5817919373512268,1.63525390625,0.0,590.90185546875,480.0
1762784652.2573497,remote,0.4408140182495117,263.7664794921875,5.477081298828125,458.0577392578125,357.5390625
1762784652.2573497,cell phone,0.3515729606151581,268.11065673828125,7.89263916015625,457.5665283203125,359.73907470703125
1762784652.3211768,person,0.4353906810283661,0.563873291015625,0.571075439453125,314.56689453125,477.7340087890625
1762784652.3786612,remote,0.6784588098526001,266.36517333984375,3.5869140625,461.84771728515625,350.77880859375
1762784652.3786612,person,0.3651084303855896,1.90631103515625,0.75616455078125,299.3709411621094,476.1025695800781
1762784652.3786612,cell phone,0.35777461528778076,268.17138671875,4.58648681640625,461.834228515625,352.55023193359375
1762784652.428086,remote,0.5802984237670898,266.36297607421875,1.512969970703125,463.88201904296875,351.9463806152344
1762784652.428086,person,0.3625487983226776,0.7618408203125,0.620330810546875,314.893310546875,477.9344177246094
1762784652.428086,cell phone,0.27244800329208374,267.4407958984375,2.577484130859375,457.673095703125,353.9183044433594
1762784652.4899926,remote,0.45714494585990906,265.08447265625,0.0,460.812255859375,353.2499694824219
1762784652.4899926,person,0.4451794922351837,2.4090576171875,1.582672119140625,579.462890625,478.71435546875
1762784652.5512068,person,0.43142756819725037,2.37408447265625,1.382110595703125,566.9014892578125,478.646240234375
1762784652.5512068,remote,0.34669846296310425,263.173095703125,3.56658935546875,458.61334228515625,352.3487243652344
1762784652.5996542,remote,0.40690791606903076,260.84881591796875,3.70794677734375,459.95574951171875,353.217529296875
1762784652.5996542,person,0.40292632579803467,0.3336181640625,0.122161865234375,578.156982421875,477.7345886230469
1762784652.663139,remote,0.5250230431556702,261.32928466796875,3.7998046875,458.00396728515625,356.6800842285156
1762784652.663139,cell phone,0.3110527992248535,261.34710693359375,1.01611328125,455.42462158203125,358.18792724609375
1762784652.723526,remote,0.5250230431556702,261.32928466796875,3.7998046875,458.00396728515625,356.6800842285156
1762784652.723526,cell phone,0.3110527992248535,261.34710693359375,1.01611328125,455.42462158203125,358.18792724609375
1762784652.7688901,person,0.4410219192504883,0.0665283203125,0.7640380859375,554.410400390625,477.7625732421875
1762784652.7688901,cell phone,0.31085205078125,258.71453857421875,1.53057861328125,454.24609375,360.57159423828125
1762784652.7688901,remote,0.2697557806968689,257.689208984375,2.099456787109375,453.911376953125,359.1661071777344
1762784652.8181198,cell phone,0.5398973226547241,258.0931701660156,2.49371337890625,451.2651062011719,358.9527587890625
1762784652.8181198,remote,0.40220457315444946,258.04827880859375,4.468505859375,451.092529296875,359.44989013671875
1762784652.8181198,person,0.3586960434913635,4.487396240234375,0.80126953125,288.8334045410156,471.9261474609375
1762784652.8748353,cell phone,0.6907491087913513,259.1854553222656,2.32745361328125,450.1166076660156,359.2240905761719
1762784652.8748353,person,0.337580144405365,2.2391357421875,1.424224853515625,524.98291015625,479.1473388671875
1762784652.9267561,cell phone,0.5393909215927124,260.0759582519531,3.599578857421875,452.5403747558594,358.0374450683594
1762784652.9267561,person,0.39000025391578674,1.103515625,2.050811767578125,285.81103515625,477.60772705078125
1762784652.9878263,cell phone,0.5393909215927124,260.0759582519531,3.599578857421875,452.5403747558594,358.0374450683594
1762784652.9878263,person,0.39000025391578674,1.103515625,2.050811767578125,285.81103515625,477.60772705078125
1762784653.0355175,remote,0.4260323643684387,266.142333984375,2.921112060546875,461.01202392578125,357.066650390625
1762784653.0355175,person,0.3369940519332886,1.5994873046875,0.308319091796875,611.9375,477.6723327636719
1762784653.0355175,cell phone,0.2615952491760254,267.20245361328125,3.05035400390625,456.67913818359375,357.8995361328125
1762784653.0975795,remote,0.5398698449134827,268.82830810546875,2.63287353515625,463.56427001953125,357.227294921875
1762784653.0975795,cell phone,0.33588677644729614,268.7449951171875,2.908172607421875,458.150634765625,357.3869934082031
1762784653.0975795,person,0.2796715199947357,2.237884521484375,0.754241943359375,298.0072326660156,473.40020751953125
1762784653.1613872,remote,0.3944949507713318,270.0338134765625,1.54681396484375,463.81787109375,358.8001708984375
1762784653.1613872,person,0.3611163794994354,0.2747802734375,0.3040771484375,605.59326171875,479.60003662109375
1762784653.1613872,cell phone,0.3211970627307892,272.5787048339844,3.1591796875,462.6454162597656,360.77484130859375
1762784653.219005,remote,0.3944949507713318,270.0338134765625,1.54681396484375,463.81787109375,358.8001708984375
1762784653.219005,person,0.3611163794994354,0.2747802734375,0.3040771484375,605.59326171875,479.60003662109375
1762784653.219005,cell phone,0.3211970627307892,272.5787048339844,3.1591796875,462.6454162597656,360.77484130859375
1762784653.2706409,person,0.5823408365249634,1.88714599609375,0.14471435546875,624.1439819335938,478.5142822265625
1762784653.3316774,person,0.6570103168487549,3.34356689453125,0.176239013671875,354.78497314453125,480.0
1762784653.3921084,person,0.6739396452903748,32.1719970703125,0.1182861328125,361.30419921875,479.74658203125
1762784653.4411232,person,0.7086702585220337,1.38055419921875,0.21307373046875,376.38116455078125,478.8946533203125
1762784653.5033557,person,0.6052771210670471,3.795654296875,0.054534912109375,613.0706787109375,479.99725341796875
1762784653.5505002,person,0.6132022738456726,22.420806884765625,0.0,408.08856201171875,477.465576171875
1762784653.6122904,person,0.5449687242507935,17.06854248046875,0.32025146484375,422.9307861328125,476.57989501953125
1762784653.6600716,person,0.5449687242507935,17.06854248046875,0.32025146484375,422.9307861328125,476.57989501953125
1762784653.7184715,person,0.5140062570571899,26.844970703125,0.367645263671875,434.2657775878906,476.4283447265625
1762784653.7696884,person,0.5118292570114136,80.14169311523438,0.0,443.6471252441406,477.3013916015625
1762784653.8213353,person,0.5118292570114136,80.14169311523438,0.0,443.6471252441406,477.3013916015625
1762784653.8777142,person,0.4726753830909729,88.185546875,0.0,596.67578125,479.2654113769531
1762784653.9258413,person,0.4016414284706116,108.9970703125,0.680877685546875,630.4844970703125,479.36480712890625
1762784653.9258413,cup,0.26807090640068054,243.0782470703125,0.1380767822265625,464.8231201171875,182.28672790527344
1762784654.3807585,bed,0.41423022747039795,17.8759765625,313.33905029296875,640.0,479.77166748046875
1762784654.4399533,carrot,0.2624936103820801,559.435546875,420.6670227050781,639.864990234375,479.6927795410156
1762784654.4848542,dog,0.41829371452331543,174.55101013183594,432.55706787109375,390.4183349609375,479.78619384765625
1762784654.4848542,bed,0.3831101655960083,9.87762451171875,299.0999755859375,639.5928344726562,479.65362548828125
1762784654.6739755,person,0.3942197561264038,128.45840454101562,390.3009033203125,364.0060729980469,479.69775390625
1762784654.7803063,toilet,0.7682366371154785,290.63641357421875,262.4471435546875,538.1168823242188,479.7513427734375
1762784654.7803063,cat,0.4778937101364136,0.0,71.72085571289062,567.2576904296875,478.3855895996094
1762784654.8283286,person,0.6596589088439941,1.704681396484375,161.03829956054688,292.2113037109375,479.5912780761719
1762784654.8283286,toilet,0.5859824419021606,282.1995849609375,243.9175262451172,533.7625122070312,479.57794189453125
1762784654.8283286,remote,0.3332114517688751,284.94000244140625,243.07484436035156,533.52392578125,479.9259033203125
1762784654.8283286,cat,0.3091452121734619,418.5796203613281,135.81137084960938,640.0,355.53955078125
1762784654.8283286,person,0.25983965396881104,0.4915771484375,35.143585205078125,636.7899169921875,478.2325744628906
1762784654.8741066,person,0.6596589088439941,1.704681396484375,161.03829956054688,292.2113037109375,479.5912780761719
1762784654.8741066,toilet,0.5859824419021606,282.1995849609375,243.9175262451172,533.7625122070312,479.57794189453125
1762784654.8741066,remote,0.3332114517688751,284.94000244140625,243.07484436035156,533.52392578125,479.9259033203125
1762784654.8741066,cat,0.3091452121734619,418.5796203613281,135.81137084960938,640.0,355.53955078125
1762784654.8741066,person,0.25983965396881104,0.4915771484375,35.143585205078125,636.7899169921875,478.2325744628906
1762784654.9222279,toilet,0.692824125289917,267.40362548828125,219.11911010742188,523.0143432617188,479.6800842285156
1762784654.9222279,person,0.5977590680122375,0.0050048828125,140.79742431640625,282.0498046875,479.42608642578125
1762784654.9222279,cat,0.3014726936817169,411.6297912597656,114.25597381591797,639.6822509765625,335.57501220703125
1762784654.9222279,person,0.2635948359966278,1.0426025390625,32.5870361328125,630.6488037109375,479.60205078125
1762784654.9722445,person,0.8709871768951416,0.29718017578125,99.8311767578125,271.822021484375,478.894775390625
1762784654.9722445,toilet,0.7113354206085205,251.71435546875,190.98678588867188,508.1793212890625,479.5507507324219
1762784654.9722445,person,0.6189683079719543,2.3065185546875,0.9288330078125,626.16357421875,479.66815185546875
1762784654.9722445,remote,0.57524573802948,253.13121032714844,191.47555541992188,510.1219482421875,479.6847229003906
1762784655.0347445,remote,0.8607608079910278,248.26516723632812,172.40371704101562,504.4232482910156,479.7390441894531
1762784655.0347445,bottle,0.2979307472705841,0.0,223.20700073242188,115.3182601928711,435.6498718261719
1762784655.0347445,person,0.2723187506198883,2.0333251953125,0.0,632.0087890625,480.0
1762784655.0947251,remote,0.6898234486579895,249.26914978027344,166.92913818359375,503.244140625,479.68719482421875
1762784655.0947251,person,0.37928125262260437,0.113494873046875,57.64018249511719,264.2155456542969,479.90179443359375
1762784655.143582,person,0.8306758403778076,0.09051513671875,60.05859375,261.0609130859375,479.37713623046875
1762784655.143582,remote,0.7499096393585205,242.7520751953125,168.66751098632812,499.137451171875,479.2145690917969
1762784655.143582,bottle,0.38790541887283325,46.5264892578125,252.75341796875,120.13516235351562,387.93914794921875
1762784655.143582,person,0.31869950890541077,0.0,44.92326354980469,575.0233154296875,479.41973876953125
1762784655.1951547,remote,0.8069018125534058,239.29830932617188,159.4454803466797,497.5993957519531,479.81292724609375
1762784655.1951547,person,0.32136380672454834,0.0,40.62226867675781,598.8745727539062,479.30584716796875
1762784655.2514763,remote,0.8159652948379517,238.4200439453125,158.77447509765625,496.447265625,479.94500732421875
1762784655.2514763,person,0.35947611927986145,0.16595458984375,52.5267333984375,575.7470092773438,479.33148193359375
1762784655.2514763,person,0.34784644842147827,0.180572509765625,49.30387878417969,256.7969665527344,479.65289306640625
1762784655.3005278,remote,0.8579201102256775,237.46722412109375,155.93460083007812,496.56707763671875,479.6202697753906
1762784655.3005278,person,0.5771853923797607,0.1741943359375,47.30735778808594,256.36669921875,479.285400390625
1762784655.3005278,toilet,0.4459676742553711,234.32296752929688,154.9766387939453,496.4783020019531,480.0
1762784655.3005278,person,0.3190547823905945,1.2225341796875,43.98930358886719,595.1378784179688,479.63323974609375
1762784655.3527973,remote,0.8579201102256775,237.46722412109375,155.93460083007812,496.56707763671875,479.6202697753906
1762784655.3527973,person,0.5771853923797607,0.1741943359375,47.30735778808594,256.36669921875,479.285400390625
1762784655.3527973,toilet,0.4459676742553711,234.32296752929688,154.9766387939453,496.4783020019531,480.0
1762784655.3527973,person,0.3190547823905945,1.2225341796875,43.98930358886719,595.1378784179688,479.63323974609375
1762784655.4113634,remote,0.8774459362030029,234.92926025390625,151.69781494140625,496.06475830078125,479.7996826171875
1762784655.4113634,person,0.4546333849430084,0.28363037109375,46.06297302246094,255.7708740234375,479.2060546875
1762784655.4737747,remote,0.8774459362030029,234.92926025390625,151.69781494140625,496.06475830078125,479.7996826171875
1762784655.4737747,person,0.4546333849430084,0.28363037109375,46.06297302246094,255.7708740234375,479.2060546875
1762784655.534552,cell phone,0.483470618724823,230.51583862304688,103.83074951171875,493.3415222167969,479.9945068359375
1762784655.534552,remote,0.48128819465637207,230.5008544921875,102.84782409667969,492.90411376953125,479.38714599609375
1762784655.534552,toilet,0.35210877656936646,227.05209350585938,101.01493835449219,492.3976745605469,478.86004638671875
1762784655.5823317,toilet,0.48319464921951294,225.48928833007812,74.31405639648438,491.4013366699219,478.7465515136719
1762784655.5823317,person,0.45409196615219116,0.138427734375,1.522918701171875,248.12806701660156,479.3117370605469
1762784655.5823317,cell phone,0.4357416331768036,229.67440795898438,77.01809692382812,492.2739562988281,479.2117004394531
1762784655.5823317,remote,0.4010815918445587,228.25634765625,76.0001220703125,491.482666015625,479.3739013671875
1762784655.6454663,cell phone,0.5831692218780518,225.85159301757812,49.664215087890625,489.2580261230469,471.6958312988281
1762784655.6454663,person,0.5541580319404602,0.1613616943359375,0.99493408203125,252.64404296875,478.81048583984375
1762784655.6454663,person,0.5023896098136902,430.6258544921875,0.0,639.593505859375,478.2265625
1762784655.6454663,toilet,0.4363730549812317,223.27877807617188,46.325927734375,489.1979064941406,477.34649658203125
1762784655.7069423,cell phone,0.7700704336166382,223.83963012695312,5.0079345703125,486.9206848144531,410.72320556640625
1762784655.7069423,person,0.4836491346359253,162.81175231933594,0.602874755859375,638.719482421875,479.78582763671875
1762784655.7069423,person,0.442464679479599,0.4269561767578125,5.59295654296875,249.56654357910156,479.2376708984375
1762784655.7069423,remote,0.39675813913345337,221.46099853515625,0.49627685546875,485.4029541015625,470.84710693359375
1762784655.7684283,remote,0.7453739047050476,220.35064697265625,0.0,484.32781982421875,394.3559265136719
1762784655.7684283,person,0.7134486436843872,0.186431884765625,27.919952392578125,236.53817749023438,479.48858642578125
1762784655.7684283,cell phone,0.6991904377937317,220.72576904296875,1.7666015625,484.9281005859375,394.06060791015625
1762784655.7684283,person,0.3748040497303009,2.49969482421875,1.921051025390625,576.3289184570312,479.102294921875
1762784655.7684283,wine glass,0.33081796765327454,0.03304290771484375,41.16557312011719,55.86257553100586,179.22889709472656
1762784655.8285925,remote,0.7453739047050476,220.35064697265625,0.0,484.32781982421875,394.3559265136719
1762784655.8285925,person,0.7134486436843872,0.186431884765625,27.919952392578125,236.53817749023438,479.48858642578125
1762784655.8285925,cell phone,0.6991904377937317,220.72576904296875,1.7666015625,484.9281005859375,394.06060791015625
1762784655.8285925,person,0.3748040497303009,2.49969482421875,1.921051025390625,576.3289184570312,479.102294921875
1762784655.8285925,wine glass,0.33081796765327454,0.03304290771484375,41.16557312011719,55.86257553100586,179.22889709472656
1762784655.8762019,remote,0.7016823887825012,218.50563049316406,0.21636962890625,482.3055419921875,378.648193359375
1762784655.8762019,cell phone,0.6599025726318359,218.90664672851562,1.369842529296875,483.7543029785156,375.8887939453125
1762784655.8762019,person,0.46660473942756653,3.26708984375,3.2958984375,587.497314453125,478.69268798828125
1762784655.8762019,person,0.45385634899139404,0.319061279296875,1.79541015625,235.95687866210938,478.07684326171875
1762784655.9371598,person,0.7470676898956299,1.1763916015625,5.94891357421875,579.943359375,477.5606689453125
1762784655.9371598,remote,0.571195125579834,218.80694580078125,0.10595703125,482.9354248046875,354.6791076660156
1762784655.9371598,cell phone,0.5325412750244141,219.61874389648438,0.0,481.0953063964844,353.66363525390625
1762784655.9371598,bed,0.49365249276161194,15.9007568359375,0.630584716796875,637.9151611328125,479.3296813964844
1762784655.9371598,person,0.30783334374427795,0.3137664794921875,5.247589111328125,236.8652801513672,477.7156066894531
1762784655.9371598,bottle,0.2588011920452118,12.918022155761719,23.9521484375,93.88258361816406,179.08541870117188
1762784655.9997883,person,0.7444002628326416,1.3692626953125,5.34466552734375,538.5487670898438,477.1175537109375
1762784655.9997883,remote,0.5604813694953918,219.6954345703125,0.054290771484375,483.2525634765625,348.2374572753906
1762784655.9997883,cell phone,0.5381556153297424,219.86846923828125,0.0,481.64947509765625,350.57073974609375
1762784655.9997883,bed,0.505177915096283,17.42645263671875,0.677642822265625,637.8833618164062,478.9288024902344
1762784655.9997883,person,0.2753243148326874,0.3690032958984375,3.52362060546875,238.51583862304688,476.22772216796875
1762784656.0705268,person,0.7444002628326416,1.3692626953125,5.34466552734375,538.5487670898438,477.1175537109375
1762784656.0705268,remote,0.5604813694953918,219.6954345703125,0.054290771484375,483.2525634765625,348.2374572753906
1762784656.0705268,cell phone,0.5381556153297424,219.86846923828125,0.0,481.64947509765625,350.57073974609375
1762784656.0705268,bed,0.505177915096283,17.42645263671875,0.677642822265625,637.8833618164062,478.9288024902344
1762784656.0705268,person,0.2753243148326874,0.3690032958984375,3.52362060546875,238.51583862304688,476.22772216796875
1762784656.129631,remote,0.7312132120132446,217.5234375,0.065704345703125,479.389404296875,356.6474609375
1762784656.129631,person,0.7097020745277405,1.492431640625,3.9681396484375,559.2662353515625,477.50067138671875
1762784656.129631,cell phone,0.6278727054595947,217.95126342773438,0.0,478.3673400878906,353.39715576171875
1762784656.129631,bed,0.4690835475921631,12.1695556640625,0.764801025390625,638.1094970703125,479.1091613769531
1762784656.129631,person,0.30348533391952515,0.3221893310546875,0.176300048828125,245.56436157226562,475.7300720214844
1762784656.1965382,remote,0.8334366083145142,207.10708618164062,0.263671875,468.7225036621094,362.09619140625
1762784656.1965382,cell phone,0.717505156993866,206.9459991455078,2.5374755859375,469.51568603515625,364.8885498046875
1762784656.1965382,person,0.6981080770492554,1.630615234375,5.052337646484375,578.3687133789062,478.3909606933594
1762784656.1965382,bed,0.3445785641670227,6.111328125,2.84698486328125,638.4410400390625,480.0
1762784656.2555454,remote,0.8598343133926392,201.8207244873047,0.553070068359375,462.09857177734375,373.2091064453125
1762784656.2555454,person,0.6715723276138306,1.58880615234375,3.25762939453125,613.6187744140625,479.4375
1762784656.2555454,cell phone,0.6586097478866577,202.13592529296875,2.37237548828125,464.36114501953125,373.1777038574219
1762784656.2555454,bed,0.27308183908462524,8.0159912109375,1.689208984375,638.7889404296875,479.0467529296875
1762784656.3133776,remote,0.8119765520095825,193.6497039794922,0.0,453.21746826171875,384.43963623046875
1762784656.3133776,cell phone,0.7461777329444885,192.81605529785156,1.821746826171875,454.0511474609375,383.68475341796875
1762784656.3133776,person,0.5621724724769592,77.780517578125,9.797149658203125,639.232177734375,477.4388427734375
1762784656.3757765,remote,0.8069875240325928,187.64584350585938,0.530609130859375,443.4616394042969,393.787353515625
1762784656.3757765,cell phone,0.6304617524147034,187.85963439941406,2.2315673828125,444.9107666015625,398.92266845703125
1762784656.3757765,person,0.5711278915405273,0.9669189453125,2.264373779296875,593.4532470703125,479.0133972167969
1762784656.4440358,person,0.7364778518676758,0.927490234375,1.65966796875,592.5658569335938,479.0433349609375
1762784656.4440358,cell phone,0.7206893563270569,181.79141235351562,7.52801513671875,431.8395690917969,410.70660400390625
1762784656.4440358,remote,0.6652593612670898,182.16448974609375,9.554840087890625,427.3177490234375,419.12860107421875
1762784656.4440358,bed,0.40642717480659485,6.0889892578125,1.252288818359375,637.8374633789062,478.51611328125
1762784656.4440358,person,0.2679221034049988,0.2418060302734375,2.015960693359375,197.83140563964844,479.5892333984375
1762784656.5034087,person,0.7486388683319092,0.36834716796875,3.877899169921875,558.1197509765625,479.8374938964844
1762784656.5034087,remote,0.7454114556312561,178.072265625,16.874114990234375,421.974365234375,428.5538635253906
1762784656.5034087,cell phone,0.6232216954231262,178.52218627929688,14.573486328125,422.5751037597656,415.2620849609375
1762784656.5034087,person,0.3546067178249359,0.247528076171875,0.960784912109375,193.0375213623047,478.9646301269531
1762784656.5034087,bed,0.3435024321079254,9.28875732421875,4.09796142578125,638.7146606445312,479.9494323730469
1762784656.5664177,remote,0.8560086488723755,174.64968872070312,26.7286376953125,414.7801818847656,435.31146240234375
1762784656.5664177,person,0.5625609755516052,0.4958343505859375,2.07354736328125,190.51515197753906,478.86895751953125
1762784656.5664177,bed,0.5478089451789856,9.85015869140625,1.338897705078125,638.17236328125,477.8175964355469
1762784656.5664177,person,0.4656091034412384,0.221435546875,2.43896484375,532.474365234375,479.78204345703125
1762784656.6230633,remote,0.8666883707046509,175.00216674804688,37.394317626953125,412.3188781738281,433.90362548828125
1762784656.6230633,person,0.6889618635177612,0.2606201171875,0.0,539.8988037109375,479.7198486328125
1762784656.6230633,bed,0.5421391725540161,5.8990478515625,1.22418212890625,636.8135986328125,479.11907958984375
1762784656.6230633,person,0.4020804762840271,0.1977081298828125,0.8760986328125,188.663330078125,478.77825927734375
1762784656.6803951,remote,0.8355250358581543,175.7194061279297,46.85052490234375,409.24224853515625,436.86175537109375
1762784656.6803951,person,0.6456044912338257,0.403533935546875,0.0,498.31744384765625,479.7835998535156
1762784656.6803951,bed,0.4684813320636749,6.55926513671875,1.060333251953125,637.4363403320312,479.8836364746094
1762784656.7319934,remote,0.7272260785102844,178.2479705810547,58.608154296875,405.77166748046875,453.92388916015625
1762784656.7319934,bed,0.6494219899177551,5.85870361328125,1.020233154296875,636.3577270507812,480.0
1762784656.7319934,person,0.5869049429893494,0.321380615234375,0.307586669921875,192.55673217773438,478.4277648925781
1762784656.7319934,person,0.5620200634002686,0.27081298828125,0.0,523.6148071289062,479.6784973144531
1762784656.7942178,remote,0.7272260785102844,178.2479705810547,58.608154296875,405.77166748046875,453.92388916015625
1762784656.7942178,bed,0.6494219899177551,5.85870361328125,1.020233154296875,636.3577270507812,480.0
1762784656.7942178,person,0.5869049429893494,0.321380615234375,0.307586669921875,192.55673217773438,478.4277648925781
1762784656.7942178,person,0.5620200634002686,0.27081298828125,0.0,523.6148071289062,479.6784973144531
1762784656.8541093,remote,0.7461699843406677,167.37486267089844,82.73715209960938,393.0640869140625,456.9442443847656
1762784656.8541093,person,0.7180560827255249,0.0,0.0,501.8510437011719,479.55560302734375
1762784656.8541093,cell phone,0.5470229387283325,167.94004821777344,84.59890747070312,393.6956787109375,454.3183898925781
1762784656.8541093,person,0.3902406394481659,0.3455810546875,0.0,183.33709716796875,478.885009765625
1762784656.8541093,bed,0.3643839359283447,8.582763671875,2.119232177734375,637.98828125,477.4617614746094
1762784656.9044616,remote,0.7461699843406677,167.37486267089844,82.73715209960938,393.0640869140625,456.9442443847656
1762784656.9044616,person,0.7180560827255249,0.0,0.0,501.8510437011719,479.55560302734375
1762784656.9044616,cell phone,0.5470229387283325,167.94004821777344,84.59890747070312,393.6956787109375,454.3183898925781
1762784656.9044616,person,0.3902406394481659,0.3455810546875,0.0,183.33709716796875,478.885009765625
1762784656.9044616,bed,0.3643839359283447,8.582763671875,2.119232177734375,637.98828125,477.4617614746094
1762784656.9652703,remote,0.8598105311393738,161.6510772705078,82.31321716308594,386.11773681640625,454.5780029296875
1762784656.9652703,person,0.6557834148406982,0.10589599609375,0.0,552.0867309570312,478.9981994628906
1762784656.9652703,bed,0.3437579274177551,11.01287841796875,2.520416259765625,639.0010375976562,477.74517822265625
1762784656.9652703,person,0.28293105959892273,0.2714691162109375,3.51190185546875,176.3863525390625,478.83087158203125
1762784657.0151682,remote,0.8811078071594238,157.35560607910156,80.4727783203125,381.498046875,451.41143798828125
1762784657.0151682,person,0.7175247669219971,0.0,0.0,538.3084716796875,478.389892578125
1762784657.0151682,person,0.5512833595275879,0.199676513671875,0.0,172.63296508789062,478.6864318847656
1762784657.0151682,bed,0.30088338255882263,13.7913818359375,0.18780517578125,640.0,476.7608947753906
1762784657.0737886,remote,0.8811078071594238,157.35560607910156,80.4727783203125,381.498046875,451.41143798828125
1762784657.0737886,person,0.7175247669219971,0.0,0.0,538.3084716796875,478.389892578125
1762784657.0737886,person,0.5512833595275879,0.199676513671875,0.0,172.63296508789062,478.6864318847656
1762784657.0737886,bed,0.30088338255882263,13.7913818359375,0.18780517578125,640.0,476.7608947753906
1762784657.1215253,remote,0.7778491377830505,155.62722778320312,70.35076904296875,382.0046691894531,454.4000244140625
1762784657.1215253,person,0.688291609287262,0.2397003173828125,0.0,170.03533935546875,477.1979675292969
1762784657.1215253,person,0.5929109454154968,1.0115966796875,2.51654052734375,554.7728271484375,479.197509765625
1762784657.1215253,bed,0.4580458700656891,11.90081787109375,1.072265625,639.9382934570312,478.2825012207031
1762784657.1725485,remote,0.7508723735809326,155.1026611328125,69.84602355957031,381.9808349609375,463.38079833984375
1762784657.1725485,person,0.7292822599411011,0.3018798828125,1.18463134765625,167.25604248046875,479.2913513183594
1762784657.1725485,bed,0.4882107377052307,14.63763427734375,1.4033203125,640.0,477.63671875
1762784657.1725485,person,0.4412417709827423,0.857666015625,4.3883056640625,553.0164794921875,479.38848876953125
1762784657.1725485,hot dog,0.2530883252620697,279.968017578125,258.2828369140625,638.8392333984375,479.7906494140625
1762784657.2217028,remote,0.7508723735809326,155.1026611328125,69.84602355957031,381.9808349609375,463.38079833984375
1762784657.2217028,person,0.7292822599411011,0.3018798828125,1.18463134765625,167.25604248046875,479.2913513183594
1762784657.2217028,bed,0.4882107377052307,14.63763427734375,1.4033203125,640.0,477.63671875
1762784657.2217028,person,0.4412417709827423,0.857666015625,4.3883056640625,553.0164794921875,479.38848876953125
1762784657.2217028,hot dog,0.2530883252620697,279.968017578125,258.2828369140625,638.8392333984375,479.7906494140625
1762784657.2840111,remote,0.6608689427375793,152.8979949951172,73.88417053222656,378.26214599609375,460.366943359375
1762784657.2840111,person,0.49000057578086853,0.9127197265625,3.81292724609375,554.559326171875,479.630859375
1762784657.2840111,bed,0.4878210723400116,13.01678466796875,1.515960693359375,640.0,478.0125427246094
1762784657.2840111,person,0.35153231024742126,0.24444580078125,1.449859619140625,161.7174530029297,477.9934997558594
1762784657.3437433,person,0.6679816842079163,1.05291748046875,3.739654541015625,522.9393310546875,479.7891845703125
1762784657.3437433,remote,0.6066118478775024,151.9462127685547,75.40478515625,372.97723388671875,454.13153076171875
1762784657.3437433,cell phone,0.44298020005226135,151.62782287597656,77.97747802734375,373.550048828125,451.02313232421875
1762784657.3437433,bed,0.35771846771240234,13.7010498046875,2.520355224609375,640.0,478.1719055175781
1762784657.3437433,cup,0.27889060974121094,599.8497314453125,57.60182189941406,639.67822265625,197.00625610351562
1762784657.390594,person,0.7135798931121826,1.09326171875,4.248779296875,530.3870849609375,479.50689697265625
1762784657.390594,remote,0.6949101090431213,153.9130401611328,75.06842041015625,370.16754150390625,452.24658203125
1762784657.390594,bed,0.5017399191856384,11.27105712890625,1.425750732421875,640.0,477.89776611328125
1762784657.390594,cell phone,0.4079023003578186,153.21343994140625,76.30197143554688,369.9178466796875,449.2571105957031
1762784657.390594,person,0.3335198163986206,0.2573699951171875,1.26239013671875,161.63064575195312,479.0748291015625
1762784657.4395857,remote,0.7612562775611877,152.3214569091797,77.80184936523438,368.39898681640625,448.9538879394531
1762784657.4395857,person,0.6729476451873779,0.900238037109375,3.8436279296875,475.0655822753906,479.6456298828125
1762784657.4395857,bed,0.5436970591545105,13.04705810546875,1.307769775390625,640.0,478.0892639160156
1762784657.4395857,cup,0.29630547761917114,598.6672973632812,59.897682189941406,639.7372436523438,197.46456909179688
1762784657.4991,remote,0.7694433331489563,153.27490234375,78.40838623046875,367.311279296875,446.80706787109375
1762784657.4991,person,0.725181519985199,0.99951171875,2.836334228515625,443.1796875,479.9425354003906
1762784657.4991,bed,0.48395228385925293,12.65338134765625,1.20587158203125,640.0,477.7852478027344
1762784657.4991,cup,0.39701566100120544,597.8262329101562,61.572784423828125,639.7377319335938,197.91656494140625
1762784657.5445046,person,0.7803207039833069,0.877532958984375,2.695648193359375,506.7344055175781,479.12005615234375
1762784657.5445046,remote,0.761396586894989,153.9873046875,75.54591369628906,366.39697265625,444.4310302734375
1762784657.5445046,bed,0.5579376816749573,11.558837890625,1.071868896484375,639.94580078125,478.4813537597656
1762784657.5445046,person,0.28937453031539917,0.2467498779296875,0.18609619140625,165.19363403320312,477.4349365234375
1762784657.5445046,cup,0.2853206396102905,599.130126953125,63.24041748046875,639.75439453125,197.67388916015625
1762784657.5937867,person,0.7803207039833069,0.877532958984375,2.695648193359375,506.7344055175781,479.12005615234375
1762784657.5937867,remote,0.761396586894989,153.9873046875,75.54591369628906,366.39697265625,444.4310302734375
1762784657.5937867,bed,0.5579376816749573,11.558837890625,1.071868896484375,639.94580078125,478.4813537597656
1762784657.5937867,person,0.28937453031539917,0.2467498779296875,0.18609619140625,165.19363403320312,477.4349365234375
1762784657.5937867,cup,0.2853206396102905,599.130126953125,63.24041748046875,639.75439453125,197.67388916015625
1762784657.6534245,remote,0.8295276165008545,154.84213256835938,73.88427734375,368.7112121582031,442.80096435546875
1762784657.6534245,person,0.7110483646392822,0.99285888671875,2.356658935546875,499.3634033203125,479.255615234375
1762784657.6534245,bed,0.6519834995269775,11.9024658203125,0.437835693359375,639.570068359375,478.9840087890625
1762784657.6534245,person,0.3594350814819336,0.2882537841796875,0.047027587890625,169.1774139404297,478.71002197265625
1762784657.6534245,cup,0.28460562229156494,600.09814453125,65.23482513427734,639.6884765625,201.22518920898438
1762784657.700953,remote,0.8295276165008545,154.84213256835938,73.88427734375,368.7112121582031,442.80096435546875
1762784657.700953,person,0.7110483646392822,0.99285888671875,2.356658935546875,499.3634033203125,479.255615234375
1762784657.700953,bed,0.6519834995269775,11.9024658203125,0.437835693359375,639.570068359375,478.9840087890625
1762784657.700953,person,0.3594350814819336,0.2882537841796875,0.047027587890625,169.1774139404297,478.71002197265625
1762784657.700953,cup,0.28460562229156494,600.09814453125,65.23482513427734,639.6884765625,201.22518920898438
1762784657.763687,remote,0.823285698890686,154.43943786621094,76.06634521484375,365.6949462890625,447.820068359375
1762784657.763687,person,0.6731629371643066,0.8968505859375,2.825469970703125,452.6981201171875,479.458251953125
1762784657.763687,bed,0.4934099614620209,13.1912841796875,0.58038330078125,640.0,478.367431640625
1762784657.763687,cup,0.45577171444892883,599.218994140625,65.90890502929688,639.6982421875,201.33944702148438
1762784657.763687,person,0.2974358797073364,0.250946044921875,1.861297607421875,166.88319396972656,478.6632385253906
1762784657.823492,remote,0.8372094631195068,154.599609375,78.66986083984375,365.75323486328125,444.6656494140625
1762784657.823492,person,0.6644039154052734,0.87042236328125,2.08441162109375,436.00799560546875,479.41534423828125
1762784657.823492,cup,0.522443950176239,599.0680541992188,63.88526153564453,639.7188110351562,201.976318359375
1762784657.823492,bed,0.5086837410926819,11.87933349609375,0.93157958984375,640.0,478.10333251953125
1762784657.823492,person,0.4763225018978119,0.2538299560546875,0.0,167.66600036621094,478.4315490722656
1762784657.872571,remote,0.7405081391334534,153.96929931640625,76.763916015625,367.08184814453125,455.374267578125
1762784657.872571,person,0.6866497993469238,0.897003173828125,2.442230224609375,481.2551574707031,479.142578125
1762784657.872571,bed,0.3774951994419098,14.27490234375,1.19512939453125,640.0,478.39141845703125
1762784657.872571,person,0.35528576374053955,0.224517822265625,0.0,167.5873565673828,478.07183837890625
1762784657.872571,cup,0.29852548241615295,598.3423461914062,64.24703979492188,639.6976928710938,202.58670043945312
1762784657.9371896,remote,0.7920249104499817,154.62376403808594,74.77908325195312,368.2239990234375,458.4011535644531
1762784657.9371896,person,0.6197763681411743,0.882720947265625,2.246856689453125,508.8805236816406,479.38494873046875
1762784657.9371896,bed,0.5345109701156616,13.29327392578125,1.09222412109375,640.0,478.70220947265625
1762784657.9371896,person,0.4479251503944397,0.2741851806640625,0.0,168.8765869140625,478.64886474609375
1762784657.9371896,cup,0.37777790427207947,598.579345703125,64.7454833984375,639.697265625,201.84478759765625
1762784657.996218,remote,0.7874040007591248,154.88577270507812,74.59281921386719,367.4886169433594,445.67425537109375
1762784657.996218,person,0.7414273023605347,1.0299072265625,1.4228515625,523.3709716796875,478.93609619140625
1762784657.996218,bed,0.58311527967453,12.208984375,0.95263671875,640.0,478.568603515625
1762784657.996218,cup,0.41763192415237427,598.6240234375,65.32240295410156,639.7064208984375,202.2244110107422
1762784657.996218,cell phone,0.40619707107543945,154.53286743164062,75.97634887695312,368.9143371582031,446.6750793457031
1762784657.996218,person,0.3774961531162262,0.259552001953125,0.0,169.3768310546875,478.2215576171875
1762784658.0497525,remote,0.7874040007591248,154.88577270507812,74.59281921386719,367.4886169433594,445.67425537109375
1762784658.0497525,person,0.7414273023605347,1.0299072265625,1.4228515625,523.3709716796875,478.93609619140625
1762784658.0497525,bed,0.58311527967453,12.208984375,0.95263671875,640.0,478.568603515625
1762784658.0497525,cup,0.41763192415237427,598.6240234375,65.32240295410156,639.7064208984375,202.2244110107422
1762784658.0497525,cell phone,0.40619707107543945,154.53286743164062,75.97634887695312,368.9143371582031,446.6750793457031
1762784658.0497525,person,0.3774961531162262,0.259552001953125,0.0,169.3768310546875,478.2215576171875
1762784658.1029541,remote,0.8582087755203247,154.12632751464844,75.4249267578125,367.8681640625,452.41693115234375
1762784658.1029541,person,0.6793275475502014,1.06414794921875,2.690185546875,514.517333984375,479.39593505859375
1762784658.1029541,bed,0.5034928321838379,9.2445068359375,1.38641357421875,640.0,479.33245849609375
1762784658.1029541,cup,0.43462514877319336,598.290283203125,65.15705871582031,639.6988525390625,201.39219665527344
1762784658.1029541,person,0.3357596695423126,0.224212646484375,0.6361083984375,169.05133056640625,478.7864990234375
1762784658.164569,remote,0.829354465007782,153.37265014648438,74.698974609375,365.6952209472656,441.2861328125
1762784658.164569,person,0.6712738871574402,1.104400634765625,2.885009765625,472.1287841796875,479.21258544921875
1762784658.164569,bed,0.44728946685791016,14.06829833984375,0.798675537109375,640.0,479.0787353515625
1762784658.164569,cup,0.417662113904953,598.582763671875,67.2795181274414,639.704345703125,200.88888549804688
1762784658.164569,person,0.29742512106895447,0.2425689697265625,1.5821533203125,167.87530517578125,478.5523681640625
1762784658.2153678,remote,0.829354465007782,153.37265014648438,74.698974609375,365.6952209472656,441.2861328125
1762784658.2153678,person,0.6712738871574402,1.104400634765625,2.885009765625,472.1287841796875,479.21258544921875
1762784658.2153678,bed,0.44728946685791016,14.06829833984375,0.798675537109375,640.0,479.0787353515625
1762784658.2153678,cup,0.417662113904953,598.582763671875,67.2795181274414,639.704345703125,200.88888549804688
1762784658.2153678,person,0.29742512106895447,0.2425689697265625,1.5821533203125,167.87530517578125,478.5523681640625
1762784658.2641978,remote,0.7224746942520142,153.61215209960938,75.3363037109375,363.8207092285156,447.975341796875
1762784658.2641978,person,0.7151251435279846,1.124664306640625,2.552947998046875,494.2513122558594,479.35650634765625
1762784658.2641978,bed,0.5301291346549988,12.9871826171875,0.98004150390625,640.0,478.6288757324219
1762784658.2641978,cell phone,0.42649954557418823,152.9635772705078,78.3017578125,366.16998291015625,449.4083251953125
1762784658.2641978,cup,0.4002425968647003,597.408203125,65.92948913574219,639.693359375,201.0138702392578
1762784658.3241575,remote,0.6926106214523315,153.1651611328125,75.29617309570312,363.0631103515625,451.6801452636719
1762784658.3241575,person,0.6526697874069214,1.021575927734375,4.464935302734375,459.6017761230469,479.16925048828125
1762784658.3241575,bed,0.591529130935669,14.4925537109375,0.84332275390625,640.0,478.0123291015625
1762784658.3241575,cup,0.588219940662384,597.9256591796875,67.60710144042969,639.6912841796875,199.0963897705078
1762784658.3241575,cell phone,0.3551715016365051,153.27366638183594,79.43832397460938,365.1497802734375,453.1736145019531
1762784658.3836808,remote,0.6975077986717224,154.28907775878906,76.2515869140625,363.6182861328125,449.1466064453125
1762784658.3836808,person,0.6242522597312927,1.145050048828125,3.350921630859375,499.9882507324219,479.136474609375
1762784658.3836808,bed,0.4893527328968048,13.319091796875,0.8768310546875,640.0,478.7998046875
1762784658.3836808,cell phone,0.44607019424438477,154.29183959960938,79.88009643554688,365.9384460449219,446.7503356933594
1762784658.3836808,cup,0.40791040658950806,598.0172729492188,64.46977233886719,639.6838989257812,199.9592742919922
1762784658.3836808,person,0.4024351239204407,0.233734130859375,2.120697021484375,165.8631591796875,478.6714782714844
1762784658.4333272,remote,0.7349985241889954,155.23629760742188,77.760986328125,366.4414367675781,454.54278564453125
1762784658.4333272,person,0.6515756845474243,0.324493408203125,0.0,166.72702026367188,478.4951171875
1762784658.4333272,person,0.5364243984222412,0.794342041015625,2.997344970703125,434.3407287597656,479.17376708984375
1762784658.4333272,cup,0.5202524065971375,597.9327392578125,61.143150329589844,639.84521484375,197.42489624023438
1762784658.4955752,remote,0.7596776485443115,160.61666870117188,78.64776611328125,368.9173278808594,439.28900146484375
1762784658.4955752,person,0.665165364742279,0.938507080078125,1.775054931640625,484.9999084472656,478.97991943359375
1762784658.4955752,cell phone,0.5675589442253113,160.61367797851562,79.968505859375,371.2873229980469,435.26947021484375
1762784658.4955752,bed,0.48571664094924927,12.5028076171875,0.72784423828125,640.0,476.98199462890625
1762784658.4955752,person,0.4300896227359772,0.3178863525390625,0.179107666015625,168.50863647460938,478.5294494628906
1762784658.4955752,cup,0.36744076013565063,597.2457275390625,65.68635559082031,639.8558349609375,199.27635192871094
1762784658.5583231,remote,0.7596776485443115,160.61666870117188,78.64776611328125,368.9173278808594,439.28900146484375
1762784658.5583231,person,0.665165364742279,0.938507080078125,1.775054931640625,484.9999084472656,478.97991943359375
1762784658.5583231,cell phone,0.5675589442253113,160.61367797851562,79.968505859375,371.2873229980469,435.26947021484375
1762784658.5583231,bed,0.48571664094924927,12.5028076171875,0.72784423828125,640.0,476.98199462890625
1762784658.5583231,person,0.4300896227359772,0.3178863525390625,0.179107666015625,168.50863647460938,478.5294494628906
1762784658.5583231,cup,0.36744076013565063,597.2457275390625,65.68635559082031,639.8558349609375,199.27635192871094
1762784658.6060987,remote,0.8178187608718872,167.6555633544922,84.19830322265625,379.37432861328125,438.78466796875
1762784658.6060987,person,0.6285844445228577,0.056884765625,0.0,526.2197265625,480.0
1762784658.6060987,person,0.4798310399055481,0.3561859130859375,2.1817626953125,174.02606201171875,478.239990234375
1762784658.6060987,cup,0.3783765733242035,597.3265380859375,65.77481079101562,639.849609375,199.51901245117188
1762784658.6060987,bed,0.3587213456630707,14.7420654296875,0.04217529296875,640.0,478.6534729003906
1762784658.6656783,remote,0.7599910497665405,167.30955505371094,93.44718933105469,393.961181640625,441.93194580078125
1762784658.6656783,person,0.7388691306114197,0.3551025390625,1.504180908203125,546.6239013671875,479.0247497558594
1762784658.6656783,cell phone,0.6122710108757019,168.2244873046875,94.59341430664062,394.3099365234375,438.9556579589844
1762784658.6656783,person,0.5448380708694458,0.207122802734375,0.688079833984375,181.43704223632812,478.1533203125
1762784658.6656783,bed,0.47978419065475464,15.02960205078125,2.121124267578125,640.0,477.73931884765625
1762784658.6656783,cup,0.40463003516197205,596.3758544921875,60.19343566894531,639.69482421875,197.04075622558594
1762784658.714485,remote,0.7599910497665405,167.30955505371094,93.44718933105469,393.961181640625,441.93194580078125
1762784658.714485,person,0.7388691306114197,0.3551025390625,1.504180908203125,546.6239013671875,479.0247497558594
1762784658.714485,cell phone,0.6122710108757019,168.2244873046875,94.59341430664062,394.3099365234375,438.9556579589844
1762784658.714485,person,0.5448380708694458,0.207122802734375,0.688079833984375,181.43704223632812,478.1533203125
1762784658.714485,bed,0.47978419065475464,15.02960205078125,2.121124267578125,640.0,477.73931884765625
1762784658.714485,cup,0.40463003516197205,596.3758544921875,60.19343566894531,639.69482421875,197.04075622558594
1762784658.7621474,person,0.816437840461731,0.0,0.0,509.69635009765625,480.0
1762784658.7621474,remote,0.758351743221283,167.18060302734375,93.56939697265625,393.29876708984375,437.76458740234375
1762784658.7621474,cell phone,0.5801922678947449,168.05276489257812,94.59173583984375,393.4943542480469,435.625732421875
1762784658.7621474,bed,0.5028014779090881,14.944580078125,0.9715576171875,640.0,478.0272216796875
1762784658.7621474,person,0.4178624451160431,0.285003662109375,1.080047607421875,180.57992553710938,477.8135681152344
1762784658.8105953,person,0.728979766368866,0.45391845703125,1.727630615234375,551.6082763671875,479.14874267578125
1762784658.8105953,cell phone,0.614016592502594,167.35086059570312,94.38868713378906,391.6247253417969,436.385498046875
1762784658.8105953,remote,0.5912555456161499,166.54159545898438,94.1243896484375,390.8357238769531,440.8729248046875
1762784658.8105953,bed,0.5074824690818787,15.61865234375,1.218963623046875,640.0,477.91802978515625
1762784658.8105953,cup,0.30884870886802673,597.560302734375,67.12651062011719,639.68115234375,195.6117706298828
1762784658.8105953,person,0.30164626240730286,0.190155029296875,0.102386474609375,178.78402709960938,478.78985595703125
1762784658.8707018,person,0.7619330883026123,0.5450439453125,1.45001220703125,568.138671875,479.45452880859375
1762784658.8707018,cell phone,0.7042797207832336,167.9827423095703,94.438720703125,389.21746826171875,434.85595703125
1762784658.8707018,bed,0.5563667416572571,15.12213134765625,1.233154296875,640.0,477.44830322265625
1762784658.8707018,person,0.5134572982788086,0.20611572265625,0.28521728515625,179.29721069335938,479.3027038574219
1762784658.8707018,remote,0.5009212493896484,168.2486572265625,91.75323486328125,389.1304931640625,436.38037109375
1762784658.8707018,cup,0.41932201385498047,596.6705322265625,63.832183837890625,639.84619140625,195.43499755859375
1762784658.9174936,person,0.7763698697090149,0.436767578125,0.309234619140625,550.35546875,478.883056640625
1762784658.9174936,remote,0.6188480257987976,166.92413330078125,91.8951416015625,390.836669921875,436.06390380859375
1762784658.9174936,cell phone,0.6059330701828003,167.8169708251953,94.09906005859375,390.87689208984375,434.50146484375
1762784658.9174936,bed,0.5089789032936096,17.5736083984375,1.6700439453125,640.0,478.53607177734375
1762784658.9174936,person,0.49677538871765137,0.3108978271484375,0.0,179.7887725830078,478.556640625
1762784658.9174936,cup,0.4404359459877014,596.6649169921875,63.456085205078125,639.8507080078125,195.73040771484375
1762784658.9688303,person,0.7332985401153564,0.42578125,1.41845703125,569.05224609375,479.0111083984375
1762784658.9688303,cell phone,0.6493940353393555,168.0550537109375,94.17732238769531,391.40667724609375,435.06500244140625
1762784658.9688303,remote,0.6113942861557007,168.34112548828125,91.99200439453125,390.7940673828125,436.60260009765625
1762784658.9688303,bed,0.5475682616233826,16.357666015625,1.302001953125,640.0,477.859619140625
1762784658.9688303,person,0.5382311940193176,0.3121337890625,0.0,179.80413818359375,478.56256103515625
1762784658.9688303,cup,0.48189762234687805,596.3013916015625,67.20663452148438,639.8475341796875,196.16744995117188
1762784659.0282202,person,0.7332985401153564,0.42578125,1.41845703125,569.05224609375,479.0111083984375
1762784659.0282202,cell phone,0.6493940353393555,168.0550537109375,94.17732238769531,391.40667724609375,435.06500244140625
1762784659.0282202,remote,0.6113942861557007,168.34112548828125,91.99200439453125,390.7940673828125,436.60260009765625
1762784659.0282202,bed,0.5475682616233826,16.357666015625,1.302001953125,640.0,477.859619140625
1762784659.0282202,person,0.5382311940193176,0.3121337890625,0.0,179.80413818359375,478.56256103515625
1762784659.0282202,cup,0.48189762234687805,596.3013916015625,67.20663452148438,639.8475341796875,196.16744995117188
1762784659.0892854,person,0.7577751874923706,0.44342041015625,1.409027099609375,568.7323608398438,479.11651611328125
1762784659.0892854,cell phone,0.6125537753105164,168.08877563476562,94.22714233398438,391.9414978027344,435.7933654785156
1762784659.0892854,remote,0.6085153222084045,167.18148803710938,91.38995361328125,391.5798645019531,437.861083984375
1762784659.0892854,bed,0.5677322745323181,17.7913818359375,1.52532958984375,640.0,478.83245849609375
1762784659.0892854,person,0.5304002165794373,0.2438201904296875,0.0,179.75030517578125,478.6298828125
1762784659.0892854,cup,0.34168562293052673,596.7532958984375,62.10737609863281,639.8499755859375,194.11106872558594
1762784659.1362913,person,0.7319525480270386,0.443115234375,1.053436279296875,566.125244140625,479.45123291015625
1762784659.1362913,cell phone,0.6527783870697021,167.73118591308594,94.35292053222656,390.44189453125,435.4798583984375
1762784659.1362913,remote,0.6339288353919983,167.888427734375,91.40252685546875,389.95550537109375,436.86346435546875
1762784659.1362913,bed,0.5650588870048523,16.5009765625,1.0787353515625,640.0,477.8741455078125
1762784659.1362913,person,0.5536794066429138,0.2485504150390625,0.0,179.2062530517578,478.7515869140625
1762784659.1362913,cup,0.25744232535362244,595.8009033203125,67.61909484863281,639.8541259765625,194.5223846435547
1762784659.200956,remote,0.7183424830436707,166.23399353027344,91.14898681640625,387.9306640625,437.01312255859375
1762784659.200956,person,0.700024425983429,0.59466552734375,1.43255615234375,565.4503784179688,479.50140380859375
1762784659.200956,cell phone,0.6654725670814514,165.99969482421875,94.67324829101562,388.0015869140625,435.1674499511719
1762784659.200956,bed,0.6182175874710083,18.2938232421875,1.3765869140625,640.0,479.197509765625
1762784659.200956,cup,0.5419138073921204,591.1243896484375,63.56504821777344,639.6846923828125,194.6896209716797
1762784659.200956,person,0.37955641746520996,0.2182769775390625,0.640655517578125,175.37779235839844,478.3707580566406
1762784659.2586222,person,0.7247753143310547,0.7701416015625,1.299530029296875,560.8433837890625,479.4245910644531
1762784659.2586222,remote,0.6937054395675659,165.9947967529297,90.37261962890625,387.24102783203125,438.2430419921875
1762784659.2586222,cell phone,0.6057744026184082,165.94442749023438,94.1160888671875,387.1200866699219,436.08233642578125
1762784659.2586222,bed,0.5751160979270935,18.1279296875,1.42425537109375,640.0,478.8431396484375
1762784659.2586222,person,0.5357847213745117,0.256866455078125,0.0,178.06842041015625,478.17938232421875
1762784659.2586222,cup,0.4559764564037323,596.0675048828125,64.75637817382812,639.86376953125,193.2230224609375
1762784659.3101254,cell phone,0.6758324503898621,165.671142578125,94.264892578125,387.034912109375,436.71612548828125
1762784659.3101254,person,0.6164453625679016,0.98101806640625,1.603759765625,565.10791015625,479.0335693359375
1762784659.3101254,remote,0.607761800289154,165.7906494140625,91.5625,386.990234375,439.009765625
1762784659.3101254,bed,0.5772144794464111,16.808349609375,1.701995849609375,640.0,479.1047058105469
1762784659.3101254,person,0.5078580975532532,0.237274169921875,0.81134033203125,178.34503173828125,480.0
1762784659.3101254,cup,0.40712201595306396,594.75927734375,62.99034118652344,639.754150390625,193.0861053466797
1762784659.3673093,cell phone,0.7279885411262512,166.0285186767578,95.47969055175781,386.13494873046875,439.33404541015625
1762784659.3673093,bed,0.6499502658843994,16.8311767578125,0.786956787109375,640.0,479.4969787597656
1762784659.3673093,remote,0.5942195653915405,166.17999267578125,93.97734069824219,386.392822265625,442.24713134765625
1762784659.3673093,person,0.5593464970588684,1.0692138671875,3.02099609375,564.736083984375,479.27838134765625
1762784659.3673093,cup,0.3845812678337097,594.437255859375,63.36109924316406,639.72119140625,193.60719299316406
1762784659.3673093,person,0.2507305443286896,0.24224853515625,32.532196044921875,178.04544067382812,478.6349792480469
1762784659.4188714,cell phone,0.7512863278388977,165.37060546875,95.34259033203125,385.25799560546875,437.52215576171875
1762784659.4188714,person,0.639511227607727,0.9404296875,2.11712646484375,568.4151611328125,478.75103759765625
1762784659.4188714,bed,0.6048917174339294,17.1578369140625,0.86639404296875,640.0,479.3897705078125
1762784659.4188714,cup,0.5905259251594543,594.870361328125,64.30166625976562,639.72900390625,193.73422241210938
1762784659.4188714,remote,0.5432696342468262,165.66122436523438,93.90814208984375,385.3564147949219,440.1685791015625
1762784659.4188714,person,0.4155644178390503,0.2280731201171875,0.0,178.28062438964844,479.6429443359375
1762784659.4668095,cell phone,0.7564412355422974,165.28819274902344,95.23219299316406,384.8385009765625,437.568359375
1762784659.4668095,bed,0.6383404731750488,16.72198486328125,1.095062255859375,640.0,479.5517272949219
1762784659.4668095,cup,0.4984208345413208,594.2550048828125,60.889404296875,639.7218017578125,193.2661590576172
1762784659.4668095,remote,0.4147452712059021,164.43212890625,94.831298828125,384.89337158203125,446.20391845703125
1762784659.4668095,bowl,0.2780909240245819,593.8712158203125,59.61228942871094,639.8607177734375,192.82247924804688
1762784659.523623,cell phone,0.7564412355422974,165.28819274902344,95.23219299316406,384.8385009765625,437.568359375
1762784659.523623,bed,0.6383404731750488,16.72198486328125,1.095062255859375,640.0,479.5517272949219
1762784659.523623,cup,0.4984208345413208,594.2550048828125,60.889404296875,639.7218017578125,193.2661590576172
1762784659.523623,remote,0.4147452712059021,164.43212890625,94.831298828125,384.89337158203125,446.20391845703125
1762784659.523623,bowl,0.2780909240245819,593.8712158203125,59.61228942871094,639.8607177734375,192.82247924804688
1762784659.573774,cell phone,0.6892735958099365,164.54180908203125,95.30546569824219,384.03009033203125,439.43988037109375
1762784659.573774,remote,0.6408304572105408,164.55755615234375,93.98612976074219,384.10699462890625,442.98638916015625
1762784659.573774,cup,0.4129329025745392,593.8349609375,63.52606201171875,639.7354736328125,193.29043579101562
1762784659.573774,bed,0.40736156702041626,17.62896728515625,1.469268798828125,640.0,479.4666442871094
1762784659.573774,person,0.3719112277030945,0.70257568359375,3.8291015625,569.0491333007812,479.39410400390625
1762784659.6344292,cell phone,0.7470645904541016,164.5095977783203,95.44509887695312,384.39544677734375,440.1427917480469
1762784659.6344292,bed,0.5942999720573425,14.42950439453125,0.9521484375,640.0,478.66485595703125
1762784659.6344292,remote,0.5537248849868774,164.61395263671875,93.9744873046875,384.3819580078125,443.65643310546875
1762784659.6344292,person,0.4915606379508972,0.9283447265625,2.397735595703125,570.833984375,479.2445983886719
1762784659.6344292,cup,0.3467002213001251,594.3853759765625,61.550994873046875,639.7484130859375,193.82266235351562
1762784659.6846154,remote,0.6606357097625732,163.74838256835938,94.61428833007812,383.6877746582031,441.2558898925781
1762784659.6846154,cell phone,0.6411812901496887,164.5508270263672,95.05465698242188,383.87237548828125,439.1239929199219
1762784659.6846154,bed,0.6035447120666504,17.38916015625,1.369598388671875,640.0,479.5679626464844
1762784659.6846154,person,0.48104217648506165,0.97296142578125,2.3985595703125,570.0072021484375,479.17034912109375
1762784659.6846154,person,0.4798004925251007,0.2204132080078125,0.0,177.74917602539062,479.128662109375
1762784659.6846154,cup,0.47759509086608887,594.0794067382812,62.182830810546875,639.7111206054688,192.92919921875
1762784659.7453432,remote,0.7238039374351501,164.65029907226562,92.23759460449219,383.9591979980469,438.28094482421875
1762784659.7453432,cell phone,0.6636824011802673,164.28668212890625,94.76951599121094,383.975341796875,435.9964599609375
1762784659.7453432,bed,0.6327217817306519,18.27984619140625,1.0235595703125,640.0,479.6904296875
1762784659.7453432,cup,0.5510466694831848,593.8406372070312,62.832244873046875,639.7020874023438,192.359375
1762784659.7453432,person,0.4109788239002228,0.77923583984375,3.39990234375,574.9277954101562,479.6512451171875
1762784659.7453432,bowl,0.25417953729629517,593.2591552734375,61.681427001953125,639.83447265625,191.1285400390625
1762784659.7863433,remote,0.7238039374351501,164.65029907226562,92.23759460449219,383.9591979980469,438.28094482421875
1762784659.7863433,cell phone,0.6636824011802673,164.28668212890625,94.76951599121094,383.975341796875,435.9964599609375
1762784659.7863433,bed,0.6327217817306519,18.27984619140625,1.0235595703125,640.0,479.6904296875
1762784659.7863433,cup,0.5510466694831848,593.8406372070312,62.832244873046875,639.7020874023438,192.359375
1762784659.7863433,person,0.4109788239002228,0.77923583984375,3.39990234375,574.9277954101562,479.6512451171875
1762784659.7863433,bowl,0.25417953729629517,593.2591552734375,61.681427001953125,639.83447265625,191.1285400390625
1762784659.8392713,remote,0.7732500433921814,163.39056396484375,93.06553649902344,383.974853515625,441.4892578125
1762784659.8392713,cell phone,0.6327787041664124,164.41717529296875,94.94892883300781,383.8927001953125,439.13653564453125
1762784659.8392713,bed,0.6113711595535278,16.4378662109375,1.334991455078125,640.0,479.5573425292969
1762784659.8392713,person,0.4795302152633667,0.1942138671875,0.0,176.7378387451172,480.0
1762784659.8392713,cup,0.47236594557762146,594.3839111328125,62.0648193359375,639.7012939453125,192.0282745361328
1762784659.8392713,person,0.46116524934768677,0.8536376953125,2.493927001953125,568.8514404296875,479.619384765625
1762784659.9011593,remote,0.7834598422050476,164.13330078125,92.07362365722656,383.23211669921875,438.4635009765625
1762784659.9011593,cell phone,0.6665610671043396,163.88919067382812,94.74159240722656,383.3803405761719,436.0701904296875
1762784659.9011593,bed,0.6341644525527954,14.36444091796875,1.4991455078125,640.0,479.39892578125
1762784659.9011593,person,0.6107016801834106,0.229156494140625,0.0,174.95013427734375,478.41204833984375
1762784659.9011593,person,0.5359280705451965,0.88427734375,1.171234130859375,569.5771484375,479.3297119140625
1762784659.9011593,cup,0.33286625146865845,594.2733764648438,62.247772216796875,639.6815795898438,192.4068603515625
1762784659.9011593,bowl,0.2826458811759949,593.489501953125,61.171600341796875,639.853759765625,192.35467529296875
1762784659.9612303,remote,0.7683230042457581,162.6924591064453,90.91606140136719,381.83209228515625,441.94891357421875
1762784659.9612303,cup,0.6392742991447449,593.3997192382812,62.85533142089844,639.6777954101562,191.21966552734375
1762784659.9612303,person,0.604101836681366,0.249969482421875,0.0,175.63287353515625,478.6234130859375
1762784659.9612303,bed,0.5911105871200562,17.10687255859375,1.464752197265625,640.0,479.7696838378906
1762784659.9612303,person,0.5842159986495972,0.85986328125,2.001617431640625,564.6500244140625,478.8692932128906
1762784660.0068207,remote,0.7683230042457581,162.6924591064453,90.91606140136719,381.83209228515625,441.94891357421875
1762784660.0068207,cup,0.6392742991447449,593.3997192382812,62.85533142089844,639.6777954101562,191.21966552734375
1762784660.0068207,person,0.604101836681366,0.249969482421875,0.0,175.63287353515625,478.6234130859375
1762784660.0068207,bed,0.5911105871200562,17.10687255859375,1.464752197265625,640.0,479.7696838378906
1762784660.0068207,person,0.5842159986495972,0.85986328125,2.001617431640625,564.6500244140625,478.8692932128906
1762784660.0590036,remote,0.7501784563064575,163.2339324951172,90.41842651367188,381.17706298828125,437.5243835449219
1762784660.0590036,person,0.659548282623291,0.843017578125,1.888427734375,563.162841796875,479.0826416015625
1762784660.0590036,cup,0.5501023530960083,593.510009765625,63.40789794921875,639.697265625,190.67633056640625
1762784660.0590036,person,0.5181997418403625,0.26531982421875,0.656951904296875,176.11514282226562,478.1435852050781
1762784660.0590036,bed,0.5116735696792603,16.19122314453125,1.2249755859375,640.0,479.3663635253906
1762784660.1159637,person,0.7943852543830872,0.0,0.0,519.834228515625,480.0
1762784660.1159637,remote,0.6588881015777588,169.361328125,91.4189453125,385.82122802734375,437.4437255859375
1762784660.1159637,bed,0.5992438793182373,16.03131103515625,1.944610595703125,640.0,478.1573181152344
1762784660.1159637,cell phone,0.5973894000053406,169.13104248046875,94.24371337890625,385.792236328125,435.9361572265625
1762784660.1159637,cup,0.48506250977516174,596.6629638671875,61.89302062988281,639.8575439453125,191.45123291015625
1762784660.1159637,person,0.3943302035331726,0.2207183837890625,0.63616943359375,177.90904235839844,478.12908935546875
1762784660.163262,person,0.8035367727279663,0.133544921875,1.316619873046875,553.6064453125,479.3495178222656
1762784660.163262,remote,0.6837176084518433,169.55679321289062,92.496337890625,386.5130310058594,440.15142822265625
1762784660.163262,cup,0.5723470449447632,596.37255859375,62.4432373046875,639.86865234375,192.4881591796875
1762784660.163262,cell phone,0.5717541575431824,169.63914489746094,94.55078125,386.3482666015625,438.26116943359375
1762784660.163262,person,0.5677614808082581,0.2373504638671875,0.222686767578125,179.54872131347656,478.89923095703125
1762784660.163262,bed,0.5164697170257568,18.58465576171875,1.49102783203125,640.0,479.13372802734375
1762784660.2124915,person,0.741023063659668,0.321044921875,1.483062744140625,546.68408203125,479.50048828125
1762784660.2124915,cell phone,0.5941802263259888,170.13510131835938,95.0943603515625,387.1792907714844,435.275146484375
1762784660.2124915,remote,0.5929897427558899,170.54913330078125,93.63232421875,386.99249267578125,437.1676025390625
1762784660.2124915,bed,0.5606752038002014,15.89630126953125,1.1983642578125,640.0,478.5722351074219
1762784660.2124915,cup,0.4712441563606262,596.44482421875,63.48063659667969,639.86328125,192.2341766357422
1762784660.2721305,person,0.7339872121810913,0.2987060546875,2.287841796875,572.693603515625,479.41973876953125
1762784660.2721305,bed,0.6017599105834961,15.21490478515625,1.111114501953125,640.0,478.3670959472656
1762784660.2721305,cell phone,0.5752240419387817,170.50775146484375,95.35710144042969,387.837890625,440.50897216796875
1762784660.2721305,remote,0.5671335458755493,170.01779174804688,95.53742980957031,386.7042541503906,473.058349609375
1762784660.2721305,cup,0.3939712941646576,596.6304931640625,60.14674377441406,639.7127685546875,193.54002380371094
1762784660.2721305,person,0.26865723729133606,0.1738739013671875,0.359832763671875,180.48060607910156,478.9176330566406
1762784660.3217611,person,0.7339872121810913,0.2987060546875,2.287841796875,572.693603515625,479.41973876953125
1762784660.3217611,bed,0.6017599105834961,15.21490478515625,1.111114501953125,640.0,478.3670959472656
1762784660.3217611,cell phone,0.5752240419387817,170.50775146484375,95.35710144042969,387.837890625,440.50897216796875
1762784660.3217611,remote,0.5671335458755493,170.01779174804688,95.53742980957031,386.7042541503906,473.058349609375
1762784660.3217611,cup,0.3939712941646576,596.6304931640625,60.14674377441406,639.7127685546875,193.54002380371094
1762784660.3217611,person,0.26865723729133606,0.1738739013671875,0.359832763671875,180.48060607910156,478.9176330566406
1762784660.3852656,person,0.6856114864349365,0.26806640625,1.819793701171875,556.9371337890625,479.4693603515625
1762784660.3852656,remote,0.6700083613395691,171.26119995117188,92.7119140625,388.2663879394531,438.5960693359375
1762784660.3852656,cell phone,0.529116153717041,171.30694580078125,94.7010498046875,388.53656005859375,437.36279296875
1762784660.3852656,bed,0.4882179796695709,17.23895263671875,1.56329345703125,640.0,477.65155029296875
1762784660.3852656,cup,0.4785653352737427,597.49267578125,57.662261962890625,639.851806640625,192.85275268554688
1762784660.4415984,remote,0.7571457028388977,176.9576416015625,96.073486328125,391.3033447265625,474.34814453125
1762784660.4415984,person,0.684225857257843,0.1617431640625,1.4228515625,538.4827880859375,480.0
1762784660.4415984,bed,0.6215083003044128,12.59393310546875,1.26214599609375,638.93505859375,477.7832946777344
1762784660.4415984,person,0.39899536967277527,0.2615203857421875,1.716705322265625,185.95309448242188,478.0581359863281
1762784660.4931982,person,0.7843793034553528,0.1949462890625,0.326629638671875,550.2669677734375,479.4404296875
1762784660.4931982,remote,0.6758475303649902,180.8194122314453,93.19195556640625,393.63555908203125,436.47540283203125
1762784660.4931982,bed,0.4790779650211334,12.8211669921875,0.566802978515625,637.64990234375,478.3058776855469
1762784660.5543604,person,0.7285377383232117,0.024566650390625,0.445556640625,506.0483093261719,479.72515869140625
1762784660.5543604,remote,0.6830594539642334,184.03515625,87.96835327148438,394.7398681640625,429.2556457519531
1762784660.5543604,bed,0.5455789566040039,21.58563232421875,1.86822509765625,639.1826171875,478.23406982421875
1762784660.5543604,person,0.3027530312538147,494.33709716796875,246.48959350585938,639.6339721679688,479.3114929199219
1762784660.5543604,person,0.27835315465927124,0.32574462890625,1.059326171875,189.96417236328125,479.2007141113281
1762784660.606792,person,0.7285377383232117,0.024566650390625,0.445556640625,506.0483093261719,479.72515869140625
1762784660.606792,remote,0.6830594539642334,184.03515625,87.96835327148438,394.7398681640625,429.2556457519531
1762784660.606792,bed,0.5455789566040039,21.58563232421875,1.86822509765625,639.1826171875,478.23406982421875
1762784660.606792,person,0.3027530312538147,494.33709716796875,246.48959350585938,639.6339721679688,479.3114929199219
1762784660.606792,person,0.27835315465927124,0.32574462890625,1.059326171875,189.96417236328125,479.2007141113281
1762784660.6651564,remote,0.8217421770095825,190.4822235107422,84.64923095703125,396.75592041015625,420.666259765625
1762784660.6651564,person,0.5550819039344788,0.627197265625,0.374267578125,574.5712890625,480.0
1762784660.6651564,bed,0.3686513602733612,13.6414794921875,1.5797119140625,638.872802734375,477.7099609375
1762784660.7307668,remote,0.7894545197486877,188.77259826660156,83.421875,395.1805419921875,410.7249755859375
1762784660.7307668,person,0.6903476715087891,0.14996337890625,1.626068115234375,532.2501220703125,480.0
1762784660.7307668,person,0.34636572003364563,0.062408447265625,0.57720947265625,195.20419311523438,480.0
1762784660.7307668,person,0.3158179223537445,492.5057373046875,232.2833251953125,639.6343994140625,479.64630126953125
1762784660.7936115,remote,0.7229066491127014,187.74365234375,77.3916015625,392.1746826171875,405.7083740234375
1762784660.7936115,person,0.6095974445343018,0.23638916015625,2.45501708984375,534.6962890625,480.0
1762784660.7936115,cell phone,0.29243969917297363,185.04046630859375,77.08251953125,392.20953369140625,405.5828857421875
1762784660.7936115,person,0.26266202330589294,488.93634033203125,227.9794921875,639.6840209960938,479.7354736328125
1762784660.8534372,remote,0.7229066491127014,187.74365234375,77.3916015625,392.1746826171875,405.7083740234375
1762784660.8534372,person,0.6095974445343018,0.23638916015625,2.45501708984375,534.6962890625,480.0
1762784660.8534372,cell phone,0.29243969917297363,185.04046630859375,77.08251953125,392.20953369140625,405.5828857421875
1762784660.8534372,person,0.26266202330589294,488.93634033203125,227.9794921875,639.6840209960938,479.7354736328125
1762784660.9018853,person,0.6671051383018494,0.0,1.78228759765625,522.6732177734375,479.69732666015625
1762784660.9018853,remote,0.6320174932479858,187.8404083251953,65.22930908203125,392.30621337890625,411.3008117675781
1762784660.9018853,person,0.4675283133983612,486.8448181152344,221.21910095214844,639.6353759765625,479.431640625
1762784660.9018853,cell phone,0.4243248999118805,185.78785705566406,66.31484985351562,395.5325927734375,398.4418640136719
1762784660.9651701,person,0.6424838900566101,0.381591796875,1.145751953125,546.3472900390625,479.45465087890625
1762784660.9651701,remote,0.5858596563339233,189.96124267578125,52.789764404296875,394.54754638671875,376.2772521972656
1762784660.9651701,bed,0.40980368852615356,15.579345703125,0.022491455078125,639.6641845703125,479.01141357421875
1762784660.9651701,cup,0.3623347878456116,595.9964599609375,17.216598510742188,639.85400390625,152.9497528076172
1762784660.9651701,cup,0.26551297307014465,525.3710327148438,0.852935791015625,639.8174438476562,215.53268432617188
1762784661.0243142,person,0.7754853963851929,0.409912109375,1.3270263671875,537.0992431640625,478.79937744140625
1762784661.0243142,remote,0.6366921663284302,191.38458251953125,49.54827880859375,394.4981689453125,372.30023193359375
1762784661.0243142,bed,0.4032489061355591,15.1630859375,0.0,639.7366943359375,479.46966552734375
1762784661.0243142,cup,0.28411316871643066,593.73291015625,18.64996337890625,639.7216796875,150.38259887695312
1762784661.0243142,cup,0.2667173743247986,524.2369995117188,0.3901214599609375,639.8009643554688,213.4528350830078
1762784661.0687718,person,0.7581936717033386,0.40264892578125,1.7601318359375,547.4398193359375,479.26263427734375
1762784661.0687718,remote,0.629540741443634,192.8148956298828,49.505767822265625,394.34368896484375,375.4595947265625
1762784661.0687718,bed,0.5202707648277283,15.20050048828125,0.0,636.687744140625,478.333251953125
1762784661.0687718,person,0.4365958571434021,0.2234649658203125,2.85382080078125,201.18763732910156,478.64495849609375
1762784661.0687718,cup,0.2979904115200043,593.400146484375,12.848770141601562,639.85302734375,149.30198669433594
1762784661.121515,remote,0.7052239775657654,196.98236083984375,49.64007568359375,394.82904052734375,369.2080383300781
1762784661.121515,person,0.6150118708610535,0.6055908203125,2.42431640625,561.8992919921875,478.87109375
1762784661.121515,cup,0.44694551825523376,591.3868408203125,17.204940795898438,639.7381591796875,151.30429077148438
1762784661.121515,bed,0.44581300020217896,14.070068359375,0.0,637.9783935546875,478.2488098144531
1762784661.121515,person,0.32577869296073914,478.927490234375,204.37950134277344,639.5872802734375,479.09765625
1762784661.1797788,person,0.630670428276062,0.07989501953125,3.413604736328125,451.9669189453125,478.34393310546875
1762784661.1797788,remote,0.5823203921318054,191.71356201171875,47.975616455078125,391.94549560546875,355.8698425292969
1762784661.1797788,person,0.42129120230674744,0.28240966796875,1.0374755859375,199.84133911132812,478.73602294921875
1762784661.1797788,cell phone,0.39937102794647217,189.09820556640625,47.98736572265625,393.42449951171875,354.60687255859375
1762784661.1797788,person,0.37801963090896606,466.618896484375,200.05081176757812,639.3873291015625,479.4902038574219
1762784661.1797788,bed,0.3674391508102417,15.465087890625,0.0,638.1749267578125,479.6784973144531
1762784661.1797788,cup,0.25251245498657227,516.6226806640625,0.781463623046875,639.594970703125,208.5087127685547
1762784661.2292633,person,0.716884434223175,0.235595703125,2.015228271484375,534.743896484375,479.27178955078125
1762784661.2292633,remote,0.6244558095932007,187.80630493164062,45.07373046875,384.3013610839844,358.5313720703125
1762784661.2292633,bed,0.5000085830688477,9.99566650390625,0.0,638.1284790039062,478.7827453613281
1762784661.2292633,cell phone,0.45260196924209595,187.44607543945312,43.026123046875,385.1230773925781,352.32421875
1762784661.2292633,bottle,0.28603407740592957,0.020977020263671875,106.10525512695312,46.50443649291992,220.57260131835938
1762784661.2292633,cup,0.2635984420776367,508.4905090332031,0.5827789306640625,639.4541015625,205.32858276367188
1762784661.2292633,person,0.25932684540748596,465.12615966796875,196.94708251953125,639.2691040039062,479.51434326171875
1762784661.2889569,person,0.716884434223175,0.235595703125,2.015228271484375,534.743896484375,479.27178955078125
1762784661.2889569,remote,0.6244558095932007,187.80630493164062,45.07373046875,384.3013610839844,358.5313720703125
1762784661.2889569,bed,0.5000085830688477,9.99566650390625,0.0,638.1284790039062,478.7827453613281
1762784661.2889569,cell phone,0.45260196924209595,187.44607543945312,43.026123046875,385.1230773925781,352.32421875
1762784661.2889569,bottle,0.28603407740592957,0.020977020263671875,106.10525512695312,46.50443649291992,220.57260131835938
1762784661.2889569,cup,0.2635984420776367,508.4905090332031,0.5827789306640625,639.4541015625,205.32858276367188
1762784661.2889569,person,0.25932684540748596,465.12615966796875,196.94708251953125,639.2691040039062,479.51434326171875
1762784661.3381472,person,0.690857470035553,0.33026123046875,2.376953125,566.4591064453125,479.1239013671875
1762784661.3381472,remote,0.5443716049194336,188.8939208984375,46.084075927734375,381.69720458984375,357.2467041015625
1762784661.3381472,cell phone,0.45489007234573364,188.5071258544922,43.387939453125,382.09063720703125,349.85601806640625
1762784661.3381472,bed,0.43579182028770447,10.47393798828125,0.371337890625,638.5999145507812,479.585693359375
1762784661.3381472,cup,0.31478187441825867,572.945556640625,7.9735870361328125,639.74560546875,146.83920288085938
1762784661.3381472,person,0.26572054624557495,0.1420135498046875,2.92462158203125,195.1428985595703,478.3079833984375
1762784661.3860824,person,0.7368835806846619,0.1822509765625,1.307098388671875,513.3755493164062,478.56817626953125
1762784661.3860824,remote,0.5587934851646423,194.14024353027344,49.441558837890625,381.5830078125,348.8434753417969
1762784661.3860824,bed,0.39921826124191284,12.7314453125,2.0294189453125,637.8291015625,479.78662109375
1762784661.3860824,person,0.2797017991542816,449.4430847167969,196.035400390625,639.314208984375,479.4246826171875
1762784661.4450514,person,0.7368835806846619,0.1822509765625,1.307098388671875,513.3755493164062,478.56817626953125
1762784661.4450514,remote,0.5587934851646423,194.14024353027344,49.441558837890625,381.5830078125,348.8434753417969
1762784661.4450514,bed,0.39921826124191284,12.7314453125,2.0294189453125,637.8291015625,479.78662109375
1762784661.4450514,person,0.2797017991542816,449.4430847167969,196.035400390625,639.314208984375,479.4246826171875
1762784661.495882,person,0.6805457472801208,0.20721435546875,2.31964111328125,527.1854248046875,479.4405212402344
1762784661.495882,remote,0.6749016046524048,193.98452758789062,41.87286376953125,383.1624450683594,344.6882019042969
1762784661.495882,bed,0.572817862033844,8.60382080078125,0.0,636.2029418945312,479.8002014160156
1762784661.5552628,person,0.6732890009880066,0.0,0.11395263671875,503.5646667480469,479.57806396484375
1762784661.5552628,remote,0.6518349051475525,191.65135192871094,45.79730224609375,378.94921875,344.71234130859375
1762784661.5552628,bed,0.5786996483802795,8.29083251953125,0.0,636.4201049804688,479.9002990722656
1762784661.5552628,person,0.4535404443740845,433.27032470703125,190.64340209960938,639.2488403320312,479.5004577636719
1762784661.5552628,cell phone,0.408719539642334,190.88832092285156,42.824859619140625,378.666259765625,340.8432922363281
1762784661.60972,person,0.6732890009880066,0.0,0.11395263671875,503.5646667480469,479.57806396484375
1762784661.60972,remote,0.6518349051475525,191.65135192871094,45.79730224609375,378.94921875,344.71234130859375
1762784661.60972,bed,0.5786996483802795,8.29083251953125,0.0,636.4201049804688,479.9002990722656
1762784661.60972,person,0.4535404443740845,433.27032470703125,190.64340209960938,639.2488403320312,479.5004577636719
1762784661.60972,cell phone,0.408719539642334,190.88832092285156,42.824859619140625,378.666259765625,340.8432922363281
1762784661.670219,person,0.7443895936012268,1.699981689453125,5.146820068359375,476.4485168457031,479.12017822265625
1762784661.670219,remote,0.7397291660308838,207.98214721679688,49.165435791015625,393.3053894042969,338.0791320800781
1762784661.670219,bed,0.4121677875518799,12.38623046875,1.797210693359375,638.7322998046875,475.3556823730469
1762784661.670219,person,0.36705291271209717,447.8187255859375,195.8343048095703,639.403076171875,479.48516845703125
1762784661.7322366,person,0.676657497882843,1.740325927734375,4.814178466796875,464.6157531738281,478.96588134765625
1762784661.7322366,remote,0.66790771484375,216.75526428222656,43.330108642578125,399.5328369140625,335.6002197265625
1762784661.7322366,bed,0.41734427213668823,12.7650146484375,1.7718505859375,638.76513671875,478.6384582519531
1762784661.7322366,person,0.40351030230522156,447.50408935546875,192.22947692871094,639.3751831054688,479.507568359375
1762784661.793092,person,0.676657497882843,1.740325927734375,4.814178466796875,464.6157531738281,478.96588134765625
1762784661.793092,remote,0.66790771484375,216.75526428222656,43.330108642578125,399.5328369140625,335.6002197265625
1762784661.793092,bed,0.41734427213668823,12.7650146484375,1.7718505859375,638.76513671875,478.6384582519531
1762784661.793092,person,0.40351030230522156,447.50408935546875,192.22947692871094,639.3751831054688,479.507568359375
1762784661.8522804,person,0.7979797124862671,0.91424560546875,7.213958740234375,435.4085693359375,478.9377136230469
1762784661.8522804,remote,0.7369892597198486,217.58792114257812,40.65093994140625,400.0516662597656,328.120849609375
1762784661.8522804,bed,0.43050336837768555,11.5623779296875,0.939239501953125,639.2723388671875,479.2074890136719
1762784661.8522804,person,0.4215306043624878,442.7438049316406,190.75267028808594,639.4991455078125,479.5357666015625
1762784661.901504,person,0.6428778171539307,2.157958984375,7.232452392578125,430.00634765625,479.03753662109375
1762784661.901504,remote,0.6163968443870544,211.27789306640625,40.249176025390625,397.0284423828125,324.47210693359375
1762784661.901504,cup,0.4994998872280121,509.98321533203125,8.075592041015625,639.8109741210938,197.81451416015625
1762784661.901504,person,0.45868995785713196,440.64556884765625,190.27560424804688,639.4627075195312,479.5244445800781
1762784661.901504,cell phone,0.386601060628891,209.14666748046875,41.5291748046875,396.36444091796875,324.7764892578125
1762784661.964538,remote,0.8382250666618347,204.29336547851562,41.02899169921875,381.3986511230469,321.908447265625
1762784661.964538,person,0.7848737835884094,1.75518798828125,0.0797119140625,560.2208862304688,479.3466796875
1762784661.964538,person,0.5052618384361267,429.2860107421875,190.55838012695312,639.80419921875,479.5155334472656
1762784661.964538,bed,0.43078044056892395,7.62841796875,2.09344482421875,637.4296875,480.0
1762784662.0274765,remote,0.785984456539154,208.73114013671875,36.3916015625,382.965576171875,315.4352111816406
1762784662.0274765,person,0.6787243485450745,1.97540283203125,2.299041748046875,526.6535034179688,479.3498229980469
1762784662.0274765,person,0.48228928446769714,425.76959228515625,184.60116577148438,639.5507202148438,479.5599670410156
1762784662.0274765,bed,0.3511406481266022,9.587646484375,1.384033203125,636.5698852539062,478.34576416015625
1762784662.0274765,person,0.28099292516708374,0.336090087890625,2.901885986328125,217.18038940429688,478.5110778808594
1762784662.0859437,remote,0.788855254650116,205.50112915039062,34.737274169921875,381.3973693847656,312.5434875488281
1762784662.0859437,person,0.5794601440429688,2.354736328125,1.0418701171875,536.9002685546875,479.505615234375
1762784662.0859437,person,0.5322135090827942,425.436767578125,183.3359832763672,639.5611572265625,479.52532958984375
1762784662.0859437,person,0.4812866151332855,0.2733001708984375,1.256195068359375,215.19639587402344,478.5978698730469
1762784662.1365495,person,0.7256219983100891,420.39654541015625,177.30606079101562,639.6742553710938,479.5404357910156
1762784662.1365495,cell phone,0.5535119771957397,192.71292114257812,33.63702392578125,364.8224182128906,308.5833435058594
1762784662.1365495,remote,0.5169773697853088,193.84144592285156,33.486358642578125,365.79345703125,312.04278564453125
1762784662.1365495,person,0.5077608823776245,1.699493408203125,4.990478515625,357.31549072265625,479.3159484863281
1762784662.1365495,bed,0.2761600911617279,12.595458984375,0.48345947265625,638.508056640625,478.18841552734375
1762784662.1981633,cell phone,0.6649461388587952,194.22103881835938,33.66998291015625,356.2044372558594,308.7005310058594
1762784662.1981633,person,0.5933724045753479,0.0,2.8580322265625,466.4773864746094,478.67523193359375
1762784662.1981633,person,0.5178301334381104,416.4472351074219,176.4674530029297,639.595947265625,479.61114501953125
1762784662.1981633,remote,0.4302223026752472,194.05230712890625,34.523406982421875,356.72833251953125,308.86676025390625
1762784662.1981633,bed,0.2869528830051422,18.5985107421875,0.4447021484375,626.066650390625,476.700927734375
1762784662.1981633,person,0.27291497588157654,0.4869842529296875,3.008056640625,197.15643310546875,478.0750732421875
1762784662.2608926,person,0.7059751152992249,413.50872802734375,172.37921142578125,639.9661254882812,479.187744140625
1762784662.2608926,person,0.6180227398872375,1.72186279296875,2.31182861328125,354.5556640625,479.20977783203125
1762784662.2608926,remote,0.3475145697593689,188.47792053222656,35.317962646484375,353.2340087890625,309.86932373046875
1762784662.2608926,cell phone,0.34678399562835693,188.14605712890625,35.066070556640625,352.78900146484375,309.8828430175781
1762784662.3192844,person,0.6362342834472656,1.463165283203125,0.6065673828125,367.7332763671875,479.1700744628906
1762784662.3192844,cell phone,0.6203740835189819,197.58099365234375,30.861602783203125,355.3472900390625,298.7145690917969
1762784662.3192844,person,0.4585995674133301,425.58551025390625,165.04638671875,639.7230834960938,479.24896240234375
1762784662.3192844,remote,0.3883172273635864,199.31712341308594,31.25372314453125,355.2916259765625,297.99224853515625
1762784662.3192844,bed,0.26967325806617737,22.84771728515625,0.841796875,637.8660888671875,477.74810791015625
1762784662.3740313,person,0.7599367499351501,0.852935791015625,5.187164306640625,369.7605895996094,477.744873046875
1762784662.3740313,remote,0.6258759498596191,203.50967407226562,32.808685302734375,357.3108215332031,303.22784423828125
1762784662.3740313,cell phone,0.6129157543182373,202.68751525878906,33.301025390625,357.068603515625,302.7457275390625
1762784662.3740313,person,0.5342199206352234,426.1768798828125,165.47286987304688,639.7003173828125,479.2698669433594
1762784662.4305785,person,0.7607764005661011,0.836822509765625,3.733642578125,369.0555114746094,478.3192443847656
1762784662.4305785,cell phone,0.653110921382904,205.70431518554688,37.043975830078125,360.0002746582031,307.09991455078125
1762784662.4305785,person,0.5183684229850769,427.1429748535156,170.1474151611328,639.5736083984375,479.17340087890625
1762784662.4305785,remote,0.4325237572193146,205.49258422851562,38.456207275390625,359.9338684082031,306.8521728515625
1762784662.4305785,bottle,0.32850536704063416,548.6195068359375,390.3149108886719,631.8482666015625,479.7826232910156
1762784662.4305785,bed,0.319496214389801,5.64825439453125,1.23974609375,637.2869262695312,477.18316650390625
1762784662.4795864,person,0.7607764005661011,0.836822509765625,3.733642578125,369.0555114746094,478.3192443847656
1762784662.4795864,cell phone,0.653110921382904,205.70431518554688,37.043975830078125,360.0002746582031,307.09991455078125
1762784662.4795864,person,0.5183684229850769,427.1429748535156,170.1474151611328,639.5736083984375,479.17340087890625
1762784662.4795864,remote,0.4325237572193146,205.49258422851562,38.456207275390625,359.9338684082031,306.8521728515625
1762784662.4795864,bottle,0.32850536704063416,548.6195068359375,390.3149108886719,631.8482666015625,479.7826232910156
1762784662.4795864,bed,0.319496214389801,5.64825439453125,1.23974609375,637.2869262695312,477.18316650390625
1762784662.5399263,person,0.7416893839836121,1.305633544921875,0.0,397.3088073730469,479.0650634765625
1762784662.5399263,cell phone,0.6924653649330139,210.0734100341797,42.516082763671875,362.31695556640625,308.4876403808594
1762784662.5399263,remote,0.5429379940032959,209.42724609375,40.9700927734375,363.10400390625,307.6614990234375
1762784662.5399263,person,0.510336697101593,430.264404296875,171.97671508789062,639.7020263671875,479.3523254394531
1762784662.5399263,bed,0.35288503766059875,2.8897705078125,1.2838134765625,637.8153686523438,476.12420654296875
1762784662.588203,remote,0.8093608617782593,212.8853759765625,43.461029052734375,365.46356201171875,308.9581298828125
1762784662.588203,person,0.6989647746086121,1.79217529296875,0.0,517.2132568359375,478.9047546386719
1762784662.588203,person,0.5262068510055542,434.3560791015625,174.42735290527344,639.7548828125,479.446044921875
1762784662.6342657,remote,0.7434765100479126,210.61309814453125,46.5804443359375,363.29638671875,309.5216979980469
1762784662.6342657,person,0.680253267288208,1.75311279296875,0.0,446.92083740234375,478.5633239746094
1762784662.6342657,person,0.5627545118331909,432.74346923828125,175.70257568359375,639.7213745117188,479.5108642578125
1762784662.6342657,cell phone,0.5395990014076233,211.52752685546875,45.257110595703125,362.10333251953125,309.2105407714844
1762784662.6840236,person,0.7712283730506897,1.20391845703125,0.3641357421875,490.61395263671875,479.09783935546875
1762784662.6840236,remote,0.752875804901123,211.6923370361328,44.9759521484375,364.02947998046875,308.1207275390625
1762784662.6840236,cell phone,0.6148268580436707,212.06655883789062,45.1258544921875,363.4230041503906,306.7667236328125
1762784662.6840236,person,0.515237033367157,431.2257080078125,175.15997314453125,639.708740234375,479.50537109375
1762784662.6840236,bed,0.32632192969322205,8.48577880859375,1.423858642578125,636.7838134765625,476.7689208984375
1762784662.7461076,remote,0.769959032535553,210.8314666748047,45.115509033203125,363.05328369140625,308.1180725097656
1762784662.7461076,person,0.7280633449554443,1.3951416015625,0.0,468.9781799316406,479.53509521484375
1762784662.7461076,person,0.6020740270614624,431.0264587402344,175.2852783203125,639.6510009765625,479.4637451171875
1762784662.7461076,cell phone,0.5543431043624878,210.802734375,45.67633056640625,362.25537109375,307.3412170410156
1762784662.7919493,remote,0.769959032535553,210.8314666748047,45.115509033203125,363.05328369140625,308.1180725097656
1762784662.7919493,person,0.7280633449554443,1.3951416015625,0.0,468.9781799316406,479.53509521484375
1762784662.7919493,person,0.6020740270614624,431.0264587402344,175.2852783203125,639.6510009765625,479.4637451171875
1762784662.7919493,cell phone,0.5543431043624878,210.802734375,45.67633056640625,362.25537109375,307.3412170410156
1762784662.8417344,remote,0.7949346303939819,210.26023864746094,45.635009765625,361.6463623046875,308.4954833984375
1762784662.8417344,person,0.7170728445053101,1.64111328125,0.0,499.6971130371094,479.1156005859375
1762784662.8417344,cell phone,0.6410096883773804,210.69113159179688,43.534454345703125,360.8411560058594,308.529296875
1762784662.8417344,person,0.5658790469169617,430.97021484375,174.614501953125,639.715087890625,479.388916015625
1762784662.8417344,bed,0.2980746626853943,14.6337890625,0.887176513671875,634.351806640625,476.6396789550781
1762784662.9026904,person,0.7941659092903137,1.001861572265625,0.0,434.58990478515625,478.6533203125
1762784662.9026904,remote,0.7462211847305298,209.24127197265625,45.583892822265625,359.599853515625,307.0846862792969
1762784662.9026904,cell phone,0.6789810061454773,209.8339385986328,43.2998046875,359.91107177734375,307.2093505859375
1762784662.9026904,person,0.5592573285102844,430.06463623046875,173.66073608398438,639.6343383789062,479.4465637207031
1762784662.948606,person,0.7577857375144958,1.55120849609375,0.0,434.5448913574219,479.07525634765625
1762784662.948606,cell phone,0.6939184665679932,209.6765594482422,43.625640869140625,357.99322509765625,306.8148498535156
1762784662.948606,remote,0.6723834872245789,209.15611267089844,45.56842041015625,356.6678466796875,306.63946533203125
1762784662.948606,person,0.42346200346946716,431.482421875,172.84303283691406,639.6700439453125,479.419189453125
1762784662.9994166,person,0.772178053855896,1.249237060546875,0.0,426.4212646484375,478.77728271484375
1762784662.9994166,cell phone,0.6910706758499146,209.90245056152344,43.3890380859375,357.6375732421875,305.6545715332031
1762784662.9994166,remote,0.642454981803894,209.43679809570312,45.659332275390625,356.2436218261719,305.7166748046875
1762784662.9994166,person,0.5342243909835815,436.004638671875,173.02249145507812,639.6527099609375,479.4472961425781
1762784662.9994166,bed,0.2793577313423157,18.119140625,1.305450439453125,636.2508544921875,475.7037353515625
1762784663.0579135,person,0.7906888723373413,1.39794921875,0.0,430.3955078125,478.53619384765625
1762784663.0579135,remote,0.7291288375854492,208.56600952148438,46.3724365234375,356.1865539550781,306.83489990234375
1762784663.0579135,cell phone,0.6838538646697998,208.98974609375,44.4730224609375,356.98046875,306.8465576171875
1762784663.0579135,person,0.5631121397018433,434.5831298828125,173.88587951660156,639.7691650390625,479.4273681640625
1762784663.1215515,person,0.7906888723373413,1.39794921875,0.0,430.3955078125,478.53619384765625
1762784663.1215515,remote,0.7291288375854492,208.56600952148438,46.3724365234375,356.1865539550781,306.83489990234375
1762784663.1215515,cell phone,0.6838538646697998,208.98974609375,44.4730224609375,356.98046875,306.8465576171875
1762784663.1215515,person,0.5631121397018433,434.5831298828125,173.88587951660156,639.7691650390625,479.4273681640625
1762784663.1812303,remote,0.753781795501709,206.08436584472656,50.38726806640625,351.268310546875,310.267333984375
1762784663.1812303,person,0.745877206325531,2.10919189453125,0.0,390.88336181640625,479.71173095703125
1762784663.1812303,person,0.4776878356933594,433.50439453125,175.79931640625,639.8126220703125,479.42498779296875
1762784663.1812303,bed,0.2833569645881653,63.320556640625,1.151031494140625,636.15380859375,476.7224426269531
1762784663.2296987,remote,0.7557941675186157,205.71124267578125,52.264495849609375,351.7825927734375,308.806884765625
1762784663.2296987,person,0.7086459398269653,2.159698486328125,0.0,408.7535705566406,478.73223876953125
1762784663.2296987,cell phone,0.6433019042015076,206.5921630859375,51.78448486328125,352.692626953125,308.6873474121094
1762784663.2296987,person,0.4363037943840027,433.55523681640625,176.85791015625,639.7362670898438,479.4991455078125
1762784663.2296987,bed,0.33782094717025757,73.63970947265625,1.1612548828125,636.9027709960938,476.456787109375
1762784663.2866828,remote,0.7557941675186157,205.71124267578125,52.264495849609375,351.7825927734375,308.806884765625
1762784663.2866828,person,0.7086459398269653,2.159698486328125,0.0,408.7535705566406,478.73223876953125
1762784663.2866828,cell phone,0.6433019042015076,206.5921630859375,51.78448486328125,352.692626953125,308.6873474121094
1762784663.2866828,person,0.4363037943840027,433.55523681640625,176.85791015625,639.7362670898438,479.4991455078125
1762784663.2866828,bed,0.33782094717025757,73.63970947265625,1.1612548828125,636.9027709960938,476.456787109375
1762784663.3366115,person,0.7974260449409485,1.252227783203125,0.0,411.2021179199219,478.5293884277344
1762784663.3366115,remote,0.7046138644218445,206.92222595214844,52.372772216796875,351.6494140625,310.3030700683594
1762784663.3366115,cell phone,0.6551750898361206,207.48147583007812,51.38702392578125,354.0870056152344,308.74658203125
1762784663.3366115,person,0.39512547850608826,438.8450927734375,175.90249633789062,639.7342529296875,479.5848693847656
1762784663.3366115,bed,0.3180258274078369,67.06964111328125,1.13330078125,636.147216796875,476.22052001953125
1762784663.3878844,remote,0.770710289478302,208.44158935546875,50.211029052734375,353.5390625,308.3398742675781
1762784663.3878844,person,0.7266149520874023,1.636138916015625,0.0,426.4230651855469,477.9740295410156
1762784663.3878844,person,0.2606825530529022,441.1275329589844,174.24148559570312,639.7283935546875,479.6446838378906
1762784663.4525528,person,0.6301173567771912,440.8359069824219,156.82017517089844,639.771728515625,478.340576171875
1762784663.4525528,person,0.599032998085022,2.591461181640625,3.186370849609375,434.5639343261719,479.0557556152344
1762784663.4525528,cell phone,0.5752924084663391,208.0902862548828,25.21002197265625,354.70745849609375,292.73846435546875
1762784663.4525528,remote,0.4642108082771301,207.98989868164062,25.379730224609375,354.0782165527344,289.42034912109375
1762784663.4525528,bottle,0.2977098226547241,441.6611022949219,155.34982299804688,639.9755859375,479.4697570800781
1762784663.5133297,person,0.6368364095687866,438.1159362792969,140.36053466796875,639.74755859375,478.7591552734375
1762784663.5133297,person,0.5861420035362244,1.9864501953125,0.937835693359375,371.3248291015625,478.44342041015625
1762784663.5133297,cell phone,0.5794730186462402,208.67835998535156,4.495208740234375,355.96630859375,272.7960510253906
1762784663.5133297,remote,0.5323829054832458,208.08045959472656,3.003662109375,355.3592529296875,272.199462890625
1762784663.5707626,remote,0.8835268616676331,206.2228546142578,0.0630645751953125,355.39495849609375,252.5528106689453
1762784663.5707626,cell phone,0.6012886762619019,207.0757293701172,0.3281097412109375,355.42559814453125,254.7843017578125
1762784663.5707626,person,0.5647459626197815,1.523956298828125,3.587646484375,368.8903503417969,478.4550476074219
1762784663.5707626,person,0.5525016188621521,436.51190185546875,123.24177551269531,639.8264770507812,478.46453857421875
1762784663.6244597,remote,0.8835268616676331,206.2228546142578,0.0630645751953125,355.39495849609375,252.5528106689453
1762784663.6244597,cell phone,0.6012886762619019,207.0757293701172,0.3281097412109375,355.42559814453125,254.7843017578125
1762784663.6244597,person,0.5647459626197815,1.523956298828125,3.587646484375,368.8903503417969,478.4550476074219
1762784663.6244597,person,0.5525016188621521,436.51190185546875,123.24177551269531,639.8264770507812,478.46453857421875
1762784663.6849105,remote,0.638924777507782,207.0715789794922,0.3907470703125,357.33343505859375,238.03671264648438
1762784663.6849105,person,0.5373145937919617,428.5765380859375,98.83059692382812,639.6895751953125,478.6803283691406
1762784663.6849105,person,0.5299292206764221,56.61444091796875,0.087310791015625,613.586181640625,478.8199768066406
1762784663.6849105,person,0.35979360342025757,0.6065216064453125,0.94110107421875,214.9313201904297,477.56732177734375
1762784663.6849105,cell phone,0.2531188130378723,207.04718017578125,0.16448974609375,358.5946044921875,238.3938751220703
1762784663.7375903,remote,0.638924777507782,207.0715789794922,0.3907470703125,357.33343505859375,238.03671264648438
1762784663.7375903,person,0.5373145937919617,428.5765380859375,98.83059692382812,639.6895751953125,478.6803283691406
1762784663.7375903,person,0.5299292206764221,56.61444091796875,0.087310791015625,613.586181640625,478.8199768066406
1762784663.7375903,person,0.35979360342025757,0.6065216064453125,0.94110107421875,214.9313201904297,477.56732177734375
1762784663.7375903,cell phone,0.2531188130378723,207.04718017578125,0.16448974609375,358.5946044921875,238.3938751220703
1762784663.794962,remote,0.7837458848953247,206.7479705810547,0.3819427490234375,357.86395263671875,228.68836975097656
1762784663.794962,cell phone,0.5220028758049011,207.27001953125,0.3714447021484375,358.05035400390625,230.6958465576172
1762784663.794962,person,0.5203725695610046,1.72601318359375,6.912628173828125,374.40875244140625,479.0897216796875
1762784663.794962,person,0.3007115423679352,259.6492919921875,100.0816650390625,639.2235107421875,479.76995849609375
1762784663.8413372,remote,0.7911747694015503,203.6923370361328,0.2870941162109375,355.38629150390625,228.91159057617188
1762784663.8413372,person,0.6387055516242981,1.191650390625,2.70660400390625,367.02978515625,478.9654541015625
1762784663.8413372,person,0.38292744755744934,262.00994873046875,97.7327880859375,639.5238037109375,479.67034912109375
1762784663.8922725,remote,0.6876258850097656,200.0101318359375,0.27496337890625,351.39910888671875,231.48373413085938
1762784663.8922725,person,0.5562150478363037,1.307830810546875,5.645172119140625,359.84716796875,478.9154968261719
1762784663.8922725,cell phone,0.40979522466659546,198.93951416015625,0.195831298828125,351.4578857421875,229.34078979492188
1762784663.9543285,remote,0.6120553612709045,186.44619750976562,0.088592529296875,342.4949645996094,242.8424072265625
1762784663.9543285,person,0.5125793814659119,0.2433929443359375,0.37017822265625,196.81629943847656,477.768798828125
1762784663.9543285,person,0.46259504556655884,417.997802734375,101.1173095703125,639.6226806640625,479.4288330078125
1762784663.9543285,person,0.3493635654449463,12.62677001953125,0.587310791015625,576.7182006835938,478.6695251464844
1762784664.015486,remote,0.5319264531135559,179.12815856933594,0.337677001953125,333.91650390625,251.33148193359375
1762784664.015486,person,0.484585165977478,0.26123046875,0.0,189.92767333984375,479.4404296875
1762784664.015486,person,0.44356682896614075,3.28118896484375,0.0,581.0431518554688,478.3912353515625
1762784664.015486,person,0.4195798933506012,408.000732421875,102.03178405761719,639.7679443359375,479.30157470703125
1762784664.0643973,person,0.2778809666633606,79.412353515625,0.0,638.16259765625,478.56585693359375
1762784664.0643973,person,0.2685377895832062,2.045440673828125,1.118072509765625,332.39794921875,477.71905517578125
1762784664.1246805,person,0.2778809666633606,79.412353515625,0.0,638.16259765625,478.56585693359375
1762784664.1246805,person,0.2685377895832062,2.045440673828125,1.118072509765625,332.39794921875,477.71905517578125
1762784664.1851556,person,0.6297581791877747,16.23388671875,0.765289306640625,638.9593505859375,478.1041259765625
1762784664.1851556,cup,0.3181993365287781,63.34613800048828,46.447998046875,251.69671630859375,338.1951599121094
1762784664.1851556,person,0.2880668342113495,0.1142425537109375,0.854766845703125,87.95747375488281,478.03814697265625
1762784664.2352843,person,0.42531847953796387,26.2852783203125,0.7589111328125,636.1546630859375,478.8446044921875
1762784664.2352843,person,0.2629072368144989,297.4918212890625,189.16552734375,633.8535766601562,478.89239501953125
1762784664.2946303,person,0.42531847953796387,26.2852783203125,0.7589111328125,636.1546630859375,478.8446044921875
1762784664.2946303,person,0.2629072368144989,297.4918212890625,189.16552734375,633.8535766601562,478.89239501953125
1762784664.3454185,person,0.49375882744789124,18.3662109375,0.0,634.1082763671875,477.93658447265625
1762784664.3454185,person,0.2868066132068634,257.27850341796875,201.59774780273438,605.7804565429688,480.0
1762784664.3995583,person,0.4823576807975769,42.08740234375,0.0,632.9525756835938,478.3173828125
1762784664.4528663,person,0.5180680751800537,14.00335693359375,5.138336181640625,619.439697265625,478.4980773925781
1762784664.4528663,bed,0.45065754652023315,8.387939453125,1.655914306640625,624.333984375,476.7223815917969
1762784664.5023005,bed,0.6541544795036316,16.20050048828125,1.537811279296875,636.8062744140625,477.6949768066406
1762784664.5023005,person,0.3745928108692169,6.9752197265625,224.00222778320312,589.779052734375,479.5941467285156
1762784664.5023005,laptop,0.3230830430984497,0.16571044921875,92.41232299804688,107.00747680664062,383.7965393066406
1762784664.5600467,bed,0.6541544795036316,16.20050048828125,1.537811279296875,636.8062744140625,477.6949768066406
1762784664.5600467,person,0.3745928108692169,6.9752197265625,224.00222778320312,589.779052734375,479.5941467285156
1762784664.5600467,laptop,0.3230830430984497,0.16571044921875,92.41232299804688,107.00747680664062,383.7965393066406
1762784664.612628,person,0.42063429951667786,5.45635986328125,227.07852172851562,600.3150634765625,479.6452941894531
1762784664.612628,bed,0.4038640260696411,9.11309814453125,1.308624267578125,629.7918090820312,477.2118225097656
1762784664.612628,remote,0.30134811997413635,0.22388458251953125,107.17724609375,89.86730194091797,389.92779541015625
1762784664.6708362,person,0.40814173221588135,5.1815185546875,231.6573486328125,555.6326293945312,479.61822509765625
1762784664.6708362,bed,0.31939902901649475,4.95843505859375,1.0211181640625,624.3848876953125,475.9022216796875
1762784664.6708362,cell phone,0.25787222385406494,0.0,112.79476928710938,83.59330749511719,422.8343200683594
1762784664.7160373,remote,0.49559736251831055,0.0,118.14678955078125,80.41732025146484,425.22271728515625
1762784664.7160373,person,0.4632246792316437,3.0992431640625,229.64788818359375,604.5467529296875,479.7327880859375
1762784664.7160373,bed,0.43823352456092834,2.03515625,0.808258056640625,626.4884033203125,478.5653076171875
1762784664.767349,person,0.5032883286476135,2.45037841796875,231.5625762939453,620.5533447265625,479.48504638671875
1762784664.767349,bed,0.3851873278617859,1.87451171875,1.1407470703125,627.8824462890625,478.720947265625
1762784664.767349,cell phone,0.37005558609962463,0.004974365234375,116.056640625,78.15296936035156,425.15740966796875
1762784664.8252404,person,0.5246918797492981,3.3470458984375,228.3499298095703,606.281982421875,479.70916748046875
1762784664.8252404,bed,0.43669620156288147,1.46063232421875,1.650299072265625,625.8663330078125,478.3912048339844
1762784664.8252404,remote,0.3558984100818634,0.0,115.14962768554688,78.92147827148438,425.5698547363281
1762784664.8742323,person,0.5246918797492981,3.3470458984375,228.3499298095703,606.281982421875,479.70916748046875
1762784664.8742323,bed,0.43669620156288147,1.46063232421875,1.650299072265625,625.8663330078125,478.3912048339844
1762784664.8742323,remote,0.3558984100818634,0.0,115.14962768554688,78.92147827148438,425.5698547363281
1762784664.9237952,person,0.50958651304245,7.1756591796875,231.50656127929688,612.6099853515625,479.4555358886719
1762784664.9237952,cell phone,0.41263410449028015,0.0046844482421875,115.54925537109375,80.06217193603516,416.61285400390625
1762784664.9237952,bed,0.38190263509750366,3.324462890625,1.52801513671875,627.6473388671875,478.4561767578125
1762784664.985623,remote,0.39989393949508667,0.33547210693359375,130.66867065429688,96.55076599121094,413.1133117675781
1762784664.985623,person,0.2689676880836487,8.59320068359375,0.705413818359375,627.0549926757812,476.7545166015625
1762784665.0430465,remote,0.5131273865699768,0.07376861572265625,135.08779907226562,107.61493682861328,419.9875183105469
1762784665.091426,remote,0.5131273865699768,0.07376861572265625,135.08779907226562,107.61493682861328,419.9875183105469
1762784665.1408644,cat,0.6133604049682617,0.3958740234375,1.62371826171875,260.49639892578125,264.9419860839844
1762784665.200041,bed,0.5023406744003296,7.8245849609375,0.7725830078125,638.5523681640625,477.2559814453125
1762784665.200041,cell phone,0.3290519118309021,0.303131103515625,155.77847290039062,150.2095947265625,426.7386779785156
1762784665.2477171,cell phone,0.2774137258529663,0.1638336181640625,146.88818359375,179.4102020263672,477.6334228515625
1762784665.2932937,cell phone,0.3887326121330261,23.827651977539062,132.23541259765625,201.29421997070312,413.54931640625
1762784665.2932937,person,0.2675972878932953,0.0,74.7646484375,62.81913375854492,478.5867919921875
1762784665.2932937,bed,0.26189935207366943,5.88580322265625,1.344268798828125,623.9691162109375,470.4419250488281
1762784665.3406267,cell phone,0.3887326121330261,23.827651977539062,132.23541259765625,201.29421997070312,413.54931640625
1762784665.3406267,person,0.2675972878932953,0.0,74.7646484375,62.81913375854492,478.5867919921875
1762784665.3406267,bed,0.26189935207366943,5.88580322265625,1.344268798828125,623.9691162109375,470.4419250488281
1762784665.3879266,person,0.488366961479187,88.71722412109375,4.71527099609375,634.58349609375,478.3179626464844
1762784665.3879266,person,0.33558210730552673,0.1947021484375,35.05052185058594,84.69831848144531,478.289306640625
1762784665.3879266,cup,0.2523515820503235,48.883880615234375,122.50260925292969,240.46902465820312,440.50067138671875
1762784665.4809558,cup,0.408731609582901,134.46185302734375,99.9359130859375,315.68853759765625,367.9225769042969
1762784665.4809558,person,0.39041778445243835,151.54490661621094,2.672607421875,639.613525390625,478.77783203125
1762784665.4809558,person,0.32674506306648254,0.02520751953125,5.695220947265625,155.79315185546875,477.0225524902344
1762784665.5258195,cup,0.408731609582901,134.46185302734375,99.9359130859375,315.68853759765625,367.9225769042969
1762784665.5258195,person,0.39041778445243835,151.54490661621094,2.672607421875,639.613525390625,478.77783203125
1762784665.5258195,person,0.32674506306648254,0.02520751953125,5.695220947265625,155.79315185546875,477.0225524902344
1762784665.5771415,person,0.4994109570980072,0.1713714599609375,0.7784423828125,186.34500122070312,478.61566162109375
1762784665.5771415,cell phone,0.4807082414627075,166.38018798828125,88.21713256835938,330.3414306640625,354.7509460449219
1762784665.5771415,remote,0.4335891306400299,165.95452880859375,90.79864501953125,331.4649658203125,355.0605163574219
1762784665.5771415,bed,0.4051103889942169,0.3519287109375,0.999603271484375,638.4468994140625,478.5622253417969
1762784665.5771415,person,0.36719363927841187,0.0,0.0,566.5546264648438,479.3779602050781
1762784665.5771415,person,0.26150867342948914,422.6715393066406,224.55853271484375,639.6810302734375,479.41558837890625
1762784665.6363382,person,0.582589328289032,0.2635345458984375,0.0,197.4224090576172,478.219970703125
1762784665.6363382,person,0.5151323080062866,1.9822998046875,0.0,462.1190185546875,479.2659606933594
1762784665.6363382,person,0.433284193277359,433.4349365234375,213.21435546875,639.4512939453125,479.50274658203125
1762784665.6363382,cell phone,0.38540923595428467,189.2098388671875,76.09976196289062,352.5885009765625,384.23388671875
1762784665.68205,cell phone,0.7984663844108582,201.9354248046875,75.1121826171875,362.4464111328125,340.52142333984375
1762784665.68205,bottle,0.48205792903900146,0.1224365234375,0.33416748046875,193.702392578125,283.712646484375
1762784665.68205,person,0.3990103006362915,107.16168212890625,1.86077880859375,638.2001953125,479.3565979003906
1762784665.68205,cup,0.3755662143230438,511.86614990234375,45.16962432861328,639.6397094726562,221.39239501953125
1762784665.68205,person,0.32148927450180054,0.159820556640625,1.84564208984375,211.88099670410156,478.99774169921875
1762784665.68205,person,0.2549489140510559,439.60992431640625,213.52366638183594,639.2500610351562,479.52392578125
1762784665.7291703,person,0.5907203555107117,0.260101318359375,0.0,234.61622619628906,477.38763427734375
1762784665.7291703,person,0.569700300693512,479.1346435546875,213.54840087890625,639.5762939453125,479.31573486328125
1762784665.7291703,cell phone,0.5479635000228882,218.747314453125,74.4686279296875,388.14239501953125,378.3643798828125
1762784665.7291703,person,0.4179227948188782,1.50982666015625,1.684417724609375,567.7994384765625,480.0
1762784665.7811558,person,0.5907203555107117,0.260101318359375,0.0,234.61622619628906,477.38763427734375
1762784665.7811558,person,0.569700300693512,479.1346435546875,213.54840087890625,639.5762939453125,479.31573486328125
1762784665.7811558,cell phone,0.5479635000228882,218.747314453125,74.4686279296875,388.14239501953125,378.3643798828125
1762784665.7811558,person,0.4179227948188782,1.50982666015625,1.684417724609375,567.7994384765625,480.0
1762784665.8390765,person,0.6861172318458557,1.8720703125,0.0,463.2118225097656,479.2588806152344
1762784665.8390765,remote,0.6319186091423035,248.9003448486328,77.54656982421875,401.76068115234375,340.5950012207031
1762784665.8390765,bed,0.41272687911987305,10.30908203125,0.8511962890625,636.456298828125,480.0
1762784665.8887045,cell phone,0.6061697006225586,255.4890594482422,76.07070922851562,420.04998779296875,422.6800537109375
1762784665.8887045,person,0.5936996340751648,492.9668884277344,209.02127075195312,639.3548583984375,479.4472961425781
1762784665.8887045,person,0.5537463426589966,0.5032958984375,1.219696044921875,263.55548095703125,478.86956787109375
1762784665.8887045,cup,0.5117524266242981,573.0628662109375,39.17826843261719,639.699951171875,216.28028869628906
1762784665.8887045,person,0.30795127153396606,2.41998291015625,0.17706298828125,596.9668579101562,479.1186828613281
1762784665.949244,cell phone,0.6061697006225586,255.4890594482422,76.07070922851562,420.04998779296875,422.6800537109375
1762784665.949244,person,0.5936996340751648,492.9668884277344,209.02127075195312,639.3548583984375,479.4472961425781
1762784665.949244,person,0.5537463426589966,0.5032958984375,1.219696044921875,263.55548095703125,478.86956787109375
1762784665.949244,cup,0.5117524266242981,573.0628662109375,39.17826843261719,639.699951171875,216.28028869628906
1762784665.949244,person,0.30795127153396606,2.41998291015625,0.17706298828125,596.9668579101562,479.1186828613281
1762784665.999414,person,0.7242703437805176,0.0,0.66888427734375,499.624267578125,479.96746826171875
1762784665.999414,cell phone,0.6063726544380188,267.09625244140625,77.35720825195312,424.84503173828125,343.07025146484375
1762784665.999414,remote,0.3757503032684326,266.40582275390625,76.11602783203125,425.0751953125,346.6546630859375
1762784665.999414,person,0.3270602226257324,433.5274658203125,218.62770080566406,639.3409423828125,479.6884765625
1762784666.065394,person,0.7579288482666016,0.0,0.0,491.48077392578125,479.212646484375
1762784666.065394,cell phone,0.4968925714492798,275.11639404296875,81.7066650390625,432.32562255859375,341.09600830078125
1762784666.065394,remote,0.4513891041278839,273.7384033203125,81.10183715820312,433.2257080078125,351.14984130859375
1762784666.065394,person,0.26065516471862793,517.4376220703125,221.998046875,639.5025634765625,479.45648193359375
1762784666.1248071,person,0.6628435254096985,2.46087646484375,1.646728515625,566.822509765625,479.2965087890625
1762784666.1248071,cell phone,0.5023995041847229,292.48944091796875,73.44100952148438,454.74896240234375,335.2801513671875
1762784666.1248071,person,0.42432841658592224,536.0718994140625,218.95626831054688,639.7537841796875,479.5332336425781
1762784666.1248071,bed,0.30791527032852173,26.67352294921875,1.593017578125,640.0,476.56536865234375
1762784666.1834393,person,0.6655950546264648,4.57806396484375,1.097503662109375,605.4554443359375,479.5205078125
1762784666.1834393,cell phone,0.4892124533653259,303.212890625,59.798828125,467.99609375,322.526611328125
1762784666.1834393,bed,0.46235141158103943,44.78314208984375,1.1109619140625,638.4854125976562,478.1224060058594
1762784666.1834393,person,0.4579416513442993,550.7471923828125,215.6523895263672,639.3902587890625,479.60491943359375
1762784666.2325656,person,0.5686954855918884,1.86248779296875,1.305206298828125,627.8801879882812,479.742919921875
1762784666.2325656,cell phone,0.36022570729255676,318.68548583984375,47.89886474609375,487.69207763671875,312.7318115234375
1762784666.2325656,bed,0.3052981197834015,62.74664306640625,0.0,638.353759765625,479.56463623046875
1762784666.293437,person,0.6804970502853394,1.37408447265625,1.318328857421875,629.3740844726562,478.3370056152344
1762784666.3357992,person,0.7248035669326782,3.34033203125,0.372772216796875,638.1864013671875,479.7085266113281
1762784666.390316,person,0.6998873353004456,0.8504638671875,2.268829345703125,633.10107421875,479.76416015625
1762784666.390316,remote,0.6137803196907043,380.91656494140625,0.10601806640625,555.8983764648438,244.09901428222656
1762784666.4524348,person,0.6998873353004456,0.8504638671875,2.268829345703125,633.10107421875,479.76416015625
1762784666.4524348,remote,0.6137803196907043,380.91656494140625,0.10601806640625,555.8983764648438,244.09901428222656
1762784666.5098917,person,0.5420151352882385,1.40167236328125,0.219573974609375,401.10211181640625,480.0
1762784666.5098917,remote,0.43775326013565063,388.476806640625,0.2083282470703125,564.1083984375,239.93138122558594
1762784666.559733,person,0.6883065104484558,1.1080322265625,1.941802978515625,627.5765991210938,479.30718994140625
1762784666.559733,remote,0.4692881405353546,392.93121337890625,0.2128753662109375,565.6946411132812,239.564208984375
1762784666.6208773,person,0.5471141338348389,1.40753173828125,0.54443359375,400.3328857421875,479.6318054199219
1762784666.6208773,person,0.4374282956123352,318.569580078125,0.284881591796875,604.7820434570312,479.300537109375
1762784666.6208773,remote,0.4236932694911957,390.36053466796875,0.259124755859375,557.9946899414062,229.82003784179688
1762784666.6808517,remote,0.713460385799408,387.185302734375,0.322906494140625,552.9552001953125,230.8428955078125
1762784666.6808517,person,0.6407216191291809,0.864990234375,2.864990234375,623.244384765625,479.60296630859375
1762784666.7318952,person,0.5575067400932312,8.65655517578125,0.139801025390625,395.5777893066406,479.5604553222656
1762784666.7318952,remote,0.43791496753692627,383.69061279296875,0.2555999755859375,549.396484375,225.82867431640625
1762784666.7318952,person,0.32276248931884766,310.0650634765625,2.39208984375,557.3740234375,478.61724853515625
1762784666.7994323,person,0.6794307827949524,0.88104248046875,2.1929931640625,622.7189331054688,479.31536865234375
1762784666.7994323,remote,0.6205481290817261,376.56109619140625,0.4674835205078125,540.0324096679688,231.85214233398438
1762784666.859975,person,0.8500796556472778,1.0439453125,1.183502197265625,637.2042236328125,480.0
1762784666.859975,remote,0.740201473236084,371.3447265625,0.2060089111328125,538.1396484375,237.7338104248047
1762784666.9244156,person,0.7415510416030884,0.0,1.71649169921875,632.1348266601562,479.8267822265625
1762784666.9244156,remote,0.6716827154159546,371.4593505859375,0.228515625,534.1638793945312,248.8060760498047
1762784666.9244156,person,0.26555681228637695,507.465087890625,2.896240234375,639.3848876953125,478.5584716796875
1762784666.9860299,person,0.7415510416030884,0.0,1.71649169921875,632.1348266601562,479.8267822265625
1762784666.9860299,remote,0.6716827154159546,371.4593505859375,0.228515625,534.1638793945312,248.8060760498047
1762784666.9860299,person,0.26555681228637695,507.465087890625,2.896240234375,639.3848876953125,478.5584716796875
1762784667.0445817,person,0.8878064751625061,1.23211669921875,3.224945068359375,635.9303588867188,478.125
1762784667.0445817,cell phone,0.6090113520622253,376.92510986328125,18.8443603515625,544.8263549804688,408.23028564453125
1762784667.092976,person,0.7490833401679993,1.98486328125,0.827117919921875,637.8360595703125,479.0610656738281
1762784667.092976,cell phone,0.5382630228996277,374.77606201171875,55.739715576171875,543.1204833984375,448.10577392578125
1762784667.15028,person,0.7490833401679993,1.98486328125,0.827117919921875,637.8360595703125,479.0610656738281
1762784667.15028,cell phone,0.5382630228996277,374.77606201171875,55.739715576171875,543.1204833984375,448.10577392578125
1762784667.2019176,cell phone,0.69945228099823,369.4886474609375,86.43994140625,540.228515625,467.31622314453125
1762784667.2019176,person,0.6586440801620483,2.28509521484375,0.0,640.0,478.9742126464844
1762784667.2622757,person,0.8595153093338013,1.94598388671875,10.62603759765625,639.4047241210938,478.88531494140625
1762784667.2622757,cell phone,0.7470993399620056,364.29217529296875,115.931640625,533.0193481445312,396.9747314453125
1762784667.3128223,person,0.7872750759124756,0.0,33.72511291503906,638.6297607421875,479.182861328125
1762784667.3128223,remote,0.7346093654632568,355.7650146484375,139.1346435546875,524.0421142578125,420.522216796875
1762784667.3128223,cell phone,0.7202999591827393,354.83624267578125,138.4241485595703,523.4373168945312,419.94940185546875
1762784667.3705182,remote,0.7677196264266968,349.87872314453125,153.94186401367188,516.867431640625,430.1717834472656
1762784667.3705182,person,0.665436327457428,0.0,22.30767822265625,638.6227416992188,480.0
1762784667.3705182,cell phone,0.6511251926422119,348.55841064453125,155.01507568359375,516.7785034179688,429.48199462890625
1762784667.3705182,bed,0.28930485248565674,97.0731201171875,6.664886474609375,639.1407470703125,478.59368896484375
1762784667.4212072,remote,0.7677196264266968,349.87872314453125,153.94186401367188,516.867431640625,430.1717834472656
1762784667.4212072,person,0.665436327457428,0.0,22.30767822265625,638.6227416992188,480.0
1762784667.4212072,cell phone,0.6511251926422119,348.55841064453125,155.01507568359375,516.7785034179688,429.48199462890625
1762784667.4212072,bed,0.28930485248565674,97.0731201171875,6.664886474609375,639.1407470703125,478.59368896484375
1762784667.4820392,remote,0.8522714376449585,345.45013427734375,162.19985961914062,509.3843994140625,435.8990783691406
1762784667.4820392,person,0.8300045132637024,0.0,58.815673828125,625.356689453125,479.7384033203125
1762784667.4820392,bed,0.3069198429584503,116.0465087890625,11.16717529296875,639.0553588867188,479.29534912109375
1762784667.5407484,person,0.8709797263145447,0.0,63.18693542480469,619.7222900390625,479.81964111328125
1762784667.5407484,cell phone,0.7391070127487183,339.92510986328125,163.4833984375,503.86578369140625,438.595703125
1762784667.5407484,bed,0.2957993745803833,91.95947265625,6.774444580078125,639.0944213867188,478.8410949707031
1762784667.590268,person,0.8773527145385742,0.0,53.78424072265625,638.5423583984375,479.08648681640625
1762784667.590268,cell phone,0.7130327820777893,338.46533203125,162.04449462890625,503.39508056640625,436.56744384765625
1762784667.6386483,person,0.8773527145385742,0.0,53.78424072265625,638.5423583984375,479.08648681640625
1762784667.6386483,cell phone,0.7130327820777893,338.46533203125,162.04449462890625,503.39508056640625,436.56744384765625
1762784667.7009494,person,0.8681510090827942,0.0,52.51568603515625,639.7294921875,479.302978515625
1762784667.7009494,cell phone,0.83742755651474,338.0140380859375,162.36952209472656,499.7789306640625,432.53076171875
1762784667.759864,person,0.8560965061187744,0.0,50.601226806640625,638.27001953125,480.0
1762784667.759864,cell phone,0.7866733074188232,337.4049072265625,154.2102813720703,499.10614013671875,426.95062255859375
1762784667.8105125,person,0.8443387746810913,0.1181640625,49.15757751464844,637.043701171875,479.91455078125
1762784667.8105125,cell phone,0.7206495404243469,336.76513671875,152.26361083984375,498.607177734375,421.5811767578125
1762784667.8705313,person,0.83469158411026,0.21795654296875,46.91835021972656,637.6842651367188,479.7398681640625
1762784667.8705313,cell phone,0.6868765354156494,336.60089111328125,151.6585693359375,498.179931640625,420.58062744140625
1762784667.8705313,remote,0.6520770192146301,335.1475830078125,153.4178466796875,498.36376953125,423.69317626953125
1762784667.9186661,person,0.8595866560935974,0.2347412109375,45.79890441894531,636.8292236328125,479.64837646484375
1762784667.9186661,cell phone,0.6730039715766907,335.7109375,152.28411865234375,498.635009765625,421.9515380859375
1762784667.9186661,remote,0.606452465057373,335.60980224609375,152.99786376953125,498.45233154296875,425.178466796875
1762784667.9652839,person,0.8595866560935974,0.2347412109375,45.79890441894531,636.8292236328125,479.64837646484375
1762784667.9652839,cell phone,0.6730039715766907,335.7109375,152.28411865234375,498.635009765625,421.9515380859375
1762784667.9652839,remote,0.606452465057373,335.60980224609375,152.99786376953125,498.45233154296875,425.178466796875
1762784668.0173228,person,0.8626086115837097,0.0,44.93821716308594,638.607177734375,479.775390625
1762784668.0173228,cell phone,0.6913522481918335,335.06134033203125,149.763916015625,498.75103759765625,418.7127685546875
1762784668.0772474,person,0.8368450999259949,0.0,37.79612731933594,640.0,479.492919921875
1762784668.0772474,remote,0.7362112998962402,332.55291748046875,148.23739624023438,494.64727783203125,416.5757141113281
1762784668.0772474,cell phone,0.4624783396720886,331.259521484375,148.81024169921875,494.865478515625,416.9801025390625
1762784668.0772474,person,0.25654566287994385,0.0,28.90289306640625,129.92755126953125,367.3547668457031
1762784668.1272123,person,0.8309598565101624,0.0,33.95574951171875,639.52490234375,479.496826171875
1762784668.1272123,cell phone,0.7007842659950256,332.10430908203125,145.79205322265625,494.56536865234375,416.90155029296875
1762784668.1829147,person,0.8374791145324707,0.0,34.37968444824219,621.9129638671875,479.56732177734375
1762784668.1829147,remote,0.747820258140564,330.90289306640625,143.20550537109375,495.50042724609375,414.7955322265625
1762784668.1829147,cell phone,0.49715355038642883,330.983642578125,142.4401397705078,495.3031005859375,413.09320068359375
1762784668.1829147,person,0.2535134553909302,0.0,22.289459228515625,128.39283752441406,376.4114685058594
1762784668.2345097,person,0.8374791145324707,0.0,34.37968444824219,621.9129638671875,479.56732177734375
1762784668.2345097,remote,0.747820258140564,330.90289306640625,143.20550537109375,495.50042724609375,414.7955322265625
1762784668.2345097,cell phone,0.49715355038642883,330.983642578125,142.4401397705078,495.3031005859375,413.09320068359375
1762784668.2345097,person,0.2535134553909302,0.0,22.289459228515625,128.39283752441406,376.4114685058594
1762784668.2963617,person,0.8407524824142456,0.0,32.7684326171875,625.9326171875,480.0
1762784668.2963617,remote,0.7452332973480225,329.8953857421875,144.40740966796875,490.4794921875,417.62322998046875
1762784668.2963617,person,0.2936190366744995,0.0,22.5482177734375,123.867431640625,381.8209228515625
1762784668.342162,person,0.833914041519165,0.0,33.29670715332031,636.384521484375,480.0
1762784668.342162,remote,0.8333650231361389,327.70458984375,145.30267333984375,487.8282470703125,417.7388916015625
1762784668.342162,bed,0.25880974531173706,242.72544860839844,2.06195068359375,639.2572021484375,478.6295166015625
1762784668.3999226,person,0.8274341225624084,0.0,34.21492004394531,636.1673583984375,479.94927978515625
1762784668.3999226,cell phone,0.6870864033699036,326.30670166015625,143.8828125,486.59869384765625,417.11248779296875
1762784668.3999226,remote,0.48896220326423645,326.8050537109375,144.15115356445312,487.21673583984375,427.4530944824219
1762784668.4526398,person,0.8274341225624084,0.0,34.21492004394531,636.1673583984375,479.94927978515625
1762784668.4526398,cell phone,0.6870864033699036,326.30670166015625,143.8828125,486.59869384765625,417.11248779296875
1762784668.4526398,remote,0.48896220326423645,326.8050537109375,144.15115356445312,487.21673583984375,427.4530944824219
1762784668.5147924,person,0.8279440402984619,0.0,32.96232604980469,637.0431518554688,480.0
1762784668.5147924,remote,0.7479737997055054,325.55462646484375,144.4449005126953,485.42681884765625,421.01605224609375
1762784668.575987,remote,0.8263142108917236,325.44110107421875,143.57403564453125,485.18634033203125,424.13214111328125
1762784668.575987,person,0.8044609427452087,0.0,34.13490295410156,629.3541259765625,479.9095458984375
1762784668.6317413,person,0.8178736567497253,0.0,32.07171630859375,544.5676879882812,480.0
1762784668.6317413,remote,0.737985372543335,323.15472412109375,142.39300537109375,481.93695068359375,425.32415771484375
1762784668.6317413,cell phone,0.528347909450531,323.52081298828125,142.8699188232422,481.28448486328125,424.92327880859375
1762784668.6836886,person,0.7916008830070496,0.0,31.0322265625,525.5863037109375,480.0
1762784668.6836886,cell phone,0.7055728435516357,320.20037841796875,140.1693878173828,477.12249755859375,425.27325439453125
1762784668.6836886,bed,0.3196820020675659,128.947021484375,0.0,638.7960815429688,479.830078125
1762784668.7322288,person,0.8084483742713928,0.0,33.18577575683594,512.0729370117188,480.0
1762784668.7322288,remote,0.6442884802818298,319.47406005859375,140.20953369140625,473.80731201171875,427.35614013671875
1762784668.7322288,cell phone,0.5129148364067078,318.2603454589844,140.41314697265625,474.1312561035156,429.0863037109375
1762784668.7322288,bed,0.30595695972442627,84.1939697265625,0.0,638.816650390625,480.0
1762784668.795437,person,0.8084483742713928,0.0,33.18577575683594,512.0729370117188,480.0
1762784668.795437,remote,0.6442884802818298,319.47406005859375,140.20953369140625,473.80731201171875,427.35614013671875
1762784668.795437,cell phone,0.5129148364067078,318.2603454589844,140.41314697265625,474.1312561035156,429.0863037109375
1762784668.795437,bed,0.30595695972442627,84.1939697265625,0.0,638.816650390625,480.0
1762784668.849372,person,0.7911030650138855,0.0,33.6893310546875,507.01953125,480.0
1762784668.849372,remote,0.7184191346168518,318.76971435546875,142.06809997558594,472.36358642578125,428.5201416015625
1762784668.849372,cell phone,0.3968053162097931,318.0220642089844,142.03851318359375,472.0640563964844,431.49566650390625
1762784668.9073734,person,0.8395887017250061,0.3089599609375,38.99761962890625,320.33624267578125,480.0
1762784668.9073734,remote,0.6536397337913513,317.4783935546875,144.1918182373047,469.1422119140625,430.59344482421875
1762784668.9073734,cell phone,0.5617293119430542,316.7914733886719,143.85723876953125,470.0760192871094,433.0157470703125
1762784668.9672732,person,0.8777678608894348,0.0762939453125,37.87010192871094,317.99395751953125,480.0
1762784668.9672732,remote,0.6415087580680847,316.3997802734375,143.90928649902344,468.36065673828125,430.639892578125
1762784668.9672732,cell phone,0.5743617415428162,315.95867919921875,143.53701782226562,468.81488037109375,432.9117736816406
1762784669.014796,person,0.7950907349586487,0.59600830078125,32.70603942871094,608.0286865234375,480.0
1762784669.014796,remote,0.6743990182876587,309.40753173828125,144.405517578125,466.87042236328125,431.55682373046875
1762784669.0637991,person,0.7950907349586487,0.59600830078125,32.70603942871094,608.0286865234375,480.0
1762784669.0637991,remote,0.6743990182876587,309.40753173828125,144.405517578125,466.87042236328125,431.55682373046875
1762784669.1267962,person,0.8037946224212646,0.8388671875,32.388092041015625,591.2498779296875,479.1579895019531
1762784669.1267962,remote,0.767683744430542,307.4178466796875,144.20530700683594,460.88739013671875,435.4515380859375
1762784669.1267962,cell phone,0.5304086804389954,306.3807067871094,145.9685516357422,459.7804260253906,433.92791748046875
1762784669.1877623,remote,0.8219354748725891,306.18072509765625,145.09072875976562,460.7430419921875,438.6706848144531
1762784669.1877623,person,0.8016350865364075,1.668701171875,32.080718994140625,567.431640625,478.66748046875
1762784669.2464619,remote,0.8219354748725891,306.18072509765625,145.09072875976562,460.7430419921875,438.6706848144531
1762784669.2464619,person,0.8016350865364075,1.668701171875,32.080718994140625,567.431640625,478.66748046875
1762784669.2990646,person,0.8029539585113525,1.1898193359375,31.93359375,596.39794921875,478.65704345703125
1762784669.2990646,remote,0.6930841207504272,305.57049560546875,144.95411682128906,460.30029296875,438.651123046875
1762784669.2990646,cell phone,0.6529343724250793,305.75115966796875,145.5668182373047,459.93756103515625,432.88323974609375
1762784669.3427112,person,0.775892972946167,1.24676513671875,31.646728515625,594.6654052734375,479.78387451171875
1762784669.3427112,cell phone,0.6945472359657288,301.38134765625,145.24781799316406,457.82183837890625,435.1217041015625
1762784669.3904605,person,0.8743475675582886,0.07098388671875,33.445068359375,301.73236083984375,479.10748291015625
1762784669.3904605,remote,0.5454189777374268,300.32183837890625,143.20559692382812,454.5694580078125,442.2468566894531
1762784669.3904605,cell phone,0.5351225137710571,299.44488525390625,143.40869140625,453.31756591796875,441.929931640625
1762784669.3904605,bed,0.2832436263561249,212.49510192871094,1.34991455078125,638.980224609375,477.2957763671875
1762784669.4369373,person,0.9250599145889282,0.10260009765625,33.51036071777344,301.51092529296875,479.2186279296875
1762784669.4369373,remote,0.5968204140663147,300.99749755859375,144.04690551757812,454.74029541015625,437.9000549316406
1762784669.4369373,cell phone,0.5600247383117676,299.6787109375,146.789794921875,453.347900390625,435.989501953125
1762784669.4369373,bed,0.3202115297317505,222.87696838378906,1.694915771484375,638.997802734375,477.15313720703125
1762784669.4833617,person,0.8432322144508362,0.01373291015625,33.038177490234375,304.6136474609375,479.1387023925781
1762784669.4833617,cell phone,0.6417652368545532,300.46173095703125,142.615478515625,453.56158447265625,433.76318359375
1762784669.4833617,person,0.2747424840927124,98.86480712890625,0.0,639.6355590820312,480.0
1762784669.5316896,person,0.8385555744171143,0.0196533203125,32.931365966796875,301.5150146484375,479.1338195800781
1762784669.5316896,remote,0.6163814663887024,301.71795654296875,142.36785888671875,456.0606689453125,437.83685302734375
1762784669.5316896,cell phone,0.49755480885505676,300.35430908203125,145.2979736328125,454.88995361328125,435.609619140625
1762784669.5316896,person,0.3214128315448761,105.57952880859375,0.0,639.2887573242188,479.8435974121094
1762784669.5928326,person,0.8385555744171143,0.0196533203125,32.931365966796875,301.5150146484375,479.1338195800781
1762784669.5928326,remote,0.6163814663887024,301.71795654296875,142.36785888671875,456.0606689453125,437.83685302734375
1762784669.5928326,cell phone,0.49755480885505676,300.35430908203125,145.2979736328125,454.88995361328125,435.609619140625
1762784669.5928326,person,0.3214128315448761,105.57952880859375,0.0,639.2887573242188,479.8435974121094
1762784669.6374786,person,0.7728567719459534,0.017242431640625,32.282958984375,299.4417419433594,479.0528564453125
1762784669.6374786,cell phone,0.6192341446876526,298.466796875,142.9050750732422,453.2529296875,443.86407470703125
1762784669.6374786,bed,0.30367133021354675,253.6413116455078,1.2569580078125,639.3936157226562,477.5576171875
1762784669.6862082,person,0.8845244646072388,0.080047607421875,32.84809875488281,298.1806335449219,479.34222412109375
1762784669.6862082,cell phone,0.6231924891471863,296.75469970703125,144.4542236328125,451.28912353515625,450.79449462890625
1762784669.6862082,remote,0.4892147183418274,296.8781433105469,144.41744995117188,452.4796447753906,442.1170959472656
1762784669.6862082,bed,0.46822789311408997,189.9556884765625,2.25665283203125,638.8038330078125,477.845947265625
1762784669.736739,person,0.8060244917869568,0.08306884765625,33.854736328125,297.85736083984375,479.33355712890625
1762784669.736739,remote,0.5887234807014465,296.06658935546875,144.86659240722656,450.40863037109375,450.8477783203125
1762784669.736739,cell phone,0.5320622324943542,295.3170471191406,146.6650390625,450.4245910644531,439.39068603515625
1762784669.736739,bed,0.4626205265522003,206.15521240234375,2.425994873046875,638.6397705078125,477.83837890625
1762784669.736739,person,0.25367292761802673,78.47369384765625,0.212677001953125,639.3065185546875,477.6346740722656
1762784669.7942154,person,0.7987378835678101,0.00213623046875,32.0810546875,299.38165283203125,479.42608642578125
1762784669.7942154,cell phone,0.5882713794708252,296.15545654296875,144.52871704101562,450.31683349609375,446.7665100097656
1762784669.7942154,remote,0.4910249710083008,296.84906005859375,144.5792236328125,452.72271728515625,440.99627685546875
1762784669.7942154,bed,0.4123097360134125,139.3961639404297,2.22723388671875,638.8672485351562,477.84130859375
1762784669.8432674,person,0.7987378835678101,0.00213623046875,32.0810546875,299.38165283203125,479.42608642578125
1762784669.8432674,cell phone,0.5882713794708252,296.15545654296875,144.52871704101562,450.31683349609375,446.7665100097656
1762784669.8432674,remote,0.4910249710083008,296.84906005859375,144.5792236328125,452.72271728515625,440.99627685546875
1762784669.8432674,bed,0.4123097360134125,139.3961639404297,2.22723388671875,638.8672485351562,477.84130859375
1762784669.9045963,person,0.8637824654579163,0.01531982421875,32.6424560546875,298.27392578125,479.28826904296875
1762784669.9045963,cell phone,0.6144564151763916,297.008544921875,144.0985565185547,450.9686279296875,445.68060302734375
1762784669.9045963,remote,0.4699215292930603,297.59588623046875,143.89614868164062,452.17340087890625,438.9604187011719
1762784669.9045963,bed,0.43761149048805237,189.14137268066406,2.268280029296875,638.783447265625,477.75494384765625
1762784669.963567,person,0.8641456961631775,0.0,32.29345703125,297.7939453125,479.18359375
1762784669.963567,cell phone,0.5873866081237793,296.09417724609375,143.53839111328125,449.79437255859375,442.55303955078125
1762784669.963567,remote,0.5583975911140442,297.1944580078125,142.8751220703125,452.4239501953125,436.05352783203125
1762784669.963567,bed,0.40218380093574524,155.3279571533203,2.4678955078125,638.7511596679688,477.51055908203125
1762784670.013643,person,0.8641456961631775,0.0,32.29345703125,297.7939453125,479.18359375
1762784670.013643,cell phone,0.5873866081237793,296.09417724609375,143.53839111328125,449.79437255859375,442.55303955078125
1762784670.013643,remote,0.5583975911140442,297.1944580078125,142.8751220703125,452.4239501953125,436.05352783203125
1762784670.013643,bed,0.40218380093574524,155.3279571533203,2.4678955078125,638.7511596679688,477.51055908203125
1762784670.0751016,person,0.797732412815094,0.0,28.472991943359375,498.19354248046875,480.0
1762784670.0751016,remote,0.5716641545295715,296.36871337890625,143.7674102783203,451.81689453125,436.58843994140625
1762784670.0751016,cell phone,0.5509452223777771,295.39801025390625,143.88592529296875,449.19464111328125,443.25201416015625
1762784670.0751016,bed,0.4320342540740967,177.249267578125,2.6954345703125,638.7725830078125,477.85369873046875
1762784670.1211066,person,0.8052077293395996,0.0072021484375,31.45416259765625,298.899169921875,479.04852294921875
1762784670.1211066,cell phone,0.5889564752578735,295.59014892578125,144.60345458984375,449.58758544921875,440.09051513671875
1762784670.1211066,remote,0.549778938293457,296.05731201171875,144.50526428222656,450.41033935546875,439.489013671875
1762784670.1211066,bed,0.3724580407142639,194.96693420410156,2.66802978515625,638.648681640625,477.6805419921875
1762784670.1702373,person,0.7626416087150574,0.1080322265625,33.4952392578125,298.58282470703125,478.94537353515625
1762784670.1702373,remote,0.5984370112419128,295.8394775390625,144.9044189453125,450.2159423828125,447.51434326171875
1762784670.1702373,cell phone,0.5150074362754822,295.36181640625,144.76715087890625,449.02142333984375,447.97271728515625
1762784670.1702373,bed,0.41759899258613586,217.25270080566406,2.858734130859375,638.826416015625,478.12176513671875
1762784670.230657,person,0.8153157830238342,0.0,30.115692138671875,499.9795837402344,480.0
1762784670.230657,remote,0.7050977945327759,293.743896484375,145.77481079101562,448.4202880859375,447.2380676269531
1762784670.230657,cell phone,0.5302205681800842,292.6383056640625,147.12823486328125,448.5648193359375,439.425048828125
1762784670.230657,bed,0.3870026767253876,142.96424865722656,3.346954345703125,638.6746826171875,477.9267578125
1762784670.2814412,person,0.885200023651123,0.045806884765625,33.9344482421875,294.36859130859375,479.30535888671875
1762784670.2814412,remote,0.7295933961868286,293.8348083496094,146.89492797851562,445.9838562011719,443.7684020996094
1762784670.2814412,bed,0.38038164377212524,207.1934051513672,2.471282958984375,638.8391723632812,477.8829040527344
1762784670.3388467,person,0.885200023651123,0.045806884765625,33.9344482421875,294.36859130859375,479.30535888671875
1762784670.3388467,remote,0.7295933961868286,293.8348083496094,146.89492797851562,445.9838562011719,443.7684020996094
1762784670.3388467,bed,0.38038164377212524,207.1934051513672,2.471282958984375,638.8391723632812,477.8829040527344
1762784670.3916209,person,0.7945327758789062,0.064849853515625,33.72515869140625,293.79425048828125,479.40020751953125
1762784670.3916209,remote,0.5935923457145691,292.3277282714844,148.5597381591797,445.4388122558594,442.61236572265625
1762784670.3916209,cell phone,0.38815027475357056,291.05157470703125,147.72918701171875,444.35150146484375,457.732177734375
1762784670.3916209,bed,0.30916664004325867,218.590576171875,2.771392822265625,638.6920166015625,478.24127197265625
1762784670.4489598,person,0.8323671817779541,0.151397705078125,37.4339599609375,289.7718505859375,479.08709716796875
1762784670.4489598,remote,0.7726375460624695,287.90106201171875,153.7291259765625,439.6668701171875,448.0496826171875
1762784670.4489598,bed,0.3536132872104645,239.50511169433594,1.898406982421875,638.9366455078125,478.2239685058594
1762784670.4489598,person,0.3247900903224945,245.47576904296875,285.617431640625,639.3758544921875,479.764404296875
1762784670.4950712,person,0.8323671817779541,0.151397705078125,37.4339599609375,289.7718505859375,479.08709716796875
1762784670.4950712,remote,0.7726375460624695,287.90106201171875,153.7291259765625,439.6668701171875,448.0496826171875
1762784670.4950712,bed,0.3536132872104645,239.50511169433594,1.898406982421875,638.9366455078125,478.2239685058594
1762784670.4950712,person,0.3247900903224945,245.47576904296875,285.617431640625,639.3758544921875,479.764404296875
1762784670.5437002,person,0.7770141363143921,0.138427734375,36.385589599609375,290.03521728515625,479.4211120605469
1762784670.5437002,remote,0.6398230791091919,287.5721435546875,153.530517578125,439.131591796875,447.88787841796875
1762784670.5437002,cell phone,0.41541779041290283,286.6668701171875,153.43675231933594,440.32672119140625,458.9952392578125
1762784670.5437002,bed,0.3820628821849823,224.13990783691406,2.4752197265625,638.964599609375,479.2470703125
1762784670.5437002,person,0.2987934947013855,241.961669921875,284.6076965332031,639.1832275390625,479.8103942871094
1762784670.6041727,person,0.8996325731277466,0.18548583984375,35.33148193359375,287.64556884765625,479.26336669921875
1762784670.6041727,remote,0.7951312065124512,286.9066162109375,152.65577697753906,438.0958251953125,447.1495361328125
1762784670.6041727,bed,0.4284352660179138,254.63165283203125,1.5589599609375,638.8433837890625,478.1798095703125
1762784670.6041727,person,0.34042832255363464,252.29412841796875,284.20159912109375,639.2832641601562,479.7940673828125
1762784670.6519783,person,0.8996325731277466,0.18548583984375,35.33148193359375,287.64556884765625,479.26336669921875
1762784670.6519783,remote,0.7951312065124512,286.9066162109375,152.65577697753906,438.0958251953125,447.1495361328125
1762784670.6519783,bed,0.4284352660179138,254.63165283203125,1.5589599609375,638.8433837890625,478.1798095703125
1762784670.6519783,person,0.34042832255363464,252.29412841796875,284.20159912109375,639.2832641601562,479.7940673828125
1762784670.6999662,person,0.8811063170433044,0.209075927734375,33.6923828125,287.2332763671875,478.678466796875
1762784670.6999662,remote,0.7500126361846924,284.85736083984375,153.24110412597656,436.91656494140625,449.4169921875
1762784670.6999662,bed,0.44385501742362976,263.30615234375,1.651763916015625,639.120849609375,477.8785705566406
1762784670.6999662,cell phone,0.4437888562679291,284.35003662109375,153.50770568847656,438.22442626953125,464.039306640625
1762784670.747079,person,0.8853700757026672,0.285858154296875,36.364776611328125,285.24609375,479.5835266113281
1762784670.747079,cell phone,0.6636224389076233,284.6341247558594,153.26150512695312,436.7988586425781,449.7955627441406
1762784670.747079,remote,0.6223260760307312,284.28717041015625,154.1396484375,437.08624267578125,446.830322265625
1762784670.747079,bed,0.5383198857307434,261.80303955078125,1.3443603515625,638.9202270507812,478.23345947265625
1762784670.747079,person,0.30203676223754883,261.3756103515625,283.98419189453125,639.3790893554688,479.82025146484375
1762784670.8051631,person,0.773769199848175,0.334136962890625,33.9788818359375,288.7818603515625,479.6365966796875
1762784670.8051631,remote,0.7477428317070007,286.7064514160156,150.13467407226562,439.3768615722656,447.4360046386719
1762784670.8051631,bed,0.5097880363464355,189.653564453125,2.416534423828125,638.8350219726562,478.1174011230469
1762784670.8051631,person,0.36305224895477295,239.92181396484375,281.08782958984375,639.3228759765625,479.77691650390625
1762784670.85532,person,0.8700486421585083,0.290863037109375,33.22221374511719,287.83868408203125,479.26287841796875
1762784670.85532,remote,0.7942014932632446,287.11749267578125,149.25042724609375,439.87762451171875,448.08551025390625
1762784670.85532,bed,0.4472948908805847,257.97991943359375,2.926025390625,639.1195068359375,477.68798828125
1762784670.85532,person,0.30318647623062134,257.22100830078125,270.55047607421875,638.3707885742188,479.363037109375
1762784670.9025834,person,0.839370608329773,0.33148193359375,30.522216796875,288.6292724609375,478.6432189941406
1762784670.9025834,remote,0.8322528600692749,285.95306396484375,149.76300048828125,439.61334228515625,449.57769775390625
1762784670.9025834,bed,0.3632339537143707,255.5782470703125,3.0721435546875,639.1132202148438,477.46649169921875
1762784670.9025834,person,0.2936984598636627,264.46136474609375,277.8419189453125,639.0053100585938,479.62939453125
1762784670.9514089,person,0.839370608329773,0.33148193359375,30.522216796875,288.6292724609375,478.6432189941406
1762784670.9514089,remote,0.8322528600692749,285.95306396484375,149.76300048828125,439.61334228515625,449.57769775390625
1762784670.9514089,bed,0.3632339537143707,255.5782470703125,3.0721435546875,639.1132202148438,477.46649169921875
1762784670.9514089,person,0.2936984598636627,264.46136474609375,277.8419189453125,639.0053100585938,479.62939453125
1762784671.007857,cell phone,0.7175894975662231,278.54351806640625,153.79278564453125,434.98419189453125,452.85260009765625
1762784671.007857,person,0.7138288617134094,0.0,28.04754638671875,526.560791015625,479.7629699707031
1762784671.007857,bed,0.4930494427680969,246.485595703125,1.491424560546875,638.8955688476562,477.61260986328125
1762784671.0601802,person,0.7618492841720581,0.5147705078125,33.53370666503906,282.12188720703125,478.828857421875
1762784671.0601802,cell phone,0.67238849401474,278.681640625,154.03578186035156,434.7559814453125,453.019775390625
1762784671.0601802,bed,0.48312702775001526,242.01312255859375,1.69580078125,638.9811401367188,477.660888671875
1762784671.1225855,person,0.7618492841720581,0.5147705078125,33.53370666503906,282.12188720703125,478.828857421875
1762784671.1225855,cell phone,0.67238849401474,278.681640625,154.03578186035156,434.7559814453125,453.019775390625
1762784671.1225855,bed,0.48312702775001526,242.01312255859375,1.69580078125,638.9811401367188,477.660888671875
1762784671.182876,person,0.807995080947876,0.0,26.98712158203125,507.87603759765625,479.5693664550781
1762784671.182876,cell phone,0.6627650260925293,278.3140869140625,154.03887939453125,434.17059326171875,452.154541015625
1762784671.182876,bed,0.4018326997756958,174.07518005371094,2.25933837890625,638.8438720703125,477.961669921875
1762784671.2319126,person,0.7974089980125427,0.0,27.47979736328125,509.6031188964844,479.9278564453125
1762784671.2319126,cell phone,0.7294403910636902,278.90771484375,153.42132568359375,434.92108154296875,451.3326416015625
1762784671.2319126,bed,0.4024815857410431,218.32920837402344,2.063995361328125,638.897216796875,477.7851867675781
1762784671.293725,person,0.7640329003334045,0.0,25.751007080078125,534.1297607421875,479.7298583984375
1762784671.293725,cell phone,0.7379626631736755,277.31146240234375,154.97634887695312,434.43011474609375,449.1829528808594
1762784671.293725,bed,0.44144207239151,140.8887939453125,2.3782958984375,638.836669921875,477.44293212890625
1762784671.3555825,person,0.7297764420509338,0.0,24.7913818359375,530.729736328125,479.9096374511719
1762784671.3555825,cell phone,0.6841651201248169,276.2862548828125,154.18629455566406,431.899169921875,454.119384765625
1762784671.3555825,bed,0.3887886703014374,230.14991760253906,2.6148681640625,638.9937744140625,477.26837158203125
1762784671.4165673,person,0.7805926203727722,1.109039306640625,25.090606689453125,497.5863952636719,479.73602294921875
1762784671.4165673,cell phone,0.6430313587188721,272.5103759765625,153.63180541992188,429.738037109375,464.6046447753906
1762784671.4165673,bed,0.2697448134422302,67.45599365234375,2.781402587890625,638.9560546875,477.4442138671875
1762784671.465585,person,0.7756673097610474,0.0,25.71875,510.2728271484375,479.582275390625
1762784671.465585,cell phone,0.7164034247398376,274.36102294921875,154.16888427734375,428.862060546875,453.11279296875
1762784671.465585,bed,0.34040507674217224,220.58758544921875,2.34490966796875,638.8463134765625,477.4520263671875
1762784671.5309248,person,0.7364792227745056,0.0,27.187591552734375,521.626220703125,479.58953857421875
1762784671.5309248,cell phone,0.7198583483695984,276.57415771484375,152.99493408203125,430.60992431640625,454.17919921875
1762784671.5309248,bed,0.3853885233402252,225.34527587890625,1.890045166015625,639.0776977539062,477.59564208984375
1762784671.5904098,person,0.7967485189437866,0.0,26.097137451171875,515.3841552734375,479.62060546875
1762784671.5904098,cell phone,0.7254752516746521,277.0999755859375,151.54360961914062,431.2293701171875,451.5969543457031
1762784671.5904098,bed,0.3930387794971466,206.98150634765625,2.59283447265625,639.0032348632812,477.4981689453125
1762784671.6368935,person,0.7967485189437866,0.0,26.097137451171875,515.3841552734375,479.62060546875
1762784671.6368935,cell phone,0.7254752516746521,277.0999755859375,151.54360961914062,431.2293701171875,451.5969543457031
1762784671.6368935,bed,0.3930387794971466,206.98150634765625,2.59283447265625,639.0032348632812,477.4981689453125
1762784671.6862533,person,0.8256735801696777,0.0,25.014190673828125,508.95367431640625,479.62615966796875
1762784671.6862533,cell phone,0.6376914381980896,277.66900634765625,150.71768188476562,432.16546630859375,449.2955627441406
1762784671.6862533,remote,0.548922061920166,276.7798767089844,150.7716064453125,433.5657653808594,446.5650634765625
1762784671.6862533,bed,0.25150105357170105,240.65740966796875,2.0411376953125,639.0328369140625,477.297119140625
1762784671.7459447,person,0.8166851997375488,0.0,20.723968505859375,504.9351501464844,479.419921875
1762784671.7459447,cell phone,0.6774591207504272,275.9874267578125,150.4698028564453,429.841796875,451.01605224609375
1762784671.7931726,person,0.760335385799408,0.7227783203125,25.8436279296875,471.78021240234375,479.07733154296875
1762784671.7931726,cell phone,0.6898238062858582,275.95562744140625,149.2307891845703,430.80780029296875,446.04998779296875
1762784671.7931726,bed,0.2794272303581238,248.388916015625,1.81976318359375,639.0223999023438,477.14593505859375
1762784671.7931726,person,0.259905606508255,263.53607177734375,280.4482116699219,639.6154174804688,479.7615051269531
1762784671.841616,person,0.8036940693855286,0.0,23.624908447265625,507.9145812988281,479.41839599609375
1762784671.841616,cell phone,0.7202138304710388,275.5924072265625,148.9539794921875,431.27392578125,459.47393798828125
1762784671.9017782,person,0.8077120184898376,0.0,23.93548583984375,481.1153564453125,478.4029541015625
1762784671.9017782,cell phone,0.6880959272384644,276.94232177734375,147.861572265625,430.97796630859375,447.4794921875
1762784671.954255,person,0.8077120184898376,0.0,23.93548583984375,481.1153564453125,478.4029541015625
1762784671.954255,cell phone,0.6880959272384644,276.94232177734375,147.861572265625,430.97796630859375,447.4794921875
1762784672.0192714,person,0.7702478766441345,0.0,21.77349853515625,505.74627685546875,479.985595703125
1762784672.0192714,cell phone,0.6876398324966431,277.2662048339844,146.46929931640625,431.3242492675781,445.1741943359375
1762784672.080853,person,0.7313647866249084,1.6514892578125,13.5968017578125,531.6873779296875,480.0
1762784672.080853,cell phone,0.6400182843208313,255.25277709960938,134.1042022705078,416.5690002441406,429.86761474609375
1762784672.141066,person,0.7313647866249084,1.6514892578125,13.5968017578125,531.6873779296875,480.0
1762784672.141066,cell phone,0.6400182843208313,255.25277709960938,134.1042022705078,416.5690002441406,429.86761474609375
1762784672.199531,cell phone,0.837736964225769,238.86180114746094,125.26406860351562,404.9151611328125,419.1938781738281
1762784672.199531,person,0.7656829357147217,1.61102294921875,8.1204833984375,584.9588623046875,478.7889404296875
1762784672.250468,cell phone,0.837736964225769,238.86180114746094,125.26406860351562,404.9151611328125,419.1938781738281
1762784672.250468,person,0.7656829357147217,1.61102294921875,8.1204833984375,584.9588623046875,478.7889404296875
1762784672.312578,person,0.7589731216430664,0.5946044921875,2.07269287109375,427.7562255859375,480.0
1762784672.312578,remote,0.667708694934845,217.25436401367188,114.89634704589844,370.9010925292969,405.6829833984375
1762784672.312578,bed,0.5801583528518677,130.15248107910156,1.7310791015625,638.0235595703125,479.12408447265625
1762784672.312578,person,0.318011611700058,166.9417724609375,232.3392333984375,638.3161010742188,479.5518798828125
1762784672.3693209,person,0.745032548904419,1.08880615234375,0.0,583.7843627929688,479.5096435546875
1762784672.3693209,cell phone,0.6421203017234802,208.91961669921875,115.59600830078125,365.490478515625,407.818115234375
1762784672.3693209,bed,0.27203449606895447,49.60137939453125,1.421630859375,637.642578125,478.29180908203125
1762784672.4197867,cell phone,0.837501049041748,184.18309020996094,116.85150146484375,348.1761474609375,408.7125244140625
1762784672.4676807,cell phone,0.7338796257972717,163.77639770507812,118.43244934082031,333.4537048339844,409.03253173828125
1762784672.4676807,bottle,0.281294047832489,0.149627685546875,3.78466796875,165.30926513671875,325.9300842285156
1762784672.515206,cell phone,0.6979392170906067,131.41796875,119.9534912109375,311.96539306640625,413.49835205078125
1762784672.515206,person,0.2525506913661957,241.0147705078125,1.6962890625,640.0,478.8590087890625
1762784672.5749853,cell phone,0.6979392170906067,131.41796875,119.9534912109375,311.96539306640625,413.49835205078125
1762784672.5749853,person,0.2525506913661957,241.0147705078125,1.6962890625,640.0,478.8590087890625
1762784672.6232855,cell phone,0.8282394409179688,116.68701934814453,117.763427734375,282.5416259765625,409.352294921875
1762784672.6232855,person,0.3136323392391205,1.060150146484375,1.450897216796875,381.8683166503906,479.333984375
1762784672.6232855,person,0.2977314591407776,0.229156494140625,3.00482177734375,129.48587036132812,477.5195007324219
1762784672.6702936,cell phone,0.7324082255363464,96.29390716552734,112.50712585449219,266.8813171386719,404.39056396484375
1762784672.6702936,person,0.3647846281528473,390.8884582519531,231.05062866210938,639.5810546875,479.2522277832031
1762784672.7181885,cell phone,0.8124425411224365,73.12378692626953,111.42019653320312,247.11572265625,408.0879211425781
1762784672.7181885,person,0.2731107771396637,0.19303131103515625,2.494110107421875,89.87726593017578,477.9377746582031
1762784672.7641063,cell phone,0.8124425411224365,73.12378692626953,111.42019653320312,247.11572265625,408.0879211425781
1762784672.7641063,person,0.2731107771396637,0.19303131103515625,2.494110107421875,89.87726593017578,477.9377746582031
1762784672.8128428,cell phone,0.6080226898193359,44.27903747558594,113.87307739257812,228.54393005371094,412.5120544433594
1762784672.8128428,person,0.46373406052589417,172.7158203125,1.22259521484375,637.429443359375,478.18927001953125
1762784672.8128428,person,0.2502259314060211,343.7579345703125,233.3047332763672,636.7455444335938,479.23370361328125
1762784672.8738718,remote,0.7329428791999817,26.000442504882812,99.62225341796875,195.85313415527344,408.56353759765625
1762784672.9191492,remote,0.5436076521873474,21.8209228515625,90.005126953125,188.71646118164062,404.385498046875
1762784672.9191492,person,0.3793331980705261,320.6278076171875,225.9138641357422,636.4739990234375,479.45440673828125
1762784672.9191492,person,0.35936135053634644,8.92352294921875,0.747802734375,637.4232788085938,478.36700439453125
1762784672.9677825,remote,0.8018767833709717,23.366744995117188,77.48394775390625,191.83084106445312,393.0084228515625
1762784672.9677825,person,0.34200727939605713,321.29046630859375,212.130126953125,639.3623046875,478.209228515625
1762784672.9677825,person,0.273732990026474,11.1741943359375,0.213165283203125,638.195068359375,477.97833251953125
1762784673.0150673,remote,0.8018767833709717,23.366744995117188,77.48394775390625,191.83084106445312,393.0084228515625
1762784673.0150673,person,0.34200727939605713,321.29046630859375,212.130126953125,639.3623046875,478.209228515625
1762784673.0150673,person,0.273732990026474,11.1741943359375,0.213165283203125,638.195068359375,477.97833251953125
1762784673.0740213,cell phone,0.42103639245033264,42.260398864746094,20.289886474609375,220.54910278320312,341.9860534667969
1762784673.0740213,person,0.39204299449920654,322.51983642578125,184.28968811035156,636.37744140625,479.4627685546875
1762784673.1233525,person,0.4655027985572815,335.13690185546875,163.78302001953125,637.0420532226562,478.3328857421875
1762784673.1233525,person,0.28064051270484924,0.211212158203125,0.0,258.5901794433594,478.1566162109375
1762784673.1233525,bottle,0.2750868499279022,463.1082763671875,388.19573974609375,544.0177001953125,479.78485107421875
1762784673.1233525,cell phone,0.25540691614151,52.079864501953125,0.50836181640625,229.82888793945312,361.991943359375
1762784673.1713278,remote,0.87856525182724,62.11590576171875,0.462005615234375,231.014892578125,300.0141296386719
1762784673.1713278,cell phone,0.7078860998153687,60.973846435546875,0.027008056640625,231.38583374023438,299.36700439453125
1762784673.1713278,bottle,0.424152672290802,463.8763427734375,377.5699462890625,546.8648681640625,479.6090087890625
1762784673.1713278,person,0.41418156027793884,154.1654052734375,1.005645751953125,637.2266845703125,474.8137512207031
1762784673.1713278,person,0.29791060090065,0.45440673828125,2.463104248046875,262.80718994140625,478.0384826660156
1762784673.2178466,remote,0.87856525182724,62.11590576171875,0.462005615234375,231.014892578125,300.0141296386719
1762784673.2178466,cell phone,0.7078860998153687,60.973846435546875,0.027008056640625,231.38583374023438,299.36700439453125
1762784673.2178466,bottle,0.424152672290802,463.8763427734375,377.5699462890625,546.8648681640625,479.6090087890625
1762784673.2178466,person,0.41418156027793884,154.1654052734375,1.005645751953125,637.2266845703125,474.8137512207031
1762784673.2178466,person,0.29791060090065,0.45440673828125,2.463104248046875,262.80718994140625,478.0384826660156
1762784673.266375,remote,0.923458993434906,63.707374572753906,0.23748779296875,237.72512817382812,286.70953369140625
1762784673.266375,cell phone,0.6421217322349548,64.18133544921875,0.215606689453125,236.89578247070312,286.5701904296875
1762784673.266375,person,0.4835490584373474,2.51947021484375,3.0029296875,267.2247619628906,479.0279846191406
1762784673.266375,person,0.31526219844818115,337.67303466796875,131.16363525390625,638.7196655273438,479.84381103515625
1762784673.266375,bottle,0.29368987679481506,470.36041259765625,369.407958984375,552.9359741210938,480.0
1762784673.3285887,cell phone,0.4227278530597687,79.83599853515625,0.3176116943359375,255.10693359375,254.74818420410156
1762784673.3285887,person,0.3815637528896332,0.0,0.84124755859375,636.1802978515625,478.959716796875
1762784673.3285887,person,0.3442494571208954,0.599853515625,4.079803466796875,284.36260986328125,478.49627685546875
1762784673.3285887,person,0.288940966129303,347.07598876953125,100.95880126953125,639.3932495117188,478.79156494140625
1762784673.388961,person,0.30011600255966187,5.58740234375,0.881622314453125,635.81982421875,478.7384948730469
1762784673.388961,cell phone,0.29020196199417114,91.07421875,0.0,271.28118896484375,234.68470764160156
1762784673.437372,person,0.4464966356754303,358.7879638671875,68.4027099609375,639.537109375,479.17755126953125
1762784673.437372,person,0.36767345666885376,0.854156494140625,1.837890625,307.2655334472656,479.09326171875
1762784673.437372,donut,0.28567925095558167,566.188720703125,281.80230712890625,639.86083984375,395.73760986328125
1762784673.498642,person,0.346243292093277,374.0076904296875,54.76776123046875,639.471435546875,479.442138671875
1762784673.498642,person,0.3110100030899048,0.1335601806640625,0.539093017578125,130.51734924316406,474.2900390625
1762784673.498642,person,0.2534521222114563,10.982635498046875,2.83489990234375,316.9783020019531,478.833251953125
1762784673.5608394,person,0.346243292093277,374.0076904296875,54.76776123046875,639.471435546875,479.442138671875
1762784673.5608394,person,0.3110100030899048,0.1335601806640625,0.539093017578125,130.51734924316406,474.2900390625
1762784673.5608394,person,0.2534521222114563,10.982635498046875,2.83489990234375,316.9783020019531,478.833251953125
1762784673.6226275,cell phone,0.5534343719482422,144.56781005859375,0.0,306.8482360839844,165.2902374267578
1762784673.6226275,person,0.39061421155929565,391.09393310546875,20.768585205078125,639.7161254882812,478.65277099609375
1762784673.6226275,person,0.3331049680709839,1.916473388671875,0.294097900390625,331.0152587890625,478.7571105957031
1762784673.6226275,person,0.2819674611091614,64.91162109375,18.85235595703125,637.74072265625,479.06451416015625
1762784673.6681588,cell phone,0.5534343719482422,144.56781005859375,0.0,306.8482360839844,165.2902374267578
1762784673.6681588,person,0.39061421155929565,391.09393310546875,20.768585205078125,639.7161254882812,478.65277099609375
1762784673.6681588,person,0.3331049680709839,1.916473388671875,0.294097900390625,331.0152587890625,478.7571105957031
1762784673.6681588,person,0.2819674611091614,64.91162109375,18.85235595703125,637.74072265625,479.06451416015625
1762784673.7184215,cell phone,0.4768454432487488,146.51815795898438,0.0,308.71728515625,160.98599243164062
1762784673.7184215,person,0.47386759519577026,3.13568115234375,0.0,637.1370239257812,480.0
1762784673.7184215,person,0.2617782950401306,395.8368835449219,11.04119873046875,639.707763671875,479.0795593261719
1762784673.7797534,person,0.533359706401825,2.0072021484375,0.792755126953125,333.3643798828125,480.0
1762784673.7797534,cell phone,0.44327834248542786,147.22381591796875,0.01422119140625,308.6377868652344,161.93008422851562
1762784673.7797534,person,0.42284324765205383,396.644287109375,13.39093017578125,639.4752197265625,479.45721435546875
1762784673.7797534,bed,0.28326845169067383,5.9124755859375,1.100982666015625,639.2193603515625,478.3844909667969
1762784673.8421953,person,0.533359706401825,2.0072021484375,0.792755126953125,333.3643798828125,480.0
1762784673.8421953,cell phone,0.44327834248542786,147.22381591796875,0.01422119140625,308.6377868652344,161.93008422851562
1762784673.8421953,person,0.42284324765205383,396.644287109375,13.39093017578125,639.4752197265625,479.45721435546875
1762784673.8421953,bed,0.28326845169067383,5.9124755859375,1.100982666015625,639.2193603515625,478.3844909667969
1762784673.9053028,cell phone,0.523777961730957,143.83804321289062,0.0,306.6395263671875,157.967041015625
1762784673.9053028,person,0.43137651681900024,1.28692626953125,1.377777099609375,334.29443359375,477.5033874511719
1762784673.9053028,person,0.3436238169670105,393.9967041015625,6.602783203125,639.5709228515625,478.703369140625
1762784673.965669,person,0.5061705708503723,2.616119384765625,0.67352294921875,336.5444641113281,478.7096252441406
1762784673.965669,person,0.4113907516002655,0.274139404296875,0.578277587890625,150.28036499023438,474.6172180175781
1762784673.965669,person,0.41038432717323303,390.6450500488281,7.917572021484375,639.5341796875,478.71923828125
1762784673.965669,cell phone,0.4047558903694153,142.99624633789062,0.0,306.63958740234375,157.67288208007812
1762784674.008106,person,0.5061705708503723,2.616119384765625,0.67352294921875,336.5444641113281,478.7096252441406
1762784674.008106,person,0.4113907516002655,0.274139404296875,0.578277587890625,150.28036499023438,474.6172180175781
1762784674.008106,person,0.41038432717323303,390.6450500488281,7.917572021484375,639.5341796875,478.71923828125
1762784674.008106,cell phone,0.4047558903694153,142.99624633789062,0.0,306.63958740234375,157.67288208007812
1762784674.0608096,cell phone,0.633119523525238,136.52130126953125,0.198333740234375,302.69195556640625,160.17050170898438
1762784674.0608096,person,0.4961735010147095,386.1134033203125,7.721435546875,639.22314453125,478.75836181640625
1762784674.0608096,person,0.41024211049079895,3.3267822265625,1.3287353515625,574.1229248046875,476.54132080078125
1762784674.0608096,person,0.2754960060119629,0.2143096923828125,0.72174072265625,142.12490844726562,473.5382080078125
1762784674.1238995,person,0.4070064127445221,3.915771484375,8.38958740234375,312.95849609375,478.9572448730469
1762784674.1238995,person,0.37402841448783875,369.64434814453125,17.969757080078125,639.8013305664062,479.07373046875
1762784674.1238995,person,0.3380363881587982,0.02603912353515625,0.587677001953125,123.15799713134766,470.4465026855469
1762784674.1238995,cell phone,0.2740018665790558,117.92227172851562,0.087005615234375,285.414306640625,172.62832641601562
1762784674.1836545,person,0.4070064127445221,3.915771484375,8.38958740234375,312.95849609375,478.9572448730469
1762784674.1836545,person,0.37402841448783875,369.64434814453125,17.969757080078125,639.8013305664062,479.07373046875
1762784674.1836545,person,0.3380363881587982,0.02603912353515625,0.587677001953125,123.15799713134766,470.4465026855469
1762784674.1836545,cell phone,0.2740018665790558,117.92227172851562,0.087005615234375,285.414306640625,172.62832641601562
1762784674.2376962,person,0.45254218578338623,0.0,0.43463134765625,118.1563491821289,474.8309326171875
1762784674.2376962,person,0.4202447533607483,361.7462158203125,18.095458984375,639.5722045898438,479.20550537109375
1762784674.2376962,person,0.3994845449924469,2.770599365234375,1.951629638671875,457.33587646484375,477.330078125
1762784674.2376962,cell phone,0.3859314024448395,111.67559814453125,0.1245880126953125,280.63531494140625,175.26365661621094
1762784674.2952871,person,0.4843825101852417,57.819091796875,14.7109375,640.0,479.5877685546875
1762784674.2952871,cell phone,0.464519739151001,106.45343017578125,0.1829681396484375,274.5718994140625,177.36817932128906
1762784674.2952871,person,0.43339160084724426,2.21954345703125,5.985107421875,302.49053955078125,479.1107177734375
1762784674.3548005,person,0.6111858487129211,2.58197021484375,3.31219482421875,292.9462890625,479.63360595703125
1762784674.3548005,person,0.353324294090271,359.08416748046875,29.35302734375,639.349365234375,478.76116943359375
1762784674.3548005,cell phone,0.33007967472076416,98.49319458007812,0.450836181640625,266.7636413574219,191.2442626953125
1762784674.3548005,person,0.2553052604198456,0.0,0.840545654296875,97.07532501220703,474.4488220214844
1762784674.4051578,person,0.4557478129863739,2.356231689453125,4.001953125,288.64312744140625,479.7283935546875
1762784674.4051578,person,0.40983885526657104,360.3231201171875,30.89215087890625,639.65966796875,479.1955871582031
1762784674.4051578,person,0.3626103401184082,0.0,0.711578369140625,97.92144775390625,475.7735900878906
1762784674.4612012,person,0.5569809675216675,1.10528564453125,3.201080322265625,289.15130615234375,479.80859375
1762784674.4612012,person,0.42592036724090576,354.6304931640625,42.885589599609375,639.344970703125,479.9066467285156
1762784674.4612012,person,0.34015965461730957,15.405517578125,0.0,637.847900390625,480.0
1762784674.4612012,person,0.3216973841190338,0.0,1.081298828125,92.16500854492188,474.9986877441406
1762784674.5136924,person,0.5569809675216675,1.10528564453125,3.201080322265625,289.15130615234375,479.80859375
1762784674.5136924,person,0.42592036724090576,354.6304931640625,42.885589599609375,639.344970703125,479.9066467285156
1762784674.5136924,person,0.34015965461730957,15.405517578125,0.0,637.847900390625,480.0
1762784674.5136924,person,0.3216973841190338,0.0,1.081298828125,92.16500854492188,474.9986877441406
1762784674.575159,person,0.6124101281166077,0.1550140380859375,0.0,88.84248352050781,476.91796875
1762784674.575159,person,0.5493269562721252,22.6802978515625,37.85760498046875,638.0131225585938,479.28717041015625
1762784674.575159,person,0.46187469363212585,2.77862548828125,3.5843505859375,283.1734619140625,479.81622314453125
1762784674.639397,person,0.4651027321815491,25.26983642578125,23.962890625,637.6470336914062,478.88592529296875
1762784674.639397,person,0.31074249744415283,0.919097900390625,6.031982421875,290.4648742675781,477.62994384765625
1762784674.7005694,person,0.4651027321815491,25.26983642578125,23.962890625,637.6470336914062,478.88592529296875
1762784674.7005694,person,0.31074249744415283,0.919097900390625,6.031982421875,290.4648742675781,477.62994384765625
1762784674.7482803,person,0.5550341010093689,10.589111328125,27.218505859375,637.914306640625,479.050048828125
1762784674.7482803,person,0.3620355725288391,1.1085205078125,5.7559814453125,286.08135986328125,477.77777099609375
1762784674.7482803,cell phone,0.3186965882778168,79.34453582763672,0.040679931640625,248.3260498046875,214.80239868164062
1762784674.7966387,person,0.6047723293304443,3.099609375,30.7518310546875,638.1221923828125,478.94647216796875
1762784674.7966387,cell phone,0.2872156500816345,80.23739624023438,0.0,249.53298950195312,213.2729034423828
1762784674.7966387,person,0.27262377738952637,0.913482666015625,3.786651611328125,286.0262756347656,479.746337890625
1762784674.8569891,person,0.4580371677875519,0.9906005859375,2.231109619140625,284.36395263671875,480.0
1762784674.8569891,person,0.4480215311050415,32.6053466796875,39.42189025878906,637.6829223632812,479.0538330078125
1762784674.8569891,cell phone,0.27043506503105164,80.90928649902344,0.0170135498046875,249.31690979003906,212.34864807128906
1762784674.8569891,person,0.25727418065071106,0.04019927978515625,0.279541015625,88.21484375,476.1497802734375
1762784674.9044938,person,0.5823574662208557,3.82843017578125,37.617401123046875,637.9531860351562,479.0434265136719
1762784674.9044938,person,0.2673921287059784,0.850494384765625,3.136322021484375,285.5448303222656,479.7216796875
1762784674.9044938,person,0.2660309076309204,353.66705322265625,50.77532958984375,639.3357543945312,479.7320556640625
1762784674.9572847,person,0.5059146285057068,16.67852783203125,39.79399108886719,637.8179931640625,478.89373779296875
1762784674.9572847,person,0.3784483075141907,0.040130615234375,0.410430908203125,86.95832824707031,476.55413818359375
1762784674.9572847,person,0.3774174451828003,0.4000244140625,5.201690673828125,287.21832275390625,478.6251220703125
1762784674.9572847,cell phone,0.3077852725982666,80.65603637695312,0.0,250.623779296875,213.1492919921875
1762784674.9572847,person,0.28804144263267517,351.64544677734375,54.89924621582031,639.4522705078125,479.06121826171875
1762784675.014297,person,0.5059146285057068,16.67852783203125,39.79399108886719,637.8179931640625,478.89373779296875
1762784675.014297,person,0.3784483075141907,0.040130615234375,0.410430908203125,86.95832824707031,476.55413818359375
1762784675.014297,person,0.3774174451828003,0.4000244140625,5.201690673828125,287.21832275390625,478.6251220703125
1762784675.014297,cell phone,0.3077852725982666,80.65603637695312,0.0,250.623779296875,213.1492919921875
1762784675.014297,person,0.28804144263267517,351.64544677734375,54.89924621582031,639.4522705078125,479.06121826171875
1762784675.0650136,person,0.44411033391952515,30.80682373046875,40.52569580078125,637.7626953125,478.68463134765625
1762784675.0650136,person,0.3351321816444397,0.993621826171875,2.992523193359375,288.5894470214844,479.49462890625
1762784675.1277688,person,0.4691641330718994,49.1884765625,38.043212890625,637.0655517578125,478.694091796875
1762784675.1277688,person,0.3222258388996124,1.378814697265625,1.66729736328125,287.9657287597656,479.6654052734375
1762784675.1858666,person,0.4691641330718994,49.1884765625,38.043212890625,637.0655517578125,478.694091796875
1762784675.1858666,person,0.3222258388996124,1.378814697265625,1.66729736328125,287.9657287597656,479.6654052734375
1762784675.2337222,person,0.46709346771240234,350.85357666015625,55.97834777832031,639.2233276367188,479.47906494140625
1762784675.2337222,person,0.3795796036720276,1.1314697265625,2.941162109375,287.03228759765625,479.84320068359375
1762784675.2832644,person,0.41278716921806335,353.7691650390625,55.51506042480469,639.333251953125,479.35626220703125
1762784675.2832644,person,0.39599254727363586,1.16278076171875,2.54443359375,288.01007080078125,479.6890869140625
1762784675.2832644,person,0.2638816833496094,0.06131744384765625,0.343841552734375,87.61991882324219,476.8270568847656
1762784675.333824,person,0.41278716921806335,353.7691650390625,55.51506042480469,639.333251953125,479.35626220703125
1762784675.333824,person,0.39599254727363586,1.16278076171875,2.54443359375,288.01007080078125,479.6890869140625
1762784675.333824,person,0.2638816833496094,0.06131744384765625,0.343841552734375,87.61991882324219,476.8270568847656
1762784675.39631,person,0.47983232140541077,20.76220703125,25.661590576171875,637.570068359375,479.00152587890625
1762784675.39631,person,0.40644362568855286,1.439239501953125,3.115997314453125,285.8947448730469,479.6756896972656
1762784675.39631,cell phone,0.3901538848876953,77.44136810302734,0.0,249.34323120117188,220.58360290527344
1762784675.39631,person,0.3649725019931793,356.2164306640625,56.2708740234375,639.1431274414062,479.50457763671875
1762784675.4586112,person,0.5092397928237915,1.687652587890625,2.19110107421875,285.14166259765625,479.7691650390625
1762784675.4586112,person,0.4884013235569,351.3270263671875,56.27323913574219,639.441650390625,479.49017333984375
1762784675.4586112,person,0.3016674220561981,0.05767822265625,0.885406494140625,87.12556457519531,475.3521423339844
1762784675.519805,person,0.5092397928237915,1.687652587890625,2.19110107421875,285.14166259765625,479.7691650390625
1762784675.519805,person,0.4884013235569,351.3270263671875,56.27323913574219,639.441650390625,479.49017333984375
1762784675.519805,person,0.3016674220561981,0.05767822265625,0.885406494140625,87.12556457519531,475.3521423339844
1762784675.5802674,person,0.6485394239425659,355.2186279296875,58.442901611328125,639.469970703125,479.3263854980469
1762784675.5802674,cell phone,0.42502638697624207,76.47960662841797,0.0,248.697021484375,224.20095825195312
1762784675.5802674,person,0.3832951784133911,1.2611083984375,1.87640380859375,288.57373046875,479.62451171875
1762784675.6289008,person,0.4687659442424774,350.74566650390625,57.845367431640625,639.4569091796875,479.5839538574219
1762784675.6289008,cell phone,0.43565189838409424,77.98831176757812,0.0,249.49127197265625,222.53443908691406
1762784675.6289008,person,0.4031273126602173,1.27996826171875,2.880035400390625,288.4801025390625,479.7842712402344
1762784675.6745174,person,0.4687659442424774,350.74566650390625,57.845367431640625,639.4569091796875,479.5839538574219
1762784675.6745174,cell phone,0.43565189838409424,77.98831176757812,0.0,249.49127197265625,222.53443908691406
1762784675.6745174,person,0.4031273126602173,1.27996826171875,2.880035400390625,288.4801025390625,479.7842712402344
1762784675.7215185,person,0.459041565656662,352.51275634765625,57.15582275390625,639.4939575195312,479.313720703125
1762784675.7215185,person,0.4091050922870636,1.165435791015625,2.5518798828125,287.03045654296875,479.6771240234375
1762784675.7215185,cell phone,0.3609694838523865,78.078857421875,0.0,249.833984375,223.40966796875
1762784675.7680204,person,0.539656400680542,353.7149658203125,59.21302795410156,639.45849609375,479.631103515625
1762784675.7680204,person,0.415609210729599,1.133819580078125,1.821319580078125,286.58636474609375,479.25970458984375
1762784675.7680204,cell phone,0.40313002467155457,77.2641830444336,0.0,249.32882690429688,224.91139221191406
1762784675.7680204,person,0.32967039942741394,27.48736572265625,35.89585876464844,637.3932495117188,478.938232421875
1762784675.8188403,person,0.539656400680542,353.7149658203125,59.21302795410156,639.45849609375,479.631103515625
1762784675.8188403,person,0.415609210729599,1.133819580078125,1.821319580078125,286.58636474609375,479.25970458984375
1762784675.8188403,cell phone,0.40313002467155457,77.2641830444336,0.0,249.32882690429688,224.91139221191406
1762784675.8188403,person,0.32967039942741394,27.48736572265625,35.89585876464844,637.3932495117188,478.938232421875
1762784675.8783238,person,0.5444777607917786,352.992919921875,59.56787109375,639.419677734375,479.66162109375
1762784675.8783238,person,0.3899102807044983,0.6612548828125,2.709503173828125,296.94921875,479.85406494140625
1762784675.8783238,cell phone,0.3536813259124756,77.50030517578125,0.0,249.9881591796875,223.78707885742188
1762784675.8783238,person,0.25644996762275696,0.07049560546875,0.96246337890625,85.28030395507812,474.8746643066406
1762784675.9277995,person,0.5460553765296936,353.3016357421875,58.97528076171875,639.2738037109375,479.44293212890625
1762784675.9277995,person,0.5296319127082825,0.3890380859375,4.690277099609375,286.0137939453125,478.5863037109375
1762784675.9277995,cell phone,0.33620819449424744,77.25662994384766,0.0,249.54067993164062,225.33834838867188
1762784675.9277995,person,0.3210204243659973,25.6441650390625,44.20794677734375,638.3924560546875,479.82196044921875
1762784675.9875286,person,0.5460553765296936,353.3016357421875,58.97528076171875,639.2738037109375,479.44293212890625
1762784675.9875286,person,0.5296319127082825,0.3890380859375,4.690277099609375,286.0137939453125,478.5863037109375
1762784675.9875286,cell phone,0.33620819449424744,77.25662994384766,0.0,249.54067993164062,225.33834838867188
1762784675.9875286,person,0.3210204243659973,25.6441650390625,44.20794677734375,638.3924560546875,479.82196044921875
1762784676.038867,person,0.5214924812316895,354.9168701171875,60.15419006347656,639.4866943359375,479.91845703125
1762784676.038867,person,0.38176530599594116,24.7088623046875,41.27435302734375,637.873779296875,478.790771484375
1762784676.038867,person,0.3817053437232971,1.63446044921875,4.305755615234375,287.97149658203125,479.7667236328125
1762784676.038867,cell phone,0.3474698066711426,74.96072387695312,0.0,246.2611083984375,229.8228759765625
1762784676.0988796,person,0.5164621472358704,1.59991455078125,8.5780029296875,285.35296630859375,479.79010009765625
1762784676.0988796,cell phone,0.42736855149269104,71.26616668701172,0.0,245.60406494140625,230.5796356201172
1762784676.0988796,person,0.38392823934555054,18.03741455078125,34.93528747558594,637.6415405273438,478.8751220703125
1762784676.0988796,person,0.29474666714668274,348.1319580078125,60.321990966796875,639.33251953125,479.4204406738281
1762784676.1466641,cell phone,0.4795885384082794,74.2820816040039,0.0,246.22891235351562,227.794921875
1762784676.1466641,person,0.4542587697505951,1.244842529296875,11.09942626953125,280.0762634277344,477.736572265625
1762784676.1466641,person,0.4233662188053131,347.89019775390625,61.315185546875,639.3955078125,479.67718505859375
1762784676.1466641,person,0.40408778190612793,15.53173828125,47.5037841796875,637.431884765625,478.92327880859375
1762784676.1466641,bed,0.3108319342136383,13.6156005859375,0.3907470703125,637.1539306640625,479.7228088378906
1762784676.2104921,person,0.48757845163345337,1.75518798828125,9.51702880859375,292.2762451171875,479.88958740234375
1762784676.2104921,person,0.45539698004722595,4.41436767578125,39.0399169921875,636.933837890625,479.084716796875
1762784676.2104921,cell phone,0.35152381658554077,74.15496826171875,0.0,247.66973876953125,228.57571411132812
1762784676.2104921,person,0.3174279034137726,355.791259765625,62.1807861328125,639.40087890625,480.0
1762784676.2722425,person,0.492154598236084,1.74468994140625,12.678863525390625,279.288818359375,479.5137939453125
1762784676.2722425,person,0.37747836112976074,42.73431396484375,39.59480285644531,637.2152099609375,479.09478759765625
1762784676.2722425,cell phone,0.3335359990596771,75.0550537109375,0.0,247.50115966796875,231.5928955078125
1762784676.2722425,person,0.3117378354072571,355.34423828125,63.1815185546875,639.3531494140625,480.0
1762784676.3177054,person,0.492154598236084,1.74468994140625,12.678863525390625,279.288818359375,479.5137939453125
1762784676.3177054,person,0.37747836112976074,42.73431396484375,39.59480285644531,637.2152099609375,479.09478759765625
1762784676.3177054,cell phone,0.3335359990596771,75.0550537109375,0.0,247.50115966796875,231.5928955078125
1762784676.3177054,person,0.3117378354072571,355.34423828125,63.1815185546875,639.3531494140625,480.0
1762784676.3693402,cell phone,0.5503378510475159,69.47651672363281,0.0,244.24949645996094,235.05624389648438
1762784676.3693402,person,0.46701580286026,8.57623291015625,34.843994140625,637.1372680664062,478.91546630859375
1762784676.3693402,person,0.3784160912036896,1.0579833984375,7.139434814453125,288.702392578125,477.9760437011719
1762784676.3693402,person,0.31954917311668396,352.1593017578125,52.11297607421875,639.3157958984375,479.79736328125
1762784676.426841,cell phone,0.646929919719696,70.31779479980469,0.0,243.0010223388672,234.94346618652344
1762784676.426841,person,0.4747925400733948,13.16204833984375,35.55426025390625,637.5543212890625,479.06585693359375
1762784676.426841,person,0.3492811620235443,1.287384033203125,12.00665283203125,285.9476623535156,479.77093505859375
1762784676.4766812,cell phone,0.6639572381973267,68.81695556640625,0.0,243.24630737304688,233.7262725830078
1762784676.4766812,person,0.3888680934906006,39.09661865234375,37.775604248046875,637.0458374023438,478.9803771972656
1762784676.4766812,person,0.3558197319507599,1.0740966796875,12.161773681640625,279.33477783203125,477.9139404296875
1762784676.4766812,person,0.32800430059432983,352.00543212890625,64.740234375,639.3154296875,479.8548583984375
1762784676.5258403,person,0.520481526851654,351.20819091796875,54.82609558105469,639.2589111328125,479.57696533203125
1762784676.5258403,cell phone,0.4739620089530945,71.97099304199219,0.0,247.5411834716797,231.966064453125
1762784676.5258403,person,0.3598250150680542,14.37451171875,25.491119384765625,638.23583984375,479.95660400390625
1762784676.5258403,person,0.3578238785266876,1.494293212890625,3.9044189453125,284.5870056152344,478.6875
1762784676.5843298,person,0.520481526851654,351.20819091796875,54.82609558105469,639.2589111328125,479.57696533203125
1762784676.5843298,cell phone,0.4739620089530945,71.97099304199219,0.0,247.5411834716797,231.966064453125
1762784676.5843298,person,0.3598250150680542,14.37451171875,25.491119384765625,638.23583984375,479.95660400390625
1762784676.5843298,person,0.3578238785266876,1.494293212890625,3.9044189453125,284.5870056152344,478.6875
1762784676.6361246,cell phone,0.5848948955535889,68.65359497070312,0.0,244.79464721679688,236.27203369140625
1762784676.6361246,person,0.5042561292648315,39.44317626953125,45.34895324707031,637.6883544921875,478.91815185546875
1762784676.6361246,person,0.3742459714412689,1.536224365234375,10.286468505859375,293.08770751953125,479.8811950683594
1762784676.6930716,cell phone,0.619813859462738,69.87158203125,0.0,244.62814331054688,236.1779022216797
1762784676.6930716,person,0.5287600755691528,15.28265380859375,43.51190185546875,637.5091552734375,479.04217529296875
1762784676.6930716,person,0.3665274977684021,1.203460693359375,6.1773681640625,281.3752136230469,479.8272399902344
1762784676.6930716,person,0.3158298432826996,350.362060546875,58.830780029296875,639.1981201171875,479.9533996582031
1762784676.7381947,person,0.5828618407249451,3.9906005859375,37.86370849609375,637.5408935546875,478.99261474609375
1762784676.7381947,cell phone,0.5529912710189819,69.66551208496094,0.0,244.8218536376953,234.65509033203125
1762784676.7381947,person,0.3459262549877167,1.206451416015625,5.825439453125,283.9323425292969,477.9010009765625
1762784676.7381947,person,0.26880210638046265,351.15771484375,61.594024658203125,639.2522583007812,479.8390197753906
1762784676.7865577,person,0.5828618407249451,3.9906005859375,37.86370849609375,637.5408935546875,478.99261474609375
1762784676.7865577,cell phone,0.5529912710189819,69.66551208496094,0.0,244.8218536376953,234.65509033203125
1762784676.7865577,person,0.3459262549877167,1.206451416015625,5.825439453125,283.9323425292969,477.9010009765625
1762784676.7865577,person,0.26880210638046265,351.15771484375,61.594024658203125,639.2522583007812,479.8390197753906
1762784676.836038,cell phone,0.5267753601074219,69.9208755493164,0.0,244.70101928710938,235.8272705078125
1762784676.836038,person,0.45561590790748596,7.19793701171875,34.3759765625,637.4666137695312,479.156982421875
1762784676.836038,person,0.40501338243484497,1.655975341796875,8.9720458984375,289.6306457519531,479.9215087890625
1762784676.8972352,cell phone,0.6371005177497864,69.0875015258789,0.0,244.73477172851562,236.03526306152344
1762784676.8972352,person,0.48476991057395935,46.15032958984375,40.95097351074219,637.3391723632812,479.07635498046875
1762784676.8972352,person,0.45243704319000244,1.210906982421875,20.338775634765625,278.5594482421875,479.6681213378906
1762784676.9485865,cell phone,0.6395332217216492,69.11380767822266,0.0,243.85971069335938,236.38389587402344
1762784676.9485865,person,0.47584259510040283,1.250701904296875,10.43890380859375,280.69610595703125,479.5064697265625
1762784676.9485865,person,0.391232430934906,33.32373046875,37.79719543457031,636.9220581054688,478.94976806640625
1762784676.9485865,person,0.317569375038147,352.01226806640625,66.19949340820312,639.3202514648438,480.0
1762784677.0087621,cell phone,0.5985873341560364,69.29447174072266,0.0,244.49899291992188,236.3085174560547
1762784677.0087621,person,0.48669031262397766,28.0809326171875,19.574310302734375,637.8909912109375,480.0
1762784677.0087621,person,0.46814244985580444,1.46026611328125,20.1102294921875,281.08349609375,479.5921936035156
1762784677.0557463,cell phone,0.6021876335144043,69.3375244140625,0.0,244.47769165039062,236.41622924804688
1762784677.0557463,person,0.48570379614830017,13.87774658203125,38.1998291015625,636.8955688476562,479.053466796875
1762784677.0557463,person,0.3918208181858063,1.518707275390625,6.03924560546875,279.9582824707031,479.64691162109375
1762784677.0557463,person,0.27431830763816833,349.4344482421875,56.091217041015625,639.2974853515625,479.6321105957031
1762784677.1198058,cell phone,0.6021876335144043,69.3375244140625,0.0,244.47769165039062,236.41622924804688
1762784677.1198058,person,0.48570379614830017,13.87774658203125,38.1998291015625,636.8955688476562,479.053466796875
1762784677.1198058,person,0.3918208181858063,1.518707275390625,6.03924560546875,279.9582824707031,479.64691162109375
1762784677.1198058,person,0.27431830763816833,349.4344482421875,56.091217041015625,639.2974853515625,479.6321105957031
1762784677.1872976,cell phone,0.6041886210441589,69.78438568115234,0.0,244.85446166992188,236.0489044189453
1762784677.1872976,person,0.49179890751838684,13.1142578125,41.93946838378906,637.72314453125,479.1822509765625
1762784677.1872976,person,0.3515501320362091,1.233917236328125,10.159637451171875,281.9404602050781,478.0784606933594
1762784677.2491827,cell phone,0.5794092416763306,69.92805480957031,0.0,245.10719299316406,235.60751342773438
1762784677.2491827,person,0.43406957387924194,18.96435546875,38.62835693359375,637.579833984375,479.21160888671875
1762784677.2491827,person,0.4069032371044159,1.1976318359375,17.291290283203125,280.86761474609375,477.9755859375
1762784677.309398,cell phone,0.501872718334198,70.03630065917969,0.0,244.9322967529297,236.55755615234375
1762784677.309398,person,0.48837849497795105,22.017333984375,30.179046630859375,637.4063720703125,478.94012451171875
1762784677.309398,person,0.44012904167175293,1.43048095703125,14.4208984375,282.7912902832031,477.89385986328125
1762784677.3695586,cell phone,0.630031943321228,69.2026596069336,0.0,243.69992065429688,236.8599853515625
1762784677.3695586,person,0.4120727479457855,38.068115234375,55.66667175292969,636.8902587890625,479.06951904296875
1762784677.3695586,person,0.39314916729927063,1.5960693359375,14.844818115234375,290.2147521972656,479.8060302734375
1762784677.4260263,cell phone,0.5664712190628052,70.70281982421875,0.0,244.24349975585938,234.92745971679688
1762784677.4260263,person,0.5422102212905884,12.841064453125,39.52482604980469,637.1798095703125,478.99603271484375
1762784677.4260263,person,0.37936311960220337,1.508453369140625,16.677520751953125,283.6217956542969,479.5091552734375
1762784677.477797,cell phone,0.5664712190628052,70.70281982421875,0.0,244.24349975585938,234.92745971679688
1762784677.477797,person,0.5422102212905884,12.841064453125,39.52482604980469,637.1798095703125,478.99603271484375
1762784677.477797,person,0.37936311960220337,1.508453369140625,16.677520751953125,283.6217956542969,479.5091552734375
1762784677.5339665,cell phone,0.614131510257721,70.00286865234375,0.0,244.62435913085938,234.3625030517578
1762784677.5339665,person,0.5013932585716248,9.948486328125,39.19622802734375,637.27392578125,479.047607421875
1762784677.5339665,person,0.39374905824661255,1.252899169921875,11.27520751953125,280.31597900390625,477.79949951171875
1762784677.5339665,person,0.3272766172885895,351.4874267578125,60.629638671875,639.15869140625,479.82098388671875
1762784677.5862458,cell phone,0.6256548166275024,69.59262084960938,0.0,244.86557006835938,234.15411376953125
1762784677.5862458,person,0.5859854817390442,15.0159912109375,48.38226318359375,637.6542358398438,478.92388916015625
1762784677.5862458,person,0.3994547724723816,1.4691162109375,7.83782958984375,282.0473327636719,479.75823974609375
1762784677.6425674,cell phone,0.5562113523483276,68.30941772460938,0.0,243.68930053710938,237.8024139404297
1762784677.6425674,person,0.4189126193523407,1.88177490234375,10.1600341796875,285.374267578125,479.3510437011719
1762784677.6425674,person,0.38605862855911255,349.5234375,60.3682861328125,639.3040771484375,479.739990234375
1762784677.6425674,person,0.2864971160888672,38.9583740234375,29.949371337890625,637.235595703125,480.0
1762784677.6928084,cell phone,0.6274344325065613,65.09671020507812,0.0,243.2296142578125,238.7145233154297
1762784677.6928084,person,0.36216244101524353,345.86834716796875,52.993896484375,639.2899780273438,479.44696044921875
1762784677.6928084,person,0.325632244348526,0.94097900390625,5.851165771484375,281.02777099609375,479.55902099609375
1762784677.6928084,person,0.28322485089302063,22.15802001953125,22.07659912109375,637.2645874023438,479.22052001953125
1762784677.7393413,cell phone,0.6274344325065613,65.09671020507812,0.0,243.2296142578125,238.7145233154297
1762784677.7393413,person,0.36216244101524353,345.86834716796875,52.993896484375,639.2899780273438,479.44696044921875
1762784677.7393413,person,0.325632244348526,0.94097900390625,5.851165771484375,281.02777099609375,479.55902099609375
1762784677.7393413,person,0.28322485089302063,22.15802001953125,22.07659912109375,637.2645874023438,479.22052001953125
1762784677.7863936,cell phone,0.6171643137931824,63.608673095703125,0.0110015869140625,241.0989990234375,240.0861358642578
1762784677.7863936,person,0.35336294770240784,41.15081787109375,47.88629150390625,636.7758178710938,479.19207763671875
1762784677.7863936,person,0.2720559239387512,0.621337890625,7.40179443359375,275.1475830078125,479.16680908203125
1762784677.848345,cell phone,0.5635007619857788,62.29832458496094,0.140106201171875,238.25062561035156,240.96490478515625
1762784677.848345,remote,0.4954565167427063,62.766204833984375,0.144287109375,237.35824584960938,241.09927368164062
1762784677.848345,person,0.38658618927001953,1.5120849609375,29.57354736328125,273.57952880859375,479.195068359375
1762784677.848345,person,0.3276037275791168,18.67010498046875,56.090179443359375,636.7013549804688,479.2942199707031
1762784677.8966167,person,0.4583575129508972,16.79754638671875,58.73291015625,637.2963256835938,479.0059814453125
1762784677.8966167,cell phone,0.4479901194572449,59.49871826171875,0.1707000732421875,235.77023315429688,241.7326202392578
1762784677.8966167,remote,0.39550286531448364,58.129112243652344,0.1095123291015625,237.11550903320312,241.7566680908203
1762784677.8966167,bed,0.34493449330329895,3.87652587890625,0.578033447265625,636.4016723632812,477.6575622558594
1762784677.8966167,person,0.3075622022151947,0.105560302734375,1.5052490234375,272.5070495605469,479.42071533203125
1762784677.9572763,person,0.46531903743743896,344.2249755859375,68.36407470703125,639.15966796875,480.0
1762784677.9572763,cell phone,0.44179385900497437,59.214752197265625,0.075592041015625,235.96484375,242.16412353515625
1762784677.9572763,person,0.3433421552181244,0.7095947265625,3.523681640625,271.5617370605469,479.34991455078125
1762784677.9572763,remote,0.3363967835903168,57.976318359375,0.0,236.88052368164062,241.94744873046875
1762784677.9572763,bed,0.3326578140258789,3.71087646484375,0.5888671875,635.4624633789062,479.2213134765625
1762784678.0071528,cell phone,0.4698445200920105,57.849395751953125,0.0259246826171875,236.61776733398438,245.12681579589844
1762784678.0071528,person,0.45141923427581787,9.00628662109375,56.31562805175781,637.7866821289062,479.04376220703125
1762784678.0071528,person,0.34801027178764343,1.0953369140625,8.93646240234375,275.73309326171875,478.88909912109375
1762784678.0071528,bed,0.32878240942955017,2.3345947265625,0.62017822265625,636.32421875,477.85870361328125
1762784678.0671751,cell phone,0.4698445200920105,57.849395751953125,0.0259246826171875,236.61776733398438,245.12681579589844
1762784678.0671751,person,0.45141923427581787,9.00628662109375,56.31562805175781,637.7866821289062,479.04376220703125
1762784678.0671751,person,0.34801027178764343,1.0953369140625,8.93646240234375,275.73309326171875,478.88909912109375
1762784678.0671751,bed,0.32878240942955017,2.3345947265625,0.62017822265625,636.32421875,477.85870361328125
1762784678.1146488,remote,0.6674571633338928,55.157066345214844,0.0,234.97256469726562,251.5251007080078
1762784678.1146488,cell phone,0.5345093607902527,55.96165466308594,0.0,233.50083923339844,250.01129150390625
1762784678.1146488,person,0.38348427414894104,347.40216064453125,71.23431396484375,639.4132690429688,479.09246826171875
1762784678.1146488,person,0.3405587673187256,9.31634521484375,42.301177978515625,637.7820434570312,479.3874816894531
1762784678.1146488,person,0.30904123187065125,0.443817138671875,10.517791748046875,269.1612548828125,479.00970458984375
1762784678.1146488,bed,0.260369211435318,4.272216796875,0.694854736328125,637.618896484375,476.59735107421875
1762784678.1614048,cell phone,0.4800620377063751,53.03900146484375,0.0,231.79931640625,264.6002197265625
1762784678.1614048,person,0.4665904641151428,1.43194580078125,22.287994384765625,261.897216796875,479.43157958984375
1762784678.1614048,remote,0.3453490138053894,52.09326171875,0.014373779296875,230.83273315429688,264.8837890625
1762784678.1614048,person,0.33187541365623474,174.23675537109375,1.0821533203125,637.6959228515625,479.42529296875
1762784678.2122595,cell phone,0.4800620377063751,53.03900146484375,0.0,231.79931640625,264.6002197265625
1762784678.2122595,person,0.4665904641151428,1.43194580078125,22.287994384765625,261.897216796875,479.43157958984375
1762784678.2122595,remote,0.3453490138053894,52.09326171875,0.014373779296875,230.83273315429688,264.8837890625
1762784678.2122595,person,0.33187541365623474,174.23675537109375,1.0821533203125,637.6959228515625,479.42529296875
1762784678.2718673,remote,0.9071072936058044,38.22216796875,0.5814208984375,224.16787719726562,345.49322509765625
1762784678.2718673,person,0.4770936071872711,321.404296875,180.4820556640625,635.5189208984375,479.44268798828125
1762784678.2718673,bed,0.40130698680877686,0.2266845703125,0.0,636.9556884765625,477.1439514160156
1762784678.3203208,remote,0.9272952675819397,38.550384521484375,6.66021728515625,225.75466918945312,346.07568359375
1762784678.3203208,cell phone,0.6466430425643921,38.078765869140625,5.803253173828125,225.43991088867188,342.3087463378906
1762784678.3203208,bed,0.6228885650634766,0.21783447265625,0.44976806640625,638.0322265625,477.33795166015625
1762784678.3203208,person,0.3869909942150116,6.1884765625,182.25637817382812,635.2281494140625,479.3478698730469
1762784678.378908,remote,0.9272952675819397,38.550384521484375,6.66021728515625,225.75466918945312,346.07568359375
1762784678.378908,cell phone,0.6466430425643921,38.078765869140625,5.803253173828125,225.43991088867188,342.3087463378906
1762784678.378908,bed,0.6228885650634766,0.21783447265625,0.44976806640625,638.0322265625,477.33795166015625
1762784678.378908,person,0.3869909942150116,6.1884765625,182.25637817382812,635.2281494140625,479.3478698730469
1762784678.4290397,remote,0.9335063099861145,34.095001220703125,5.46759033203125,224.4462890625,343.68731689453125
1762784678.4290397,bed,0.5548746585845947,2.34063720703125,0.296142578125,638.0293579101562,474.2963562011719
1762784678.4290397,person,0.425132691860199,321.18572998046875,184.9949493408203,635.2186279296875,479.47589111328125
1762784678.488854,remote,0.8707760572433472,18.517684936523438,14.24755859375,204.9657745361328,358.052734375
1762784678.488854,cell phone,0.5405431389808655,15.820587158203125,13.217864990234375,204.96279907226562,355.30975341796875
1762784678.488854,bed,0.5324760675430298,3.259765625,0.23321533203125,637.738037109375,476.6910705566406
1762784678.488854,person,0.31394538283348083,302.0003662109375,192.3131103515625,638.6422119140625,479.21881103515625
1762784678.53581,remote,0.8707760572433472,18.517684936523438,14.24755859375,204.9657745361328,358.052734375
1762784678.53581,cell phone,0.5405431389808655,15.820587158203125,13.217864990234375,204.96279907226562,355.30975341796875
1762784678.53581,bed,0.5324760675430298,3.259765625,0.23321533203125,637.738037109375,476.6910705566406
1762784678.53581,person,0.31394538283348083,302.0003662109375,192.3131103515625,638.6422119140625,479.21881103515625
1762784678.5841208,remote,0.815971314907074,14.243240356445312,20.06549072265625,198.03060913085938,357.5438232421875
1762784678.5841208,bed,0.4848005175590515,3.95068359375,0.517730712890625,638.075439453125,478.3517150878906
1762784678.5841208,person,0.27419766783714294,307.52960205078125,196.8871612548828,636.7304077148438,479.19927978515625
1762784678.6426003,remote,0.8887783885002136,15.1044921875,22.383270263671875,197.4449920654297,356.8077697753906
1762784678.6426003,bed,0.6548352837562561,3.3995361328125,1.101348876953125,638.18701171875,477.2831115722656
1762784678.6426003,person,0.31152456998825073,2.638916015625,189.1988525390625,631.56103515625,479.3011474609375
1762784678.6941164,remote,0.7836862802505493,13.099624633789062,19.853515625,194.38473510742188,353.8190002441406
1762784678.6941164,bed,0.5615513920783997,3.3836669921875,1.852508544921875,638.406982421875,476.8513488769531
1762784678.6941164,cell phone,0.5320587754249573,10.989028930664062,18.509429931640625,194.73709106445312,351.3360900878906
1762784678.6941164,person,0.26625484228134155,296.84771728515625,194.1252899169922,635.0277099609375,479.08416748046875
1762784678.7558692,remote,0.7191134691238403,14.114486694335938,20.356658935546875,193.6030731201172,353.17437744140625
1762784678.7558692,cell phone,0.5092843770980835,11.775344848632812,20.103057861328125,194.11659240722656,347.9592590332031
1762784678.7558692,bed,0.48795658349990845,5.12652587890625,1.91015625,638.3743286132812,477.4692077636719
1762784678.7558692,person,0.36301881074905396,300.22064208984375,192.59310913085938,636.1207885742188,479.6224670410156
1762784678.8014545,remote,0.7998027801513672,13.063919067382812,19.137664794921875,192.43350219726562,351.17230224609375
1762784678.8014545,bed,0.40280652046203613,2.9200439453125,1.142974853515625,637.9530029296875,478.0729675292969
1762784678.8014545,person,0.300750732421875,298.7825927734375,191.78897094726562,631.255126953125,479.1732482910156
1762784678.8479578,remote,0.7998027801513672,13.063919067382812,19.137664794921875,192.43350219726562,351.17230224609375
1762784678.8479578,bed,0.40280652046203613,2.9200439453125,1.142974853515625,637.9530029296875,478.0729675292969
1762784678.8479578,person,0.300750732421875,298.7825927734375,191.78897094726562,631.255126953125,479.1732482910156
1762784678.898094,remote,0.9395480155944824,12.65753173828125,16.36309814453125,192.40350341796875,347.2642517089844
1762784678.898094,bed,0.4645328223705292,2.19024658203125,1.125396728515625,637.3807983398438,477.6351013183594
1762784678.898094,person,0.4404229521751404,296.73358154296875,190.4009246826172,637.1325073242188,479.22906494140625
1762784678.9582417,remote,0.943733274936676,14.10455322265625,11.38909912109375,194.21694946289062,343.79193115234375
1762784678.9582417,bed,0.4678472578525543,4.29541015625,0.5714111328125,638.0933837890625,477.6937255859375
1762784678.9582417,person,0.3074897229671478,15.04443359375,186.20669555664062,631.2938232421875,479.4894714355469
1762784679.0078695,remote,0.9246127009391785,14.32513427734375,12.227142333984375,194.30551147460938,345.92535400390625
1762784679.0078695,bed,0.4402311444282532,3.54913330078125,1.11260986328125,638.761962890625,478.13116455078125
1762784679.0078695,person,0.386624276638031,4.6591796875,183.56744384765625,620.6109619140625,479.52557373046875
1762784679.0661504,remote,0.9220895171165466,12.5526123046875,12.383941650390625,192.8883514404297,346.0873718261719
1762784679.0661504,bed,0.4886076748371124,4.31488037109375,0.857421875,638.56396484375,477.70013427734375
1762784679.0661504,person,0.26119986176490784,0.1955108642578125,10.065277099609375,221.2600555419922,479.0572204589844
1762784679.1237302,remote,0.9142457842826843,12.386520385742188,11.074798583984375,192.57334899902344,345.06732177734375
1762784679.1237302,bed,0.4097527861595154,4.916748046875,0.0,639.7218017578125,471.4008483886719
1762784679.1237302,person,0.3711010813713074,63.2078857421875,183.36016845703125,634.560302734375,479.67254638671875
1762784679.1840909,remote,0.9142457842826843,12.386520385742188,11.074798583984375,192.57334899902344,345.06732177734375
1762784679.1840909,bed,0.4097527861595154,4.916748046875,0.0,639.7218017578125,471.4008483886719
1762784679.1840909,person,0.3711010813713074,63.2078857421875,183.36016845703125,634.560302734375,479.67254638671875
1762784679.2478743,bed,0.47951459884643555,5.306640625,0.874542236328125,636.9471435546875,479.1424255371094
1762784679.2478743,remote,0.30867308378219604,15.381927490234375,0.239532470703125,208.94613647460938,326.5859069824219
1762784679.2478743,cell phone,0.29006046056747437,14.331405639648438,0.0,207.25579833984375,324.76385498046875
1762784679.3093107,person,0.7044863700866699,37.33074951171875,2.045623779296875,638.0267944335938,478.1066589355469
1762784679.368967,person,0.7044863700866699,37.33074951171875,2.045623779296875,638.0267944335938,478.1066589355469
1762784679.4363606,person,0.3630812168121338,0.0,2.429656982421875,625.3975219726562,478.0508728027344
1762784679.4973314,person,0.4141126573085785,3.64678955078125,0.042724609375,637.0105590820312,478.5445556640625
1762784679.5533607,person,0.44477370381355286,40.38433837890625,0.0,633.530029296875,479.8630065917969
1762784679.623249,person,0.6606721878051758,6.2320556640625,0.21197509765625,621.4725341796875,479.7100524902344
1762784679.687299,person,0.5256723761558533,9.24371337890625,0.708404541015625,602.909912109375,479.3522033691406
1762784679.687299,cell phone,0.33089160919189453,406.57330322265625,119.21298217773438,585.0835571289062,370.33453369140625
1762784679.7454672,person,0.6387790441513062,1.90838623046875,0.154693603515625,591.9081420898438,479.4150085449219
1762784679.7454672,cell phone,0.3102588355541229,416.8834228515625,119.57282257080078,599.37548828125,369.6365966796875
1762784679.8056498,person,0.565104603767395,3.6063232421875,0.0,610.3487548828125,478.81817626953125
1762784679.8676944,person,0.565104603767395,3.6063232421875,0.0,610.3487548828125,478.81817626953125
1762784679.9330199,person,0.387455552816391,249.16436767578125,0.05914306640625,633.2666015625,476.6083984375
1762784679.9930594,person,0.36717653274536133,239.17010498046875,1.237762451171875,638.7293701171875,479.61883544921875
1762784679.9930594,tie,0.2512626349925995,401.9442138671875,88.20843505859375,589.579833984375,339.2890625
1762784680.0561347,person,0.428232342004776,4.685791015625,0.3153076171875,580.2308349609375,477.541015625
1762784680.0561347,cell phone,0.3560444414615631,400.028564453125,90.82308959960938,581.2274169921875,338.56085205078125
1762784680.1188107,person,0.4620687663555145,2.13720703125,0.270660400390625,518.2713623046875,473.13983154296875
1762784680.1188107,person,0.3731206953525543,234.0931396484375,0.0,633.545166015625,476.9676818847656
1762784680.1782002,person,0.4015456438064575,2.1439208984375,0.31231689453125,549.58203125,473.84466552734375
1762784680.1782002,laptop,0.2597446143627167,384.10357666015625,105.0450439453125,564.8380737304688,355.25848388671875
1762784680.2431371,person,0.4015456438064575,2.1439208984375,0.31231689453125,549.58203125,473.84466552734375
1762784680.2431371,laptop,0.2597446143627167,384.10357666015625,105.0450439453125,564.8380737304688,355.25848388671875
1762784680.3076494,person,0.4429251551628113,3.597412109375,0.82806396484375,524.8314208984375,476.5416564941406
1762784680.3674822,person,0.547408938407898,212.92433166503906,0.6097412109375,631.47900390625,479.0330505371094
1762784680.3674822,suitcase,0.34124138951301575,0.42803955078125,0.0,254.54920959472656,464.2613830566406
1762784680.3674822,cell phone,0.2521497309207916,370.461669921875,129.28482055664062,546.9216918945312,378.2779846191406
1762784680.4240825,suitcase,0.4136413633823395,0.444854736328125,0.4375,255.78598022460938,473.90435791015625
1762784680.4240825,person,0.3683755397796631,214.4341278076172,0.29815673828125,628.2785034179688,478.3564453125
1762784680.4240825,cell phone,0.27658361196517944,368.99896240234375,130.6610870361328,545.7844848632812,381.38360595703125
1762784680.4730852,suitcase,0.4136413633823395,0.444854736328125,0.4375,255.78598022460938,473.90435791015625
1762784680.4730852,person,0.3683755397796631,214.4341278076172,0.29815673828125,628.2785034179688,478.3564453125
1762784680.4730852,cell phone,0.27658361196517944,368.99896240234375,130.6610870361328,545.7844848632812,381.38360595703125
1762784680.5212605,person,0.3918877840042114,6.6123046875,0.59539794921875,578.3140258789062,477.76824951171875
1762784680.5212605,remote,0.2926732003688812,365.2191162109375,132.30584716796875,543.8741455078125,381.6512451171875
1762784680.5212605,suitcase,0.26992279291152954,0.4887237548828125,0.833038330078125,251.66514587402344,474.94329833984375
1762784680.582695,cell phone,0.5691837668418884,363.53460693359375,137.9375,536.8967895507812,386.36834716796875
1762784680.582695,suitcase,0.4375752806663513,0.4676513671875,0.472412109375,246.82907104492188,475.1324768066406
1762784680.582695,person,0.31062930822372437,138.24163818359375,0.0,630.572998046875,477.91937255859375
1762784680.6429417,cell phone,0.5672492384910583,361.4105224609375,139.975830078125,537.1734619140625,386.8551025390625
1762784680.6429417,person,0.4056565761566162,207.77197265625,0.999847412109375,623.9998779296875,477.6022644042969
1762784680.6429417,suitcase,0.25323009490966797,0.5221099853515625,1.708648681640625,248.4501495361328,477.65777587890625
1762784680.6913598,cell phone,0.5735154747962952,359.42303466796875,141.44345092773438,535.5859375,390.5808410644531
1762784680.6913598,person,0.44177529215812683,203.67041015625,0.99664306640625,625.4825439453125,478.38006591796875
1762784680.6913598,suitcase,0.2610511779785156,0.4436798095703125,1.259765625,245.5415496826172,477.6768798828125
1762784680.75085,cell phone,0.5670343041419983,359.66851806640625,143.671142578125,532.96826171875,392.0118408203125
1762784680.75085,person,0.43850433826446533,204.2930908203125,1.193603515625,622.6387939453125,478.81768798828125
1762784680.75085,suitcase,0.27922916412353516,0.4818878173828125,1.692352294921875,244.54953002929688,479.4437255859375
1762784680.799481,cell phone,0.5670343041419983,359.66851806640625,143.671142578125,532.96826171875,392.0118408203125
1762784680.799481,person,0.43850433826446533,204.2930908203125,1.193603515625,622.6387939453125,478.81768798828125
1762784680.799481,suitcase,0.27922916412353516,0.4818878173828125,1.692352294921875,244.54953002929688,479.4437255859375
1762784680.848328,person,0.43440067768096924,209.252685546875,1.50323486328125,606.222900390625,478.91168212890625
1762784680.907361,person,0.29377466440200806,191.06500244140625,0.0,604.05322265625,478.39471435546875
1762784680.907361,suitcase,0.28361478447914124,0.4728240966796875,1.834259033203125,243.67617797851562,480.0
1762784680.9603462,cell phone,0.30824247002601624,352.42449951171875,155.9536590576172,525.1130981445312,401.95721435546875
1762784680.9603462,person,0.2959384322166443,141.4560546875,0.1082763671875,636.9925537109375,470.7482604980469
1762784680.9603462,suitcase,0.26120978593826294,0.6803436279296875,1.200103759765625,230.09024047851562,480.0
1762784681.020242,suitcase,0.4093514382839203,0.637847900390625,1.78851318359375,233.33370971679688,480.0
1762784681.020242,person,0.3203156292438507,159.225341796875,0.259033203125,592.572265625,464.42681884765625
1762784681.0705743,suitcase,0.4093514382839203,0.637847900390625,1.78851318359375,233.33370971679688,480.0
1762784681.0705743,person,0.3203156292438507,159.225341796875,0.259033203125,592.572265625,464.42681884765625
1762784681.1295395,person,0.36254316568374634,136.532958984375,0.394012451171875,538.98681640625,479.1604309082031
1762784681.1295395,cell phone,0.27548736333847046,354.36602783203125,156.3922882080078,525.7793579101562,403.30059814453125
1762784681.1757805,suitcase,0.3927910625934601,0.6479644775390625,2.436859130859375,236.62210083007812,480.0
1762784681.2206995,person,0.3066689372062683,183.3564453125,0.514984130859375,531.451904296875,479.150146484375
1762784681.2206995,suitcase,0.2591172456741333,0.6864166259765625,4.655548095703125,235.69374084472656,480.0
1762784681.266316,person,0.3066689372062683,183.3564453125,0.514984130859375,531.451904296875,479.150146484375
1762784681.266316,suitcase,0.2591172456741333,0.6864166259765625,4.655548095703125,235.69374084472656,480.0
1762784681.317351,person,0.27024972438812256,157.390380859375,0.25494384765625,608.2721557617188,477.01312255859375
1762784681.3624659,person,0.5009459853172302,46.75238037109375,0.07861328125,614.1083374023438,480.0
1762784681.412847,person,0.5016529560089111,64.3770751953125,0.164825439453125,629.835693359375,476.3717346191406
1762784681.470474,person,0.419129878282547,165.48895263671875,0.197235107421875,623.96533203125,479.1354064941406
1762784681.5173755,person,0.5535057783126831,138.95062255859375,0.121734619140625,629.9288330078125,479.3078918457031
1762784681.5173755,remote,0.3233335316181183,347.7193603515625,166.1864471435547,515.3895874023438,415.47540283203125
1762784681.564741,person,0.5535057783126831,138.95062255859375,0.121734619140625,629.9288330078125,479.3078918457031
1762784681.564741,remote,0.3233335316181183,347.7193603515625,166.1864471435547,515.3895874023438,415.47540283203125
1762784681.6136308,person,0.5731078386306763,114.74371337890625,0.18670654296875,623.1483154296875,480.0
1762784681.655141,person,0.6391867995262146,24.5703125,0.10040283203125,627.7425537109375,480.0
1762784681.655141,cell phone,0.2743389904499054,345.48333740234375,166.29635620117188,514.8637084960938,420.6119689941406
1762784681.705891,person,0.536501944065094,47.931884765625,0.29632568359375,615.7828369140625,477.1180725097656
1762784681.705891,cell phone,0.41011789441108704,343.891357421875,170.72108459472656,513.7777099609375,421.4326171875
1762784681.7525394,person,0.5447820425033569,17.86077880859375,0.648040771484375,519.4475708007812,480.0
1762784681.7525394,cell phone,0.2905065715312958,342.2744140625,170.43505859375,510.5823974609375,421.31146240234375
1762784681.797994,person,0.5447820425033569,17.86077880859375,0.648040771484375,519.4475708007812,480.0
1762784681.797994,cell phone,0.2905065715312958,342.2744140625,170.43505859375,510.5823974609375,421.31146240234375
1762784681.8467233,person,0.5583688020706177,18.82586669921875,0.42645263671875,516.32080078125,480.0
1762784681.8467233,cell phone,0.4289607107639313,342.76507568359375,172.16946411132812,512.4636840820312,424.1200256347656
1762784681.8935232,person,0.4437599778175354,47.92413330078125,0.0,603.5571899414062,478.7735900878906
1762784681.8935232,cell phone,0.31050023436546326,341.278076171875,170.87612915039062,510.6092529296875,422.3175354003906
1762784681.9400587,person,0.6020222306251526,14.36688232421875,0.536102294921875,511.74822998046875,479.85565185546875
1762784681.988724,person,0.6020222306251526,14.36688232421875,0.536102294921875,511.74822998046875,479.85565185546875
1762784682.0495625,person,0.5570061802864075,41.80224609375,0.0,615.2525634765625,476.4239196777344
1762784682.0495625,suitcase,0.2766028940677643,0.523834228515625,6.345794677734375,223.82325744628906,479.1539306640625
1762784682.09532,person,0.5570061802864075,41.80224609375,0.0,615.2525634765625,476.4239196777344
1762784682.09532,suitcase,0.2766028940677643,0.523834228515625,6.345794677734375,223.82325744628906,479.1539306640625
1762784682.1439424,person,0.5423438549041748,37.195556640625,0.060028076171875,607.6281127929688,471.9886779785156
1762784682.1439424,suitcase,0.2709875702857971,0.440155029296875,5.425262451171875,222.93228149414062,479.19464111328125
1762784682.1929257,person,0.5642998814582825,28.7752685546875,0.030120849609375,606.4456787109375,477.7633972167969
1762784682.2517717,person,0.5642998814582825,28.7752685546875,0.030120849609375,606.4456787109375,477.7633972167969
1762784682.301495,person,0.5739642977714539,39.72137451171875,0.185760498046875,592.6381225585938,473.0119934082031
1762784682.301495,laptop,0.28301864862442017,336.9007568359375,180.03692626953125,507.33258056640625,430.19580078125
1762784682.376694,person,0.5235643982887268,25.6055908203125,0.210662841796875,578.8245849609375,476.6481018066406
1762784682.431696,person,0.5235643982887268,25.6055908203125,0.210662841796875,578.8245849609375,476.6481018066406
1762784682.4951413,person,0.4899219274520874,24.5023193359375,0.07763671875,578.4086303710938,475.93829345703125
1762784682.5494072,person,0.5340288877487183,27.915771484375,0.222900390625,579.018310546875,476.0605773925781
1762784682.6000388,person,0.5340288877487183,27.915771484375,0.222900390625,579.018310546875,476.0605773925781
1762784682.6616733,person,0.57371985912323,100.6102294921875,0.0,631.572998046875,476.0390625
1762784682.6616733,cell phone,0.4181562662124634,333.95538330078125,186.4106903076172,501.24725341796875,433.10430908203125
1762784682.720905,person,0.542722761631012,22.1129150390625,0.2120361328125,561.335205078125,476.980712890625
1762784682.720905,laptop,0.2821230888366699,334.26629638671875,183.0758056640625,501.87420654296875,433.4749755859375
1762784682.7680032,person,0.6216714978218079,51.3646240234375,0.0,622.2813110351562,475.9284362792969
1762784682.8169525,person,0.5810658931732178,27.706298828125,0.0,503.9498291015625,476.5738220214844
1762784682.8169525,remote,0.28454071283340454,248.37530517578125,0.013896942138671875,437.72003173828125,44.44579315185547
1762784682.8642888,person,0.6053106188774109,22.19952392578125,0.062164306640625,542.6619873046875,477.1446838378906
1762784682.8642888,cell phone,0.31052544713020325,332.32391357421875,189.5715789794922,499.62408447265625,438.43487548828125
1762784682.8642888,laptop,0.27020689845085144,333.58148193359375,187.97283935546875,499.92950439453125,436.3773193359375
1762784682.9220238,person,0.6053106188774109,22.19952392578125,0.062164306640625,542.6619873046875,477.1446838378906
1762784682.9220238,cell phone,0.31052544713020325,332.32391357421875,189.5715789794922,499.62408447265625,438.43487548828125
1762784682.9220238,laptop,0.27020689845085144,333.58148193359375,187.97283935546875,499.92950439453125,436.3773193359375
1762784682.9707396,person,0.6360092163085938,156.5401611328125,0.0,501.034423828125,476.4128112792969
1762784682.9707396,cell phone,0.3421343266963959,331.35247802734375,188.48187255859375,500.18927001953125,439.66058349609375
1762784683.0202076,cell phone,0.49839383363723755,332.60009765625,187.2269744873047,501.112548828125,437.73748779296875
1762784683.0202076,person,0.37403807044029236,19.9383544921875,0.617950439453125,600.5507202148438,476.8868713378906
1762784683.0698545,cell phone,0.6456493139266968,330.64141845703125,188.67160034179688,500.85125732421875,439.9316711425781
1762784683.0698545,person,0.3924415707588196,160.113037109375,1.158843994140625,639.016357421875,476.5982666015625
1762784683.0698545,person,0.35101017355918884,0.3858642578125,2.000030517578125,360.62548828125,477.1700744628906
1762784683.1269422,cell phone,0.6604748964309692,330.8140869140625,188.1414031982422,500.614501953125,440.15423583984375
1762784683.1269422,person,0.5274227261543274,1.11651611328125,1.128509521484375,359.22113037109375,478.0098571777344
1762784683.1269422,person,0.4640040695667267,132.57090759277344,0.117340087890625,639.3438720703125,473.9859313964844
1762784683.1784568,cell phone,0.5876511931419373,330.7481689453125,188.22808837890625,500.60302734375,439.88916015625
1762784683.1784568,person,0.5068697333335876,0.054229736328125,139.69308471679688,156.5191192626953,345.9754638671875
1762784683.1784568,person,0.40017616748809814,1.044769287109375,1.0054931640625,360.26739501953125,474.0749816894531
1762784683.1784568,person,0.3604380190372467,96.83984375,0.0,639.3140869140625,473.21185302734375
1762784683.2249467,cell phone,0.5876511931419373,330.7481689453125,188.22808837890625,500.60302734375,439.88916015625
1762784683.2249467,person,0.5068697333335876,0.054229736328125,139.69308471679688,156.5191192626953,345.9754638671875
1762784683.2249467,person,0.40017616748809814,1.044769287109375,1.0054931640625,360.26739501953125,474.0749816894531
1762784683.2249467,person,0.3604380190372467,96.83984375,0.0,639.3140869140625,473.21185302734375
1762784683.283574,cell phone,0.6158860921859741,329.5926513671875,188.97406005859375,500.753173828125,440.4915771484375
1762784683.283574,person,0.3930003345012665,105.3778076171875,0.0,639.2103271484375,474.4637756347656
1762784683.283574,person,0.3782360255718231,0.04730987548828125,152.6307373046875,115.1573257446289,335.5325012207031
1762784683.283574,person,0.3068978488445282,1.58941650390625,0.865692138671875,356.06109619140625,467.2837829589844
1762784683.3327036,cell phone,0.6297067999839783,329.4869079589844,189.16009521484375,500.9989929199219,441.31689453125
1762784683.3327036,person,0.41557782888412476,2.6451416015625,0.97021484375,624.887451171875,477.1643371582031
1762784683.3809419,person,0.46948206424713135,2.427978515625,2.078125,353.73114013671875,476.321533203125
1762784683.3809419,cell phone,0.4428175389766693,327.96881103515625,188.84164428710938,499.7850341796875,437.7087097167969
1762784683.4265409,cell phone,0.44840556383132935,328.1990966796875,189.8792724609375,499.92169189453125,441.16448974609375
1762784683.4265409,person,0.4373801350593567,1.62274169921875,2.126617431640625,353.91131591796875,476.7002258300781
1762784683.4265409,person,0.31691494584083557,163.30747985839844,1.119384765625,639.24560546875,472.0848083496094
1762784683.4716456,person,0.6021375060081482,0.357879638671875,1.004791259765625,353.95526123046875,478.35821533203125
1762784683.4716456,cell phone,0.5377019643783569,328.732666015625,189.7606964111328,499.436767578125,438.49102783203125
1762784683.4716456,person,0.44568225741386414,172.901611328125,1.315704345703125,639.0476684570312,477.374755859375
1762784683.5195923,person,0.6021375060081482,0.357879638671875,1.004791259765625,353.95526123046875,478.35821533203125
1762784683.5195923,cell phone,0.5377019643783569,328.732666015625,189.7606964111328,499.436767578125,438.49102783203125
1762784683.5195923,person,0.44568225741386414,172.901611328125,1.315704345703125,639.0476684570312,477.374755859375
1762784683.5647097,cell phone,0.613591730594635,326.837158203125,191.41604614257812,498.4205322265625,441.4331970214844
1762784683.5647097,person,0.448121041059494,4.25054931640625,1.099212646484375,620.8876342773438,476.5823059082031
1762784683.605827,person,0.5863105654716492,4.2918701171875,1.227783203125,594.0325927734375,475.7764892578125
1762784683.605827,cell phone,0.4967314600944519,328.226318359375,189.7718963623047,497.40484619140625,438.76605224609375
1762784683.662451,cell phone,0.5919386744499207,328.8502197265625,190.94354248046875,497.97796630859375,441.3426513671875
1762784683.662451,person,0.5090954303741455,8.93865966796875,0.7965087890625,569.4647216796875,476.0959167480469
1762784683.7203596,cell phone,0.6070989966392517,330.09521484375,191.61114501953125,495.8536376953125,440.53961181640625
1762784683.7203596,person,0.4061775207519531,86.11090087890625,0.78460693359375,639.3388061523438,473.29559326171875
1762784683.7674475,cell phone,0.7231053709983826,0.09398651123046875,290.95269775390625,45.374977111816406,413.387939453125
1762784683.7674475,person,0.35776326060295105,103.81414794921875,2.793487548828125,638.9456176757812,476.11517333984375
1762784683.7674475,cell phone,0.2502545714378357,327.65966796875,191.18560791015625,496.837890625,443.336181640625
1762784683.8168473,cell phone,0.7231053709983826,0.09398651123046875,290.95269775390625,45.374977111816406,413.387939453125
1762784683.8168473,person,0.35776326060295105,103.81414794921875,2.793487548828125,638.9456176757812,476.11517333984375
1762784683.8168473,cell phone,0.2502545714378357,327.65966796875,191.18560791015625,496.837890625,443.336181640625
1762784683.866658,cell phone,0.5749793648719788,0.08095550537109375,291.15509033203125,45.33607482910156,413.59637451171875
1762784683.866658,person,0.4102363586425781,44.8790283203125,0.71575927734375,619.5738525390625,478.6741027832031
1762784683.9248576,cell phone,0.762409508228302,0.07399368286132812,292.92327880859375,49.1702766418457,417.0206298828125
1762784683.9248576,person,0.4046260118484497,104.662841796875,1.11309814453125,638.66552734375,479.129150390625
1762784683.9742646,cell phone,0.7770859003067017,0.07939529418945312,294.95361328125,52.56612777709961,421.189208984375
1762784683.9742646,person,0.6509959101676941,79.3624267578125,0.0,632.065673828125,477.19537353515625
1762784684.032924,cell phone,0.8639146089553833,0.06809234619140625,299.3494873046875,50.83033752441406,423.46099853515625
1762784684.032924,person,0.4424445927143097,51.6763916015625,0.29119873046875,636.15478515625,478.82586669921875
1762784684.0795434,cell phone,0.7341907620429993,0.06252288818359375,300.54681396484375,44.96617889404297,420.984619140625
1762784684.0795434,person,0.5234414935112,24.662109375,0.663726806640625,620.8155517578125,476.0353698730469
1762784684.1310241,cell phone,0.7341907620429993,0.06252288818359375,300.54681396484375,44.96617889404297,420.984619140625
1762784684.1310241,person,0.5234414935112,24.662109375,0.663726806640625,620.8155517578125,476.0353698730469
1762784684.1901484,person,0.4097914397716522,19.472900390625,0.28985595703125,583.5479736328125,475.7840576171875
1762784684.1901484,cell phone,0.33923718333244324,0.08439254760742188,292.702392578125,45.51245880126953,418.7164306640625
1762784684.234096,person,0.4097914397716522,19.472900390625,0.28985595703125,583.5479736328125,475.7840576171875
1762784684.234096,cell phone,0.33923718333244324,0.08439254760742188,292.702392578125,45.51245880126953,418.7164306640625
1762784684.2808535,person,0.6630488038063049,111.4317626953125,0.547821044921875,632.2447509765625,478.8575744628906
1762784684.2808535,cell phone,0.6109172701835632,0.07368850708007812,277.5179443359375,41.30735397338867,398.94342041015625
1762784684.3313558,person,0.5908011198043823,66.6280517578125,0.73272705078125,626.220703125,480.0
1762784684.3313558,cell phone,0.43941015005111694,0.06279373168945312,277.473876953125,42.58782196044922,397.643310546875
1762784684.3762717,person,0.5634624361991882,70.97412109375,0.858978271484375,604.883544921875,480.0
1762784684.3762717,cell phone,0.3211495876312256,0.06890869140625,273.53216552734375,44.58940505981445,395.26666259765625
1762784684.4251554,person,0.5634624361991882,70.97412109375,0.858978271484375,604.883544921875,480.0
1762784684.4251554,cell phone,0.3211495876312256,0.06890869140625,273.53216552734375,44.58940505981445,395.26666259765625
1762784684.4857056,person,0.6514735817909241,81.5770263671875,0.57470703125,612.7603759765625,479.1039733886719
1762784684.4857056,tie,0.3942127525806427,312.94384765625,0.428375244140625,486.033203125,222.55148315429688
1762784684.5334558,person,0.694802463054657,124.7059326171875,0.0,638.1484375,480.0
1762784684.5334558,person,0.35524556040763855,295.4987487792969,0.0,487.0798645019531,341.54962158203125
1762784684.581541,person,0.74007648229599,54.7725830078125,0.6019287109375,637.7423095703125,479.71710205078125
1762784684.6414964,person,0.8378419876098633,8.22686767578125,0.794097900390625,640.0,480.0
1762784684.689194,person,0.52732253074646,5.0062255859375,0.869293212890625,637.6405029296875,479.5726013183594
1762784684.7392988,person,0.52732253074646,5.0062255859375,0.869293212890625,637.6405029296875,479.5726013183594
1762784684.7988536,person,0.683601975440979,1.96820068359375,0.888641357421875,637.9685668945312,477.10833740234375
1762784684.8462217,person,0.7176554203033447,59.06298828125,0.0,637.840087890625,480.0
1762784684.8462217,cell phone,0.31178566813468933,325.9649658203125,61.093963623046875,502.2652587890625,295.53887939453125
1762784684.907221,person,0.691046416759491,94.70928955078125,0.0,633.8406982421875,480.0
1762784684.907221,cell phone,0.29534268379211426,326.5637512207031,55.91046142578125,501.6717224121094,289.56976318359375
1762784684.9521,person,0.8190881013870239,23.2015380859375,0.0,632.6246337890625,478.103515625
1762784684.9521,tie,0.26586592197418213,322.18450927734375,0.06392669677734375,472.62799072265625,84.94874572753906
1762784685.0041811,person,0.8190881013870239,23.2015380859375,0.0,632.6246337890625,478.103515625
1762784685.0041811,tie,0.26586592197418213,322.18450927734375,0.06392669677734375,472.62799072265625,84.94874572753906
1762784685.0677505,person,0.6787525415420532,33.1461181640625,0.21490478515625,606.3021240234375,476.42523193359375
1762784685.1275077,person,0.6783695220947266,0.468017578125,0.11456298828125,628.880859375,475.2916259765625
1762784685.1275077,cell phone,0.5776731967926025,308.72320556640625,6.04571533203125,487.9140625,311.78253173828125
1762784685.1748528,person,0.7374235987663269,50.5704345703125,0.54541015625,633.0615234375,469.7576904296875
1762784685.1748528,cell phone,0.5827264189720154,0.07965850830078125,28.70621109008789,32.059051513671875,150.44857788085938
1762784685.1748528,cell phone,0.41844457387924194,316.57989501953125,12.8450927734375,493.64862060546875,273.35540771484375
1762784685.2246761,person,0.7374235987663269,50.5704345703125,0.54541015625,633.0615234375,469.7576904296875
1762784685.2246761,cell phone,0.5827264189720154,0.07965850830078125,28.70621109008789,32.059051513671875,150.44857788085938
1762784685.2246761,cell phone,0.41844457387924194,316.57989501953125,12.8450927734375,493.64862060546875,273.35540771484375
1762784685.283977,person,0.7187926769256592,61.9268798828125,0.912628173828125,637.3792724609375,462.97930908203125
1762784685.283977,cell phone,0.4347032606601715,316.3749084472656,10.847930908203125,497.9845275878906,292.13031005859375
1762784685.283977,remote,0.418353796005249,317.3944091796875,3.458526611328125,498.7462158203125,293.3197937011719
1762784685.3352232,person,0.7443318367004395,9.9468994140625,2.572418212890625,635.1187744140625,479.69091796875
1762784685.3352232,cell phone,0.5252078771591187,315.40155029296875,4.56573486328125,496.81414794921875,283.70184326171875
1762784685.3352232,cell phone,0.3861633539199829,0.08772087097167969,22.203933715820312,29.772762298583984,146.5528106689453
1762784685.3849866,person,0.800132691860199,12.29937744140625,0.9703369140625,632.1241455078125,473.5601806640625
1762784685.3849866,cell phone,0.6282315850257874,311.41839599609375,10.86785888671875,495.99407958984375,291.53973388671875
1762784685.4447098,person,0.6197351217269897,9.56658935546875,1.210205078125,633.9293823242188,470.23419189453125
1762784685.494339,person,0.7363985776901245,17.10986328125,0.023162841796875,634.859619140625,468.98846435546875
1762784685.494339,cell phone,0.370561808347702,299.96197509765625,11.422737121582031,486.79302978515625,258.0030517578125
1762784685.494339,remote,0.2658131718635559,299.68780517578125,4.828338623046875,486.82293701171875,269.86212158203125
1762784685.553085,person,0.7363985776901245,17.10986328125,0.023162841796875,634.859619140625,468.98846435546875
1762784685.553085,cell phone,0.370561808347702,299.96197509765625,11.422737121582031,486.79302978515625,258.0030517578125
1762784685.553085,remote,0.2658131718635559,299.68780517578125,4.828338623046875,486.82293701171875,269.86212158203125
1762784685.599705,person,0.7714265584945679,8.6641845703125,2.77490234375,637.05810546875,476.0688171386719
1762784685.599705,remote,0.27698278427124023,296.46661376953125,4.677642822265625,481.36175537109375,301.652099609375
1762784685.599705,cell phone,0.2524535059928894,297.08489990234375,10.958404541015625,481.17132568359375,289.5288391113281
1762784685.6471467,person,0.8348780274391174,3.0,0.000823974609375,638.3965454101562,478.8352355957031
1762784685.6962378,person,0.6061409115791321,2.4853515625,0.591339111328125,632.6688232421875,480.0
1762784685.7427433,person,0.6843039393424988,9.40899658203125,0.057098388671875,635.7758178710938,480.0
1762784685.7911584,person,0.6843039393424988,9.40899658203125,0.057098388671875,635.7758178710938,480.0
1762784685.851582,person,0.8045836091041565,102.64923095703125,0.0,638.0657348632812,478.9903869628906
1762784685.851582,cell phone,0.47399210929870605,336.90325927734375,69.86288452148438,521.7247924804688,325.13848876953125
1762784685.8999882,person,0.7597914338111877,16.3433837890625,4.42364501953125,573.4544677734375,479.7864990234375
1762784685.8999882,cell phone,0.48209303617477417,0.0,99.92064666748047,55.934173583984375,218.55126953125
1762784685.9461095,person,0.7171177268028259,22.7615966796875,2.743408203125,639.7010498046875,478.9383544921875
1762784685.9461095,tie,0.28107717633247375,333.38153076171875,64.8240966796875,513.3551635742188,340.18634033203125
1762784685.9971836,person,0.5326402187347412,10.52423095703125,0.093841552734375,637.8840942382812,476.2632141113281
1762784686.054788,person,0.686819851398468,22.94635009765625,0.0,633.7057495117188,479.8322448730469
1762784686.107248,person,0.686819851398468,22.94635009765625,0.0,633.7057495117188,479.8322448730469
1762784686.162866,person,0.6624417304992676,22.18328857421875,0.0615234375,638.8829345703125,450.361083984375
1762784686.2260606,person,0.6448344588279724,110.192626953125,0.169342041015625,639.3260498046875,391.3138427734375
1762784686.2778547,person,0.4138015806674957,197.13795471191406,0.700653076171875,639.9674072265625,378.97802734375
1762784686.2778547,bowl,0.3584471344947815,216.213623046875,106.8997802734375,293.526123046875,153.83792114257812
1762784686.3250823,person,0.4138015806674957,197.13795471191406,0.700653076171875,639.9674072265625,378.97802734375
1762784686.3250823,bowl,0.3584471344947815,216.213623046875,106.8997802734375,293.526123046875,153.83792114257812
1762784686.370673,person,0.35145846009254456,0.03033447265625,0.04766845703125,631.20068359375,478.08721923828125
1762784686.4191813,person,0.7027025818824768,1.4075927734375,0.644775390625,626.02197265625,480.0
1762784686.4679353,person,0.5266736745834351,0.0,0.0,618.7415161132812,477.6652526855469
1762784686.5258906,person,0.31026026606559753,0.20635986328125,0.077117919921875,616.9046020507812,476.1719055175781
1762784686.577639,person,0.31026026606559753,0.20635986328125,0.077117919921875,616.9046020507812,476.1719055175781
1762784686.636104,person,0.6167166829109192,1.62884521484375,0.347442626953125,612.12548828125,466.8929443359375
1762784686.636104,bottle,0.4007219672203064,387.787109375,0.3408050537109375,495.2330322265625,246.1322784423828
1762784686.6798675,person,0.5134443044662476,1.3109130859375,0.795318603515625,584.681884765625,472.791259765625
1762784686.7317724,person,0.5842996835708618,1.21417236328125,0.806182861328125,596.0064697265625,472.98541259765625
1762784686.7830808,person,0.5361216068267822,1.51995849609375,0.335723876953125,625.9651489257812,471.3666687011719
1762784686.8401346,person,0.5538234710693359,1.048583984375,0.38671875,606.0360107421875,476.65887451171875
1762784686.8892717,person,0.5538234710693359,1.048583984375,0.38671875,606.0360107421875,476.65887451171875
1762784686.9302466,person,0.3785336911678314,1.03973388671875,0.713470458984375,612.0453491210938,472.9273376464844
1762784686.982974,person,0.3737918436527252,6.60595703125,1.206024169921875,640.0,364.9830627441406
1762784687.04367,person,0.34075406193733215,29.25030517578125,0.5223388671875,639.3998413085938,458.2352294921875
1762784687.0923946,bottle,0.2963484525680542,309.55047607421875,0.34710693359375,401.78765869140625,290.5933837890625
1762784687.0923946,person,0.2837833762168884,10.75970458984375,1.30670166015625,639.8598022460938,471.08465576171875
1762784687.1521287,hot dog,0.3716886341571808,306.85052490234375,0.20928955078125,399.14495849609375,303.28765869140625
1762784687.1521287,person,0.3213271498680115,1.37860107421875,0.800567626953125,568.436767578125,479.9078063964844
1762784687.1521287,bottle,0.25790634751319885,306.10186767578125,0.40972900390625,399.72760009765625,303.92657470703125
1762784687.2009122,hot dog,0.3716886341571808,306.85052490234375,0.20928955078125,399.14495849609375,303.28765869140625
1762784687.2009122,person,0.3213271498680115,1.37860107421875,0.800567626953125,568.436767578125,479.9078063964844
1762784687.2009122,bottle,0.25790634751319885,306.10186767578125,0.40972900390625,399.72760009765625,303.92657470703125
1762784687.2613375,bottle,0.4083144962787628,304.1597900390625,0.543792724609375,396.8211669921875,307.6780700683594
1762784687.2613375,person,0.390674352645874,17.47735595703125,0.7469482421875,639.0049438476562,472.3724365234375
1762784687.2613375,person,0.32914912700653076,0.512542724609375,0.4227294921875,258.5128173828125,470.46868896484375
1762784687.3036203,bottle,0.4965549111366272,285.61505126953125,0.351043701171875,386.29937744140625,317.22918701171875
1762784687.3036203,person,0.45034268498420715,19.512451171875,2.90264892578125,639.5952758789062,476.63018798828125
1762784687.3544235,person,0.5266342759132385,9.4422607421875,0.0,638.3175048828125,477.99676513671875
1762784687.3544235,bottle,0.254646360874176,283.5819091796875,0.18707275390625,383.01434326171875,322.0838623046875
1762784687.4023542,person,0.4921398162841797,2.8253173828125,0.458099365234375,619.3927001953125,480.0
1762784687.4023542,bottle,0.3618837296962738,284.808837890625,0.313201904296875,383.95263671875,310.64691162109375
1762784687.4524865,person,0.5174082517623901,2.86248779296875,0.0904541015625,622.9561157226562,477.9421081542969
1762784687.4524865,bottle,0.2534130811691284,290.9940185546875,0.0,392.64044189453125,320.678466796875
1762784687.516394,person,0.5174082517623901,2.86248779296875,0.0904541015625,622.9561157226562,477.9421081542969
1762784687.516394,bottle,0.2534130811691284,290.9940185546875,0.0,392.64044189453125,320.678466796875
1762784687.5846336,person,0.48184868693351746,2.3521728515625,0.934295654296875,630.9952392578125,478.5108947753906
1762784687.6403701,person,0.5296894311904907,1.86541748046875,0.26104736328125,630.5491333007812,478.1986389160156
1762784687.6943188,person,0.5296894311904907,1.86541748046875,0.26104736328125,630.5491333007812,478.1986389160156
1762784687.756479,person,0.5756918787956238,1.93670654296875,0.408294677734375,629.3294677734375,478.6918640136719
1762784687.8140986,person,0.5323516130447388,1.499755859375,0.0,629.101806640625,478.50811767578125
1762784687.8638246,person,0.5618466734886169,2.1348876953125,0.221099853515625,622.9198608398438,479.0016174316406
1762784687.8638246,banana,0.4017528295516968,100.20330810546875,183.1400146484375,451.0050048828125,449.15899658203125
1762784687.9206681,person,0.6574427485466003,1.600341796875,0.763458251953125,633.4923095703125,480.0
1762784687.9707181,person,0.6585675477981567,0.443603515625,0.755706787109375,629.984375,478.8280944824219
1762784688.0306437,person,0.45138832926750183,1.50567626953125,0.8558349609375,631.289306640625,478.9311218261719
1762784688.081927,person,0.6420129537582397,1.854736328125,1.004364013671875,631.298828125,478.0244140625
1762784688.1427886,person,0.44460204243659973,2.18231201171875,0.619110107421875,634.694580078125,476.9333190917969
1762784688.1427886,bottle,0.2763916254043579,373.49847412109375,0.0,639.6332397460938,302.60491943359375
1762784688.1888454,person,0.44460204243659973,2.18231201171875,0.619110107421875,634.694580078125,476.9333190917969
1762784688.1888454,bottle,0.2763916254043579,373.49847412109375,0.0,639.6332397460938,302.60491943359375
1762784688.2343597,person,0.5677400827407837,2.0296630859375,0.712310791015625,634.1570434570312,477.1482238769531
1762784688.2843053,person,0.4759037494659424,1.94482421875,0.764434814453125,633.583251953125,477.3237609863281
1762784688.3460777,person,0.5284426808357239,27.0614013671875,0.0,638.6641845703125,477.1426696777344
1762784688.40558,person,0.4118756055831909,1.987060546875,0.80682373046875,633.2734375,476.67633056640625
1762784688.4542928,person,0.4308272898197174,1.956787109375,0.9461669921875,634.045654296875,477.56707763671875
1762784688.500971,person,0.4308272898197174,1.956787109375,0.9461669921875,634.045654296875,477.56707763671875
1762784688.547869,person,0.44468405842781067,2.125244140625,0.891021728515625,635.0584716796875,477.8793029785156
1762784688.6056507,person,0.44468405842781067,2.125244140625,0.891021728515625,635.0584716796875,477.8793029785156
1762784688.6559086,person,0.4740828573703766,1.17633056640625,0.111572265625,616.7012939453125,479.3705139160156
1762784688.7029088,person,0.5341838598251343,0.49322509765625,0.33782958984375,624.8992309570312,479.96600341796875
1762784688.7515004,person,0.49155038595199585,1.71856689453125,0.774017333984375,623.69873046875,478.6432189941406
1762784688.8116608,person,0.49155038595199585,1.71856689453125,0.774017333984375,623.69873046875,478.6432189941406
1762784688.8612506,person,0.40706372261047363,2.5179443359375,1.305145263671875,611.425537109375,479.5910949707031
1762784688.9223716,person,0.500362753868103,2.2166748046875,0.97607421875,609.045166015625,478.0832214355469
1762784688.9701226,person,0.5155120491981506,2.332763671875,0.47540283203125,602.2926025390625,479.0870666503906
1762784689.0332897,person,0.467412531375885,2.7105712890625,0.534820556640625,617.414306640625,479.0610046386719
1762784689.092286,person,0.27381131052970886,3.319091796875,0.929840087890625,537.785400390625,476.9095764160156
1762784689.1417162,person,0.4032498002052307,0.69769287109375,0.09442138671875,598.8065795898438,478.4700927734375
1762784689.2978473,bottle,0.4860589802265167,238.01641845703125,1.495208740234375,339.4111328125,278.8223571777344
1762784689.3405235,bottle,0.5283396244049072,228.89393615722656,0.6771240234375,328.740234375,289.46612548828125
1762784689.3405235,person,0.3635501563549042,20.1082763671875,0.49713134765625,638.771484375,478.31231689453125
1762784689.3405235,person,0.3101329207420349,0.511077880859375,0.322021484375,178.97286987304688,476.906005859375
1762784689.391035,bottle,0.5283396244049072,228.89393615722656,0.6771240234375,328.740234375,289.46612548828125
1762784689.391035,person,0.3635501563549042,20.1082763671875,0.49713134765625,638.771484375,478.31231689453125
1762784689.391035,person,0.3101329207420349,0.511077880859375,0.322021484375,178.97286987304688,476.906005859375
1762784689.4517004,person,0.5137905478477478,22.17803955078125,0.0,639.633056640625,479.5022888183594
1762784689.4993243,banana,0.3598330616950989,201.4703369140625,0.343719482421875,312.60589599609375,263.36260986328125
1762784689.5447857,banana,0.4433475732803345,200.99310302734375,0.4506988525390625,304.873046875,251.8314666748047
1762784689.5447857,person,0.2735096514225006,3.93170166015625,1.55914306640625,639.769287109375,479.62530517578125
1762784689.5914853,banana,0.4433475732803345,200.99310302734375,0.4506988525390625,304.873046875,251.8314666748047
1762784689.5914853,person,0.2735096514225006,3.93170166015625,1.55914306640625,639.769287109375,479.62530517578125
1762784689.6357334,bottle,0.6737410426139832,197.477294921875,0.0,305.96185302734375,242.59840393066406
1762784689.6873636,person,0.4414178729057312,15.29327392578125,2.37298583984375,638.7632446289062,479.77020263671875
1762784689.6873636,banana,0.3782970905303955,187.45016479492188,0.4234771728515625,296.3719787597656,245.9003448486328
1762784689.7478838,hot dog,0.2863839864730835,306.04351806640625,0.0396728515625,640.0,246.07330322265625
1762784689.7478838,banana,0.25940242409706116,186.64492797851562,0.182830810546875,295.4596862792969,250.4124755859375
1762784689.8487256,bottle,0.6361734867095947,188.0040283203125,0.06475830078125,300.17413330078125,258.22723388671875
1762784689.8487256,person,0.3816525638103485,19.46954345703125,0.0,638.924560546875,479.1707458496094
1762784689.9054272,bottle,0.6361734867095947,188.0040283203125,0.06475830078125,300.17413330078125,258.22723388671875
1762784689.9054272,person,0.3816525638103485,19.46954345703125,0.0,638.924560546875,479.1707458496094
1762784689.9694889,bottle,0.4393743872642517,188.02886962890625,0.1475830078125,301.8435974121094,262.3780517578125
1762784690.0285084,person,0.5392113924026489,4.38525390625,0.62164306640625,640.0,480.0
1762784690.0285084,bottle,0.40363645553588867,185.99896240234375,0.131988525390625,301.875,270.9342041015625
1762784690.0728164,banana,0.3656143248081207,184.26235961914062,0.80242919921875,301.4188232421875,276.5267333984375
1762784690.0728164,bottle,0.3449256122112274,185.35647583007812,0.228790283203125,300.9615478515625,278.2925109863281
1762784690.0728164,person,0.2690305709838867,3.594482421875,1.507568359375,640.0,480.0
1762784690.123947,person,0.36724939942359924,11.18438720703125,0.0,638.1610107421875,478.2813415527344
1762784690.123947,person,0.2649451196193695,0.6642608642578125,0.661865234375,194.76683044433594,469.3113708496094
1762784690.172037,person,0.36724939942359924,11.18438720703125,0.0,638.1610107421875,478.2813415527344
1762784690.172037,person,0.2649451196193695,0.6642608642578125,0.661865234375,194.76683044433594,469.3113708496094
1762784690.232629,person,0.48972880840301514,13.75439453125,0.0,637.9207763671875,477.82476806640625
1762784690.232629,banana,0.292167991399765,181.18917846679688,0.4915771484375,305.5424499511719,301.2376708984375
1762784690.2777386,person,0.5569598078727722,3.0458984375,0.604583740234375,640.0,479.43701171875
1762784690.2777386,banana,0.3455716371536255,180.05276489257812,0.610107421875,303.3323059082031,306.54718017578125
1762784690.3259885,person,0.3312472999095917,12.9530029296875,0.0,638.6703491210938,479.0116271972656
1762784690.371197,bottle,0.4732087254524231,172.557861328125,0.27459716796875,297.1225891113281,320.87811279296875
1762784690.4226768,bottle,0.8827215433120728,171.50390625,0.202392578125,291.7354736328125,321.48614501953125
1762784690.4226768,donut,0.35322651267051697,296.8531494140625,0.0,639.214111328125,264.7587890625
1762784690.4841554,person,0.45352599024772644,14.82391357421875,0.0,638.1329956054688,478.8998107910156
1762784690.546043,person,0.45244890451431274,5.662353515625,0.880889892578125,640.0,476.7252502441406
1762784690.590749,person,0.46337729692459106,4.13262939453125,0.98223876953125,640.0,479.64581298828125
1762784690.590749,banana,0.2873634994029999,171.9803466796875,0.7356033325195312,283.5677185058594,256.111572265625
1762784690.641691,person,0.5550239086151123,5.271484375,0.0,640.0,476.81298828125
1762784690.7007153,person,0.5550239086151123,5.271484375,0.0,640.0,476.81298828125
1762784690.7491722,person,0.27731087803840637,11.92926025390625,1.9566650390625,639.6215209960938,477.1072998046875
1762784690.796607,person,0.6561982035636902,3.03778076171875,1.45074462890625,639.1331787109375,476.560791015625
1762784690.796607,bottle,0.3821047842502594,144.085205078125,0.5899658203125,260.5583801269531,213.143798828125
1762784690.84485,person,0.5447834730148315,3.2197265625,0.3447265625,638.757080078125,474.09613037109375
1762784690.907278,person,0.41054481267929077,3.2977294921875,0.026885986328125,638.869873046875,470.005859375
1762784690.907278,bottle,0.26020747423171997,146.29714965820312,0.4681243896484375,259.2715759277344,184.0268096923828
1762784690.9666698,person,0.41054481267929077,3.2977294921875,0.026885986328125,638.869873046875,470.005859375
1762784690.9666698,bottle,0.26020747423171997,146.29714965820312,0.4681243896484375,259.2715759277344,184.0268096923828
1762784691.0162551,person,0.4626512825489044,3.88641357421875,0.27374267578125,638.7655029296875,471.4585876464844
1762784691.0651932,person,0.5850232243537903,2.880859375,0.107818603515625,638.6966552734375,474.9971923828125
1762784691.0651932,bottle,0.27014562487602234,148.20651245117188,0.447235107421875,265.3445129394531,203.63174438476562
1762784691.127616,bottle,0.7320922613143921,141.93670654296875,0.7591552734375,265.5904541015625,285.8106689453125
1762784691.127616,bottle,0.411072313785553,242.9630889892578,1.3109130859375,345.64483642578125,355.2471923828125
1762784691.1895423,bottle,0.696461021900177,134.64089965820312,1.203857421875,259.6716613769531,336.512451171875
1762784691.1895423,bottle,0.4115414023399353,235.1514892578125,2.63720703125,340.46148681640625,384.125732421875
1762784691.1895423,bottle,0.32613784074783325,2.0713653564453125,0.97039794921875,170.5524444580078,452.71697998046875
1762784691.2533097,bottle,0.5212492942810059,120.9537582397461,1.379425048828125,258.5063171386719,375.1164245605469
1762784691.2533097,person,0.3998979926109314,231.54669189453125,1.801025390625,638.6492309570312,479.478759765625
1762784691.2533097,bottle,0.3593074679374695,220.65866088867188,4.9422607421875,331.8822937011719,424.07049560546875
1762784691.311642,person,0.41172900795936584,260.0057373046875,2.8778076171875,638.7833251953125,478.22784423828125
1762784691.3707972,person,0.37376320362091064,128.97235107421875,2.1318359375,639.195556640625,477.9254150390625
1762784691.3707972,carrot,0.33721238374710083,38.06803894042969,305.65008544921875,117.54876708984375,479.34661865234375
1762784691.3707972,bottle,0.2937445640563965,273.28057861328125,0.0,472.65386962890625,347.31781005859375
1762784691.4195487,bottle,0.5935347080230713,132.82656860351562,138.48138427734375,273.87872314453125,458.103759765625
1762784691.4195487,person,0.33240634202957153,175.36390686035156,1.671234130859375,639.119140625,478.3878173828125
1762784691.4195487,bottle,0.27894675731658936,274.47039794921875,0.0,459.10614013671875,353.0934753417969
1762784691.4688053,bottle,0.5935347080230713,132.82656860351562,138.48138427734375,273.87872314453125,458.103759765625
1762784691.4688053,person,0.33240634202957153,175.36390686035156,1.671234130859375,639.119140625,478.3878173828125
1762784691.4688053,bottle,0.27894675731658936,274.47039794921875,0.0,459.10614013671875,353.0934753417969
1762784691.5292985,person,0.29774507880210876,254.09814453125,2.23687744140625,639.0343627929688,476.934326171875
1762784691.5741699,person,0.36830243468284607,266.32171630859375,4.020751953125,638.6925659179688,476.88958740234375
1762784691.6222515,person,0.38140204548835754,252.51564025878906,0.446685791015625,639.3060302734375,477.3970947265625
1762784691.6222515,bottle,0.30544793605804443,158.64569091796875,189.978759765625,289.74664306640625,479.7222900390625
1762784691.6696403,bottle,0.5043320655822754,157.89169311523438,191.53680419921875,289.893310546875,480.0
1762784691.6696403,banana,0.35384824872016907,157.66213989257812,193.0078125,290.49188232421875,479.97674560546875
1762784691.6696403,person,0.27680858969688416,251.62176513671875,1.6243896484375,639.212890625,475.55389404296875
1762784691.7255156,banana,0.3897345960140228,154.71490478515625,190.09471130371094,283.6811828613281,479.78955078125
1762784691.7793617,banana,0.3897345960140228,154.71490478515625,190.09471130371094,283.6811828613281,479.78955078125
1762784691.8364403,person,0.5375155806541443,0.989501953125,0.09991455078125,639.859619140625,479.07708740234375
1762784691.8364403,banana,0.3069334924221039,154.74526977539062,185.4573974609375,285.8727722167969,479.69830322265625
1762784691.8844545,person,0.5375155806541443,0.989501953125,0.09991455078125,639.859619140625,479.07708740234375
1762784691.8844545,banana,0.3069334924221039,154.74526977539062,185.4573974609375,285.8727722167969,479.69830322265625
1762784691.9324875,person,0.677823007106781,0.79864501953125,0.168975830078125,640.0,478.88531494140625
1762784691.9324875,bottle,0.6492224335670471,159.97821044921875,164.47401428222656,290.6397705078125,469.3397216796875
1762784691.9942157,person,0.5845479369163513,0.0,0.0,640.0,478.888671875
1762784691.9942157,bottle,0.4306584894657135,162.85604858398438,156.34683227539062,290.96807861328125,462.2666320800781
1762784692.041627,person,0.5166846513748169,208.18060302734375,0.489990234375,639.3941650390625,477.0289306640625
1762784692.0850832,person,0.5166846513748169,208.18060302734375,0.489990234375,639.3941650390625,477.0289306640625
1762784692.1361465,person,0.5603419542312622,252.5103759765625,1.36163330078125,639.629638671875,479.36285400390625
1762784692.1361465,bottle,0.35231006145477295,166.05532836914062,151.581787109375,292.10858154296875,456.029541015625
1762784692.1845572,person,0.4493970572948456,235.6094970703125,0.726348876953125,639.4505004882812,477.24615478515625
1762784692.2457366,person,0.44197437167167664,1.77362060546875,0.458831787109375,639.31201171875,479.4493408203125
1762784692.3061724,person,0.48704081773757935,0.06982421875,0.0,640.0,478.95550537109375
1762784692.3513064,person,0.4047577381134033,209.902587890625,0.0,639.5374755859375,477.4615478515625
1762784692.401746,person,0.3752453923225403,1.5394287109375,0.0,640.0,479.8641357421875
1762784692.4612415,bottle,0.5260254144668579,159.41616821289062,153.15625,291.5791320800781,459.9271240234375
1762784692.4612415,person,0.4743136167526245,245.72254943847656,0.472930908203125,639.5316162109375,477.5498046875
1762784692.510919,person,0.4792502224445343,261.7744140625,1.021484375,639.392822265625,477.14361572265625
1762784692.510919,bottle,0.3828950822353363,159.53018188476562,152.667724609375,290.36566162109375,457.63287353515625
1762784692.5595481,person,0.4792502224445343,261.7744140625,1.021484375,639.392822265625,477.14361572265625
1762784692.5595481,bottle,0.3828950822353363,159.53018188476562,152.667724609375,290.36566162109375,457.63287353515625
1762784692.6183236,person,0.5647726655006409,0.0,0.6785888671875,640.0,479.3703918457031
1762784692.6628847,person,0.5647726655006409,0.0,0.6785888671875,640.0,479.3703918457031
1762784692.714409,person,0.5416004061698914,0.0,0.547271728515625,640.0,479.617919921875
1762784692.714409,bottle,0.33482420444488525,157.49441528320312,151.03106689453125,289.1861877441406,457.682861328125
1762784692.7818012,person,0.4758092164993286,269.8671875,0.0,639.46630859375,477.4516906738281
1762784692.8477423,person,0.2941949665546417,0.13287353515625,0.0,639.1978149414062,480.0
1762784692.8477423,banana,0.27680274844169617,156.47958374023438,154.56549072265625,289.1036682128906,464.77142333984375
1762784692.9047172,person,0.44918736815452576,258.041748046875,0.272613525390625,639.5009765625,477.4281005859375
1762784692.9047172,banana,0.2621457874774933,156.63116455078125,156.07855224609375,289.73345947265625,467.56451416015625
1762784692.966629,bottle,0.42645755410194397,154.22869873046875,156.1514434814453,287.8166809082031,466.29144287109375
1762784692.966629,person,0.4224468469619751,262.2442626953125,0.0,639.643310546875,478.072265625
1762784693.0130804,bottle,0.42645755410194397,154.22869873046875,156.1514434814453,287.8166809082031,466.29144287109375
1762784693.0130804,person,0.4224468469619751,262.2442626953125,0.0,639.643310546875,478.072265625
1762784693.0741346,person,0.5856581926345825,3.7294921875,0.7398681640625,639.220458984375,478.935791015625
1762784693.0741346,banana,0.289509117603302,155.45504760742188,159.45159912109375,286.98614501953125,470.09307861328125
1762784693.124838,person,0.5574663877487183,5.4141845703125,1.701904296875,639.50732421875,478.87579345703125
1762784693.124838,bottle,0.2777402102947235,150.94903564453125,158.84112548828125,286.135498046875,467.478271484375
1762784693.124838,banana,0.2722173035144806,153.36599731445312,159.25706481933594,287.5618896484375,468.2198486328125
1762784693.1854677,person,0.4127446413040161,5.8380126953125,0.373870849609375,639.1331787109375,479.09674072265625
1762784693.233661,person,0.7789310812950134,2.0950927734375,0.0,639.8870849609375,478.6822509765625
1762784693.233661,banana,0.41327664256095886,155.882080078125,155.41912841796875,286.77105712890625,468.09063720703125
1762784693.2947273,person,0.7328595519065857,11.64923095703125,0.0,639.238037109375,478.0047912597656
1762784693.2947273,banana,0.26828423142433167,153.01223754882812,153.8543701171875,284.02239990234375,468.695068359375
1762784693.3561957,person,0.7199366092681885,1.07318115234375,0.0,640.0,478.51373291015625
1762784693.3561957,bottle,0.4095645546913147,153.08251953125,147.05487060546875,283.50701904296875,457.726318359375
1762784693.3561957,banana,0.2819209694862366,154.50711059570312,149.50054931640625,285.11859130859375,465.09912109375
1762784693.4020557,person,0.5961296558380127,2.74658203125,0.393951416015625,638.47314453125,478.54071044921875
1762784693.4020557,bottle,0.3998226821422577,150.95794677734375,146.41429138183594,281.1439208984375,455.807861328125
1762784693.4526763,person,0.5468692779541016,264.84326171875,0.0,639.5518798828125,477.472412109375
1762784693.4526763,bottle,0.4292261004447937,149.00775146484375,145.68460083007812,279.2108154296875,455.4427185058594
1762784693.5010512,person,0.5644752383232117,0.99609375,0.0,638.7249755859375,479.0771484375
1762784693.5564497,person,0.5644752383232117,0.99609375,0.0,638.7249755859375,479.0771484375
1762784693.6084118,person,0.742343544960022,0.7568359375,0.16455078125,638.844970703125,478.7767333984375
1762784693.6650531,person,0.7642202973365784,1.3873291015625,0.0,639.3685302734375,478.44775390625
1762784693.7148075,person,0.7255581617355347,1.70111083984375,0.0,639.4190673828125,478.50860595703125
1762784693.7148075,bottle,0.2564133405685425,146.5775146484375,149.25852966308594,278.59173583984375,461.2188720703125
1762784693.7667289,person,0.7554132342338562,1.72119140625,0.0,639.5318603515625,478.3381652832031
1762784693.8233745,person,0.7554132342338562,1.72119140625,0.0,639.5318603515625,478.3381652832031
1762784693.87558,person,0.631242573261261,0.525390625,0.19952392578125,639.82177734375,478.4631042480469
1762784693.87558,bottle,0.28306227922439575,146.39645385742188,152.13677978515625,280.0799560546875,465.130615234375
1762784693.935931,person,0.6977443695068359,0.5589599609375,0.0,639.80859375,478.95703125
1762784693.9809113,person,0.8095535039901733,1.0731201171875,0.0,639.447265625,478.09912109375
1762784694.0290453,person,0.7869238257408142,1.266357421875,0.154144287109375,639.1363525390625,478.9535217285156
1762784694.080363,person,0.8153178691864014,0.95013427734375,0.408966064453125,639.7586059570312,478.2707824707031
1762784694.1385193,person,0.8153178691864014,0.95013427734375,0.408966064453125,639.7586059570312,478.2707824707031
1762784694.1903644,person,0.7912527918815613,1.36236572265625,0.0,639.5113525390625,478.7386169433594
1762784694.2493424,person,0.8241862654685974,1.4720458984375,0.0,639.6588134765625,478.6269836425781
1762784694.2493424,bottle,0.3911949694156647,147.452880859375,143.76747131347656,279.83477783203125,456.583984375
1762784694.298973,person,0.8241862654685974,1.4720458984375,0.0,639.6588134765625,478.6269836425781
1762784694.298973,bottle,0.3911949694156647,147.452880859375,143.76747131347656,279.83477783203125,456.583984375
1762784694.3448606,person,0.6923845410346985,1.25067138671875,0.0,639.5325317382812,479.272705078125
1762784694.3448606,bottle,0.3555624186992645,145.20062255859375,149.07688903808594,280.2945251464844,458.720458984375
1762784694.3917992,person,0.8056193590164185,1.803466796875,0.0,639.5209350585938,479.0390930175781
1762784694.3917992,bottle,0.38623180985450745,142.96676635742188,148.9073486328125,279.634765625,460.40557861328125
1762784694.3917992,banana,0.3299948275089264,139.47079467773438,154.94122314453125,280.2721862792969,468.771728515625
1762784694.4399998,person,0.8056193590164185,1.803466796875,0.0,639.5209350585938,479.0390930175781
1762784694.4399998,bottle,0.38623180985450745,142.96676635742188,148.9073486328125,279.634765625,460.40557861328125
1762784694.4399998,banana,0.3299948275089264,139.47079467773438,154.94122314453125,280.2721862792969,468.771728515625
1762784694.488943,person,0.7235242128372192,1.769287109375,0.0,639.5338134765625,478.69586181640625
1762784694.488943,bottle,0.47364163398742676,141.64529418945312,145.00192260742188,277.4628601074219,460.0510559082031
1762784694.547935,person,0.5864452719688416,3.4569091796875,0.210906982421875,639.732177734375,476.6260681152344
1762784694.547935,bottle,0.2973472476005554,142.44009399414062,139.4307861328125,279.68817138671875,456.30419921875
1762784694.5968547,person,0.5864452719688416,3.4569091796875,0.210906982421875,639.732177734375,476.6260681152344
1762784694.5968547,bottle,0.2973472476005554,142.44009399414062,139.4307861328125,279.68817138671875,456.30419921875
1762784694.6459203,person,0.7978832125663757,1.91973876953125,1.55035400390625,638.95849609375,478.9435729980469
1762784694.705614,bottle,0.7029105424880981,142.46328735351562,144.77980041503906,276.7181396484375,458.2781982421875
1762784694.705614,person,0.5234596133232117,0.0,0.0,638.7120361328125,478.49383544921875
1762784694.7538774,bottle,0.7029105424880981,142.46328735351562,144.77980041503906,276.7181396484375,458.2781982421875
1762784694.7538774,person,0.5234596133232117,0.0,0.0,638.7120361328125,478.49383544921875
1762784694.8022697,bottle,0.4808155298233032,139.85394287109375,147.83767700195312,274.74993896484375,461.3247375488281
1762784694.8022697,person,0.4115562438964844,4.232177734375,0.324310302734375,639.9749755859375,470.2818908691406
1762784694.861621,person,0.5117284655570984,6.72540283203125,1.017669677734375,640.0,477.6021423339844
1762784694.861621,bottle,0.46829459071159363,133.7559814453125,149.39620971679688,274.578857421875,462.4089660644531
1762784694.908784,person,0.5117284655570984,6.72540283203125,1.017669677734375,640.0,477.6021423339844
1762784694.908784,bottle,0.46829459071159363,133.7559814453125,149.39620971679688,274.578857421875,462.4089660644531
1762784694.9549701,bottle,0.6231420636177063,138.426025390625,148.0177459716797,275.915771484375,460.95257568359375
1762784694.9549701,person,0.40616005659103394,223.6343994140625,0.0,639.2549438476562,478.0065612792969
1762784695.00446,bottle,0.6529935002326965,138.61740112304688,145.8721923828125,275.5306396484375,459.39111328125
1762784695.00446,person,0.3316202163696289,210.86834716796875,0.0,639.1039428710938,478.04071044921875
1762784695.0649323,bottle,0.8510087132453918,131.22909545898438,143.53570556640625,272.0467529296875,457.594482421875
1762784695.0649323,sandwich,0.27439308166503906,261.1380615234375,0.201416015625,639.2355346679688,316.3621826171875
1762784695.0649323,person,0.25194668769836426,3.39642333984375,0.1767578125,639.47705078125,468.2232666015625
1762784695.1231463,bottle,0.5964685678482056,126.02682495117188,141.83596801757812,267.6302795410156,457.4147644042969
1762784695.1231463,person,0.5953880548477173,1.46441650390625,0.0,638.5774536132812,478.7599182128906
1762784695.1706069,person,0.6724538803100586,1.13232421875,0.0,639.503173828125,478.5618896484375
1762784695.2200654,person,0.6724538803100586,1.13232421875,0.0,639.503173828125,478.5618896484375
1762784695.2783277,person,0.6327812671661377,2.1881103515625,0.567413330078125,637.139892578125,477.0649719238281
1762784695.326164,person,0.5652002692222595,238.47352600097656,0.0,639.748291015625,479.51513671875
1762784695.375281,person,0.6499406695365906,0.5340576171875,0.0,640.0,479.56500244140625
1762784695.375281,banana,0.39253565669059753,47.553314208984375,138.58590698242188,242.93295288085938,476.3481750488281
1762784695.4345887,person,0.6593403816223145,1.094970703125,0.0,640.0,479.1016845703125
1762784695.4832387,person,0.6459972858428955,1.03106689453125,0.0,640.0,478.89178466796875
1762784695.532035,person,0.6459972858428955,1.03106689453125,0.0,640.0,478.89178466796875
1762784695.5894346,person,0.6728234887123108,1.28753662109375,0.0,640.0,478.9573669433594
1762784695.6365445,person,0.6462171673774719,3.23553466796875,1.345672607421875,638.8492431640625,479.3502502441406
1762784695.6866384,person,0.5773440599441528,1.814697265625,0.0,640.0,479.2672119140625
1762784695.7333527,person,0.6890361309051514,1.935546875,0.0,640.0,479.5045166015625
1762784695.7822874,teddy bear,0.5316718816757202,2.875762939453125,112.1947021484375,332.6658935546875,479.73583984375
1762784695.7822874,person,0.5175842046737671,1.58642578125,0.0,640.0,479.7002868652344
1762784695.8446825,teddy bear,0.5316718816757202,2.875762939453125,112.1947021484375,332.6658935546875,479.73583984375
1762784695.8446825,person,0.5175842046737671,1.58642578125,0.0,640.0,479.7002868652344
1762784695.9047585,donut,0.6039271354675293,334.36859130859375,0.292449951171875,639.6558227539062,280.82733154296875
1762784695.9047585,bottle,0.2691503167152405,7.95086669921875,0.196319580078125,353.3227233886719,476.64642333984375
1762784695.9537816,vase,0.4512452781200409,3.366363525390625,0.631011962890625,373.5918884277344,435.98956298828125
1762784695.9537816,apple,0.38807567954063416,347.43804931640625,0.42974853515625,639.5176391601562,248.4204559326172
1762784695.9537816,donut,0.3673001229763031,346.57403564453125,0.0166168212890625,639.7151489257812,248.88833618164062
1762784696.0160317,vase,0.4512452781200409,3.366363525390625,0.631011962890625,373.5918884277344,435.98956298828125
1762784696.0160317,apple,0.38807567954063416,347.43804931640625,0.42974853515625,639.5176391601562,248.4204559326172
1762784696.0160317,donut,0.3673001229763031,346.57403564453125,0.0166168212890625,639.7151489257812,248.88833618164062
1762784696.073372,person,0.46031734347343445,5.7821044921875,1.603240966796875,639.1583251953125,478.61566162109375
1762784696.073372,vase,0.4066937267780304,21.932952880859375,1.191680908203125,381.6199951171875,377.21881103515625
1762784696.073372,donut,0.3497200310230255,362.7442626953125,0.3086700439453125,639.4217529296875,227.11241149902344
1762784696.119341,person,0.36431455612182617,15.18377685546875,2.387725830078125,638.4916381835938,469.3806457519531
1762784696.1728337,bottle,0.6951654553413391,253.28363037109375,0.0570831298828125,338.71051025390625,225.26585388183594
1762784696.1728337,person,0.6814627647399902,8.272705078125,0.355072021484375,640.0,473.0499572753906
1762784696.2319794,person,0.7209881544113159,8.06219482421875,0.80291748046875,638.8706665039062,474.75177001953125
1762784696.2319794,bottle,0.6429740190505981,248.52835083007812,0.0,338.1785583496094,228.9886932373047
1762784696.2319794,person,0.2623724639415741,0.380584716796875,0.26416015625,250.94740295410156,475.6583251953125
1762784696.291214,person,0.25495412945747375,11.184814453125,0.081817626953125,638.8841552734375,474.3901672363281
1762784696.339639,person,0.25495412945747375,11.184814453125,0.081817626953125,638.8841552734375,474.3901672363281
1762784696.387829,person,0.35114923119544983,1.79034423828125,0.0,539.4470825195312,480.0
1762784696.4476674,person,0.42800071835517883,1.2911376953125,0.4913330078125,573.4083251953125,479.8482360839844
1762784696.4476674,bottle,0.2789784371852875,231.79039001464844,0.0,328.4774169921875,254.8837127685547
1762784696.4965885,apple,0.3659282624721527,340.8414306640625,0.0522918701171875,639.039306640625,253.20895385742188
1762784696.4965885,bottle,0.2962421178817749,233.37249755859375,0.0,330.22320556640625,273.90118408203125
1762784696.6492581,donut,0.2653583884239197,360.203857421875,0.0,640.0,265.55133056640625
1762784696.6959603,donut,0.459290087223053,365.30694580078125,0.0,639.4887084960938,280.32061767578125
1762784696.6959603,person,0.2567562758922577,0.60333251953125,0.10797119140625,579.728271484375,477.9623718261719
1762784696.8400364,person,0.6334230899810791,9.370849609375,1.72509765625,640.0,480.0
1762784696.8857474,person,0.6866216659545898,2.24969482421875,2.52935791015625,638.6318969726562,478.8499755859375
1762784696.9356425,person,0.6866216659545898,2.24969482421875,2.52935791015625,638.6318969726562,478.8499755859375
1762784696.9837418,person,0.752082109451294,1.97406005859375,2.478240966796875,638.5819091796875,478.6378173828125
1762784696.9837418,bottle,0.5537261366844177,224.52598571777344,97.59176635742188,319.9432373046875,359.29205322265625
1762784697.0456579,person,0.752082109451294,1.97406005859375,2.478240966796875,638.5819091796875,478.6378173828125
1762784697.0456579,bottle,0.5537261366844177,224.52598571777344,97.59176635742188,319.9432373046875,359.29205322265625
1762784697.10483,person,0.5091938972473145,8.51226806640625,4.407440185546875,640.0,479.72833251953125
1762784697.10483,person,0.264640748500824,0.558441162109375,0.035491943359375,166.8780517578125,473.9528503417969
1762784697.1542664,person,0.7315624356269836,1.02789306640625,1.37646484375,640.0,479.18695068359375
1762784697.203289,person,0.7919039726257324,2.7093505859375,1.22113037109375,640.0,478.3955993652344
1762784697.2629426,person,0.7919039726257324,2.7093505859375,1.22113037109375,640.0,478.3955993652344
1762784697.3242416,person,0.8501678705215454,3.6861572265625,0.55731201171875,639.2855224609375,479.2490539550781
1762784697.371544,person,0.8501678705215454,3.6861572265625,0.55731201171875,639.2855224609375,479.2490539550781
1762784697.4174862,person,0.8550878167152405,7.09173583984375,1.255218505859375,639.149658203125,479.00823974609375
1762784697.466867,person,0.8694968223571777,3.0048828125,0.8323974609375,639.3152465820312,479.38909912109375
1762784697.529191,person,0.8460347652435303,3.7735595703125,0.23388671875,639.260009765625,479.416748046875
1762784697.5755048,person,0.8579177260398865,0.5963134765625,0.275848388671875,639.3272705078125,478.8437194824219
1762784697.6246176,person,0.851886510848999,1.356689453125,0.289337158203125,639.5431518554688,478.715576171875
1762784697.682688,person,0.851886510848999,1.356689453125,0.289337158203125,639.5431518554688,478.715576171875
1762784697.733426,person,0.8641214966773987,2.60406494140625,0.063873291015625,639.5770874023438,478.8935546875
1762784697.733426,donut,0.29303619265556335,198.6630096435547,348.8187255859375,359.75994873046875,453.1214599609375
1762784697.781102,person,0.8335225582122803,4.2620849609375,0.1986083984375,639.97607421875,478.84869384765625
1762784697.8327546,person,0.8335225582122803,4.2620849609375,0.1986083984375,639.97607421875,478.84869384765625
1762784697.8941114,person,0.6601265668869019,115.572509765625,2.339111328125,639.95068359375,479.55035400390625
1762784697.9594786,person,0.7374287843704224,63.67236328125,0.915924072265625,639.057861328125,479.27947998046875
1762784698.015838,person,0.6727452874183655,58.31146240234375,0.0,640.0,477.3748474121094
1762784698.07675,person,0.6085320115089417,21.57373046875,0.0,638.6151123046875,479.99664306640625
1762784698.1279628,person,0.6856740117073059,31.627197265625,0.0,637.72021484375,479.03033447265625
1762784698.1862738,person,0.6856740117073059,31.627197265625,0.0,637.72021484375,479.03033447265625
1762784698.2357073,person,0.7652520537376404,99.17291259765625,0.93682861328125,634.61767578125,479.3631591796875
1762784698.2959542,person,0.7548170685768127,59.79412841796875,1.26751708984375,634.1620483398438,478.8621826171875
1762784698.346033,person,0.7863515615463257,99.53399658203125,1.000885009765625,636.2368774414062,479.5903625488281
1762784698.4066832,person,0.723016083240509,46.34246826171875,0.972900390625,625.6495971679688,479.45343017578125
1762784698.4528668,person,0.49637603759765625,59.976318359375,0.6553955078125,630.0404052734375,478.92059326171875
1762784698.5005195,person,0.49637603759765625,59.976318359375,0.6553955078125,630.0404052734375,478.92059326171875
1762784698.5518591,person,0.37870821356773376,17.01971435546875,0.0,632.8134765625,479.57366943359375
1762784698.6103745,person,0.4619709849357605,228.4259033203125,3.828338623046875,639.5232543945312,478.0271301269531
1762784698.6103745,person,0.4005943238735199,0.607635498046875,0.203765869140625,163.3104248046875,473.651611328125
1762784698.655676,person,0.4619709849357605,228.4259033203125,3.828338623046875,639.5232543945312,478.0271301269531
1762784698.655676,person,0.4005943238735199,0.607635498046875,0.203765869140625,163.3104248046875,473.651611328125
1762784698.7054665,person,0.3608599901199341,45.558837890625,0.0,625.2670288085938,420.8052978515625
1762784698.7621043,person,0.3345450162887573,17.35491943359375,0.0,639.135986328125,479.1016845703125
1762784698.8110464,person,0.3345450162887573,17.35491943359375,0.0,639.135986328125,479.1016845703125
1762784698.8621798,person,0.29609882831573486,11.69580078125,1.2607421875,629.6026611328125,396.63543701171875
1762784698.919827,person,0.47120922803878784,6.67315673828125,0.917266845703125,615.759521484375,459.90203857421875
1762784698.9659672,person,0.47120922803878784,6.67315673828125,0.917266845703125,615.759521484375,459.90203857421875
1762784699.018194,person,0.5089473128318787,11.90655517578125,0.554718017578125,611.1541748046875,435.3823547363281
1762784699.0792956,person,0.5176213383674622,31.67578125,0.001434326171875,629.38720703125,395.8653564453125
1762784699.1284678,person,0.5904687643051147,16.350341796875,1.04132080078125,611.7203369140625,456.458984375
1762784699.1878943,person,0.7127121686935425,15.14947509765625,1.185028076171875,609.9137573242188,430.46746826171875
1762784699.2394953,person,0.7138351202011108,70.17120361328125,1.606536865234375,626.2877807617188,433.38433837890625
1762784699.2992857,person,0.7138351202011108,70.17120361328125,1.606536865234375,626.2877807617188,433.38433837890625
1762784699.3598247,person,0.6470413208007812,66.93841552734375,1.37469482421875,629.7310180664062,435.62762451171875
1762784699.4068577,person,0.6640880107879639,12.4603271484375,0.25750732421875,637.510009765625,463.11712646484375
1762784699.4559844,person,0.6360141634941101,45.59161376953125,1.76678466796875,634.5701904296875,433.57611083984375
1762784699.5050066,person,0.6883431673049927,46.80023193359375,2.04461669921875,633.7008666992188,433.25067138671875
1762784699.5675452,person,0.6367380023002625,72.55126953125,2.26153564453125,633.614501953125,431.60931396484375
1762784699.6138327,person,0.6367380023002625,72.55126953125,2.26153564453125,633.614501953125,431.60931396484375
1762784699.661005,person,0.6679539680480957,44.4149169921875,2.361419677734375,636.4102783203125,433.3426513671875
1762784699.7091775,person,0.5581433176994324,74.22222900390625,1.658294677734375,633.846923828125,432.2159423828125
1762784699.7671926,person,0.609376072883606,85.2420654296875,1.52886962890625,635.92138671875,436.86187744140625
1762784699.818093,person,0.7062682509422302,44.49688720703125,1.0272216796875,636.8799438476562,446.9061279296875
1762784699.8760483,person,0.7593021988868713,14.28753662109375,1.08740234375,634.9055786132812,451.60760498046875
1762784699.925925,person,0.762129545211792,0.0,0.0,636.8626098632812,460.979248046875
1762784699.9828408,person,0.7373622059822083,4.3466796875,0.184417724609375,638.227783203125,474.6730651855469
1762784700.033348,person,0.8020989894866943,2.5938720703125,0.214263916015625,637.9493408203125,477.4729919433594
1762784700.0836122,person,0.8020989894866943,2.5938720703125,0.214263916015625,637.9493408203125,477.4729919433594
1762784700.144213,person,0.789242684841156,14.8809814453125,0.247528076171875,638.6756591796875,475.0256652832031
1762784700.2038126,person,0.8025469779968262,2.4764404296875,0.179107666015625,638.669189453125,476.55889892578125
1762784700.2523048,person,0.7577074766159058,35.69207763671875,0.508514404296875,635.6427001953125,472.34185791015625
1762784700.3032813,person,0.734230101108551,36.791259765625,1.063812255859375,634.83984375,470.28009033203125
1762784700.3622327,person,0.7808014750480652,3.75775146484375,0.0,634.92724609375,468.46783447265625
1762784700.418671,person,0.7880388498306274,12.525146484375,1.54058837890625,636.6580810546875,475.0252685546875
1762784700.4803762,person,0.8088105916976929,16.007080078125,1.378631591796875,637.1766357421875,477.22967529296875
1762784700.5314422,person,0.7785673141479492,27.8870849609375,0.0,623.8555908203125,472.71893310546875
1762784700.576958,person,0.7785673141479492,27.8870849609375,0.0,623.8555908203125,472.71893310546875
1762784700.6262145,person,0.7228208780288696,28.13818359375,0.0,628.6690673828125,471.16357421875
1762784700.6745126,person,0.7719581723213196,29.99615478515625,0.807464599609375,636.8526000976562,475.73321533203125
1762784700.7348158,person,0.7415270805358887,22.47259521484375,0.0,628.4888916015625,471.5499572753906
1762784700.7804294,person,0.7482506632804871,21.6866455078125,0.0,633.8416748046875,471.96673583984375
1762784700.833406,person,0.7611597776412964,21.9071044921875,0.0,631.120361328125,471.34814453125
1762784700.8897746,person,0.7611597776412964,21.9071044921875,0.0,631.120361328125,471.34814453125
1762784700.9419253,person,0.771205723285675,11.459228515625,0.0,626.33837890625,468.249755859375
1762784700.9981856,person,0.771205723285675,11.459228515625,0.0,626.33837890625,468.249755859375
1762784701.0498786,person,0.4756544828414917,4.9742431640625,0.074798583984375,625.6155395507812,466.1280517578125
1762784701.1093004,person,0.5568832159042358,1.58502197265625,1.043609619140625,627.202880859375,462.5289306640625
1762784701.1093004,bed,0.2558771073818207,1.98114013671875,0.7032470703125,631.2306518554688,475.5304260253906
1762784701.1559167,person,0.6365146636962891,0.0,2.24383544921875,622.782958984375,453.80682373046875
1762784701.202361,person,0.6365146636962891,0.0,2.24383544921875,622.782958984375,453.80682373046875
1762784701.2516017,person,0.7828705906867981,0.100830078125,1.609710693359375,611.8817138671875,448.1640625
1762784701.2995496,person,0.7503699660301208,8.3994140625,3.433746337890625,634.688232421875,456.2730407714844
1762784701.3615003,person,0.8154609799385071,7.8470458984375,0.3382568359375,636.7008056640625,462.587890625
1762784701.4085734,person,0.8211391568183899,11.84423828125,2.745697021484375,636.204833984375,459.6094665527344
1762784701.4676974,person,0.8228601813316345,11.6597900390625,1.8580322265625,636.4410400390625,461.72528076171875
1762784701.5183797,person,0.8228601813316345,11.6597900390625,1.8580322265625,636.4410400390625,461.72528076171875
1762784701.5832834,person,0.7807667851448059,17.6436767578125,2.352874755859375,629.3817138671875,454.5743103027344
1762784701.639613,person,0.6994747519493103,7.0841064453125,5.4893798828125,626.97265625,450.861083984375
1762784701.688241,person,0.6994747519493103,7.0841064453125,5.4893798828125,626.97265625,450.861083984375
1762784701.7344434,person,0.6220991611480713,12.9052734375,4.09527587890625,631.0006103515625,454.35546875
1762784701.7794304,person,0.6220991611480713,12.9052734375,4.09527587890625,631.0006103515625,454.35546875
1762784701.8325915,person,0.6921818256378174,11.07733154296875,1.938446044921875,636.8200073242188,453.5018005371094
1762784701.8325915,bed,0.306692898273468,0.49127197265625,0.30303955078125,611.6484375,476.94708251953125
1762784701.8917122,person,0.526178777217865,13.093017578125,0.6689453125,628.1488037109375,450.94775390625
1762784701.9362276,person,0.2780922055244446,3.6434326171875,1.87591552734375,630.410400390625,386.1773986816406
1762784701.9362276,hot dog,0.26196491718292236,172.73193359375,0.0557861328125,557.2078857421875,195.36795043945312
1762784701.983631,person,0.2780922055244446,3.6434326171875,1.87591552734375,630.410400390625,386.1773986816406
1762784701.983631,hot dog,0.26196491718292236,172.73193359375,0.0557861328125,557.2078857421875,195.36795043945312
1762784702.0297792,person,0.7303982377052307,3.8385009765625,0.06396484375,638.05859375,478.8896484375
1762784702.0795045,person,0.7303982377052307,3.8385009765625,0.06396484375,638.05859375,478.8896484375
1762784702.1390262,person,0.6339950561523438,4.94049072265625,0.553192138671875,635.7742919921875,409.89288330078125
1762784702.1390262,bed,0.2528456747531891,0.587646484375,0.474395751953125,610.3466796875,476.1045837402344
1762784702.1874473,person,0.496316522359848,5.00244140625,0.0,635.762451171875,388.5896911621094
1762784702.1874473,bed,0.37397605180740356,0.52716064453125,0.306396484375,611.102783203125,476.4828796386719
1762784702.2350287,bed,0.43010514974594116,0.4417724609375,0.3145751953125,610.7883911132812,477.1043701171875
1762784702.2350287,person,0.377864271402359,1.1280517578125,1.095458984375,609.519775390625,476.6748962402344
1762784702.2350287,banana,0.2625836730003357,19.1585693359375,0.0,626.5032958984375,373.95965576171875
1762784702.2802038,bed,0.43010514974594116,0.4417724609375,0.3145751953125,610.7883911132812,477.1043701171875
1762784702.2802038,person,0.377864271402359,1.1280517578125,1.095458984375,609.519775390625,476.6748962402344
1762784702.2802038,banana,0.2625836730003357,19.1585693359375,0.0,626.5032958984375,373.95965576171875
1762784702.3280125,person,0.45205995440483093,0.9349365234375,1.591461181640625,611.265869140625,476.9697570800781
1762784702.3280125,bed,0.2970632314682007,1.74566650390625,0.209625244140625,636.2477416992188,479.96539306640625
1762784702.3864756,person,0.4730232357978821,0.63201904296875,0.484710693359375,615.0333862304688,480.0
1762784702.4335918,person,0.5684105157852173,1.1610107421875,2.660308837890625,631.3431396484375,477.38201904296875
1762784702.4335918,cell phone,0.33751747012138367,593.710205078125,89.87203979492188,639.69775390625,190.76528930664062
1762784702.4807212,person,0.5721920728683472,2.2877197265625,0.26617431640625,631.213623046875,477.8409118652344
1762784702.5298288,person,0.5721920728683472,2.2877197265625,0.26617431640625,631.213623046875,477.8409118652344
1762784702.577678,person,0.640198826789856,2.663330078125,0.152587890625,632.8125,477.7783203125
1762784702.641742,person,0.48981037735939026,2.52423095703125,0.179901123046875,634.69921875,479.5222473144531
1762784702.7012997,person,0.5451198220252991,2.83258056640625,0.93792724609375,634.6048583984375,477.7914123535156
1762784702.7595127,person,0.5055363774299622,2.31451416015625,0.6395263671875,634.6260375976562,477.91339111328125
1762784702.809367,person,0.4036322236061096,2.0677490234375,1.175262451171875,634.8529052734375,477.37744140625
1762784702.8537996,person,0.4036322236061096,2.0677490234375,1.175262451171875,634.8529052734375,477.37744140625
1762784702.9016368,person,0.5925870537757874,4.5423583984375,0.80987548828125,632.9564208984375,467.8953857421875
1762784702.9501357,person,0.5621095895767212,2.79791259765625,1.712677001953125,631.97021484375,478.5826721191406
1762784703.0120366,person,0.5621095895767212,2.79791259765625,1.712677001953125,631.97021484375,478.5826721191406
1762784703.0593438,person,0.3915509581565857,1.4420166015625,2.60626220703125,632.282958984375,475.59375
1762784703.1297402,person,0.5033051371574402,3.8992919921875,0.395355224609375,631.1561279296875,479.58447265625
1762784703.1857526,person,0.5033051371574402,3.8992919921875,0.395355224609375,631.1561279296875,479.58447265625
1762784703.2518601,person,0.7296116948127747,0.0,1.86474609375,629.4163818359375,479.12152099609375
1762784703.3044019,person,0.5256603956222534,1.367431640625,0.0,633.0933837890625,477.21234130859375
1762784703.3528476,person,0.5256603956222534,1.367431640625,0.0,633.0933837890625,477.21234130859375
1762784703.400241,person,0.44299718737602234,12.78912353515625,1.92755126953125,639.5120849609375,478.13641357421875
1762784703.400241,cell phone,0.259308397769928,0.025522232055664062,152.05352783203125,26.743980407714844,247.87994384765625
1762784703.4464283,cell phone,0.6792521476745605,0.06945419311523438,151.64273071289062,37.61869430541992,245.98001098632812
1762784703.4464283,person,0.5485817790031433,0.83648681640625,1.343170166015625,635.9686279296875,478.9828186035156
1762784703.4986372,cell phone,0.8722952008247375,0.10623931884765625,146.1921844482422,45.203521728515625,239.5631866455078
1762784703.4986372,person,0.5113754868507385,3.16387939453125,0.997406005859375,639.9918823242188,477.7864685058594
1762784703.5562575,cell phone,0.7970303893089294,0.0879058837890625,145.60009765625,53.079689025878906,239.49884033203125
1762784703.5562575,person,0.4721340537071228,53.07135009765625,0.5074462890625,637.3408203125,415.5039367675781
1762784703.6055076,person,0.45686590671539307,16.2860107421875,1.160736083984375,637.716064453125,479.2713317871094
1762784703.6055076,person,0.4025099277496338,244.69287109375,0.1884765625,639.4747314453125,319.4302978515625
1762784703.666876,person,0.45686590671539307,16.2860107421875,1.160736083984375,637.716064453125,479.2713317871094
1762784703.666876,person,0.4025099277496338,244.69287109375,0.1884765625,639.4747314453125,319.4302978515625
1762784703.715347,person,0.5565010905265808,18.75628662109375,0.449127197265625,640.0,477.4072570800781
1762784703.7740088,person,0.5155620574951172,49.0113525390625,2.58489990234375,636.7799682617188,477.44805908203125
1762784703.819432,cell phone,0.7992916107177734,0.11928176879882812,183.24673461914062,46.782203674316406,274.5890197753906
1762784703.819432,person,0.5013488531112671,1.83544921875,2.099609375,638.1297607421875,478.22381591796875
1762784703.867922,cell phone,0.8269518613815308,0.057567596435546875,182.44833374023438,39.48998260498047,275.62506103515625
1762784703.867922,person,0.4546869695186615,2.74627685546875,2.73480224609375,638.4075317382812,476.70306396484375
1762784703.916565,cell phone,0.778113067150116,0.07146453857421875,182.58758544921875,28.419784545898438,276.4196472167969
1762784703.916565,person,0.4058550000190735,176.83050537109375,4.28741455078125,640.0,343.50390625
1762784703.9790714,cell phone,0.778113067150116,0.07146453857421875,182.58758544921875,28.419784545898438,276.4196472167969
1762784703.9790714,person,0.4058550000190735,176.83050537109375,4.28741455078125,640.0,343.50390625
1762784704.0386014,person,0.3646279573440552,1.3203125,0.2249755859375,636.974853515625,479.3133544921875
1762784704.0993876,person,0.6895173788070679,7.649658203125,1.4508056640625,637.6619873046875,475.2890625
1762784704.1511538,person,0.6895173788070679,7.649658203125,1.4508056640625,637.6619873046875,475.2890625
1762784704.2108655,bed,0.5181169509887695,6.3436279296875,0.380615234375,638.4472045898438,477.28662109375
1762784704.2108655,person,0.4012198746204376,11.856689453125,0.0,637.9144287109375,465.3505554199219
1762784704.2621803,bed,0.5181169509887695,6.3436279296875,0.380615234375,638.4472045898438,477.28662109375
1762784704.2621803,person,0.4012198746204376,11.856689453125,0.0,637.9144287109375,465.3505554199219
1762784704.3229852,person,0.615806519985199,6.13720703125,1.35919189453125,638.1978759765625,475.67718505859375
1762784704.3820102,person,0.7124889492988586,10.38201904296875,1.720062255859375,638.56689453125,478.15362548828125
1762784704.4292293,person,0.7049972414970398,6.9871826171875,1.55706787109375,636.520751953125,478.30633544921875
1762784704.4292293,bed,0.2640359699726105,1.31243896484375,0.247161865234375,638.322265625,479.2044677734375
1762784704.479246,person,0.7049972414970398,6.9871826171875,1.55706787109375,636.520751953125,478.30633544921875
1762784704.479246,bed,0.2640359699726105,1.31243896484375,0.247161865234375,638.322265625,479.2044677734375
1762784704.5402257,person,0.6036137342453003,6.0318603515625,1.191314697265625,633.1143798828125,479.11474609375
1762784704.5402257,bed,0.4280683100223541,3.04364013671875,0.0,639.145751953125,478.8188781738281
1762784704.6013224,person,0.7374586462974548,15.296875,2.590301513671875,632.2322998046875,478.6275634765625
1762784704.6013224,bed,0.3229207396507263,4.23358154296875,0.0,638.3118896484375,479.59149169921875
1762784704.647944,person,0.6379308104515076,23.1170654296875,2.3746337890625,634.509033203125,478.8629150390625
1762784704.647944,bed,0.448824405670166,3.08258056640625,0.0,639.3285522460938,479.70001220703125
1762784704.69914,person,0.6108863353729248,13.0472412109375,1.13330078125,634.7052001953125,478.63592529296875
1762784704.69914,bed,0.5137547254562378,2.82958984375,0.0,638.5511474609375,480.0
1762784704.7594874,person,0.710638165473938,7.46832275390625,0.909637451171875,637.6168823242188,478.4984130859375
1762784704.7594874,bed,0.31619200110435486,0.89971923828125,0.203826904296875,638.3662719726562,479.5860290527344
1762784704.820458,person,0.7763715982437134,60.3189697265625,0.514434814453125,637.9818115234375,474.4390563964844
1762784704.820458,person,0.30041661858558655,1.63714599609375,0.0,346.32342529296875,476.42041015625
1762784704.8821504,person,0.7315100431442261,41.7159423828125,1.384429931640625,637.7991333007812,466.737060546875
1762784704.941792,person,0.6855931282043457,28.7799072265625,0.376495361328125,638.148681640625,453.4797058105469
1762784704.9888394,person,0.6855931282043457,28.7799072265625,0.376495361328125,638.148681640625,453.4797058105469
1762784705.0347335,person,0.6045815348625183,31.61688232421875,0.433746337890625,637.0480346679688,429.5794372558594
1762784705.0845916,person,0.6045815348625183,31.61688232421875,0.433746337890625,637.0480346679688,429.5794372558594
1762784705.1409183,person,0.6356444954872131,34.4644775390625,0.92694091796875,638.5447998046875,390.8505859375
1762784705.1928115,person,0.7114508748054504,54.3175048828125,1.363128662109375,639.1964111328125,411.9853210449219
1762784705.252631,person,0.6959396004676819,65.30523681640625,1.159027099609375,639.3753662109375,385.25628662109375
1762784705.3011916,person,0.7205890417098999,66.92852783203125,1.166015625,639.3611450195312,424.84356689453125
1762784705.3456676,person,0.7164688110351562,33.79058837890625,0.866485595703125,638.2439575195312,457.0404357910156
1762784705.3963745,person,0.7164688110351562,33.79058837890625,0.866485595703125,638.2439575195312,457.0404357910156
1762784705.4540544,person,0.6745175719261169,22.1630859375,0.532806396484375,638.8054809570312,432.3443603515625
1762784705.505728,person,0.5971150398254395,19.9471435546875,0.0,639.59912109375,477.8407897949219
1762784705.5531437,person,0.5683958530426025,27.46197509765625,0.0,639.8598022460938,477.83209228515625
1762784705.6168923,person,0.44886326789855957,13.5364990234375,0.25048828125,638.9632568359375,440.8402099609375
1762784705.6766715,person,0.5118910670280457,27.72796630859375,0.1630859375,639.5020141601562,473.21270751953125
1762784705.7239842,person,0.5118910670280457,27.72796630859375,0.1630859375,639.5020141601562,473.21270751953125
1762784705.7851849,person,0.5962216854095459,73.33740234375,0.0,638.9400634765625,359.72076416015625
1762784705.844697,person,0.3943988084793091,0.83843994140625,0.57794189453125,628.1044921875,478.09368896484375
1762784705.8931909,person,0.436868816614151,72.6661376953125,1.09051513671875,638.5137939453125,339.3272705078125
1762784705.9533634,person,0.436868816614151,72.6661376953125,1.09051513671875,638.5137939453125,339.3272705078125
1762784706.0008786,person,0.6138559579849243,78.2191162109375,1.093475341796875,639.6329956054688,330.17095947265625
1762784706.052629,person,0.703630805015564,69.077880859375,1.09576416015625,640.0,345.43841552734375
1762784706.1094067,person,0.7788577675819397,66.0989990234375,1.1405029296875,640.0,369.216796875
1762784706.1617522,person,0.717631459236145,70.032958984375,1.2470703125,640.0,394.94708251953125
1762784706.2208152,person,0.717631459236145,70.032958984375,1.2470703125,640.0,394.94708251953125
1762784706.2650363,person,0.7211753726005554,67.1697998046875,1.183868408203125,640.0,396.1759948730469
1762784706.3187594,person,0.7497931718826294,80.5103759765625,1.014129638671875,640.0,376.4038391113281
1762784706.3775022,person,0.37443235516548157,34.93316650390625,1.05975341796875,636.3184204101562,478.3191223144531
1762784706.436457,person,0.3765459358692169,90.2747802734375,0.0,638.3914794921875,350.85064697265625
1762784706.4779024,person,0.351798415184021,105.2548828125,1.150360107421875,638.6619873046875,349.1601257324219
1762784706.5329773,person,0.351798415184021,105.2548828125,1.150360107421875,638.6619873046875,349.1601257324219
1762784706.5935354,person,0.6774260997772217,0.0,0.307952880859375,631.2958374023438,478.1104736328125
1762784706.655588,person,0.61583411693573,0.0,0.55145263671875,630.2935791015625,478.34661865234375
1762784706.707103,person,0.5091205835342407,0.800537109375,0.235595703125,631.6204833984375,478.1563415527344
1762784706.7668848,person,0.5091205835342407,0.800537109375,0.235595703125,631.6204833984375,478.1563415527344
1762784706.8281994,person,0.5450440049171448,63.94354248046875,2.175262451171875,638.3862915039062,361.0620422363281
1762784706.8751504,person,0.633542537689209,25.3406982421875,0.0,638.516845703125,372.1138916015625
1762784706.9220939,person,0.6348307728767395,8.7996826171875,0.0,638.1756591796875,389.67425537109375
1762784706.968495,person,0.6713358163833618,0.0,0.6236572265625,628.9274291992188,478.5865478515625
1762784707.0164013,person,0.6713358163833618,0.0,0.6236572265625,628.9274291992188,478.5865478515625
1762784707.0668805,person,0.6694419384002686,0.835205078125,0.961395263671875,628.72509765625,476.8395080566406
1762784707.1254478,person,0.6619067788124084,0.96246337890625,1.021331787109375,628.4742431640625,477.8314514160156
1762784707.1720264,person,0.5804958939552307,16.40545654296875,0.9881591796875,638.6570434570312,356.04248046875
1762784707.2173193,person,0.4985339939594269,4.397216796875,0.0467529296875,633.6021118164062,477.19952392578125
1762784707.2640204,person,0.5273681282997131,1.4898681640625,0.589691162109375,631.76025390625,476.9421081542969
1762784707.312886,person,0.5273681282997131,1.4898681640625,0.589691162109375,631.76025390625,476.9421081542969
1762784707.3732104,person,0.5107840895652771,1.9713134765625,0.0,634.969482421875,478.92156982421875
1762784707.4211497,person,0.5018907785415649,13.69110107421875,3.26885986328125,640.0,357.7021789550781
1762784707.470657,person,0.43756917119026184,6.0992431640625,1.656097412109375,638.9061279296875,478.7759704589844
1762784707.5320168,person,0.39145171642303467,59.32513427734375,0.0,638.6426391601562,359.9276123046875
1762784707.5784187,person,0.538831353187561,2.9346923828125,0.0506591796875,630.658447265625,478.397705078125
1762784707.6287808,person,0.538831353187561,2.9346923828125,0.0506591796875,630.658447265625,478.397705078125
1762784707.6865923,person,0.6289214491844177,1.2353515625,0.270050048828125,628.9092407226562,479.6387023925781
1762784707.734293,person,0.5314297676086426,0.23773193359375,0.0,626.7069091796875,480.0
1762784707.7806404,person,0.6755005121231079,3.81689453125,0.0,639.04248046875,479.4436340332031
1762784707.8270988,sandwich,0.3027077615261078,128.78749084472656,0.650604248046875,637.89111328125,267.3675537109375
1762784707.8270988,person,0.2734021246433258,0.24700927734375,1.22064208984375,638.5786743164062,476.1885986328125
1762784708.0591238,cat,0.47902077436447144,16.33349609375,4.60614013671875,637.3140869140625,478.6978759765625
1762784708.1130157,cat,0.4953756332397461,45.5125732421875,0.0,638.068603515625,476.7810974121094
1762784708.1701837,person,0.2618758976459503,271.870361328125,0.298675537109375,639.87158203125,204.80686950683594
1762784708.217195,person,0.2618758976459503,271.870361328125,0.298675537109375,639.87158203125,204.80686950683594
1762784708.336764,cell phone,0.407711386680603,0.1874542236328125,0.02791595458984375,142.5032958984375,36.709083557128906
1762784708.3984149,person,0.3936704099178314,129.2806396484375,1.0208740234375,637.2044677734375,476.2872314453125
1762784708.4570663,cell phone,0.3354986310005188,365.1796875,38.09367370605469,524.3192138671875,120.55342102050781
1762784708.4570663,person,0.3172372281551361,143.9634552001953,1.7779541015625,638.0177612304688,477.0404968261719
1762784708.5165458,cell phone,0.4032647907733917,1.08892822265625,0.0,174.8916015625,39.98705291748047
1762784708.5165458,person,0.3923245668411255,178.13246154785156,0.82550048828125,638.216552734375,477.1205749511719
1762784708.5774026,person,0.290192574262619,55.44561767578125,0.4635009765625,636.6290893554688,477.38037109375
1762784708.6273203,person,0.3304423987865448,88.3992919921875,0.657684326171875,638.25634765625,478.3780212402344
1762784708.6860683,cell phone,0.26719701290130615,2.548309326171875,0.0,166.49127197265625,35.0698356628418
1762784708.727555,cell phone,0.26719701290130615,2.548309326171875,0.0,166.49127197265625,35.0698356628418
1762784708.873853,person,0.31819450855255127,167.32928466796875,1.514984130859375,637.9855346679688,476.2646484375
1762784708.9219167,cell phone,0.44401437044143677,0.1225433349609375,0.058032989501953125,172.5394744873047,47.7584342956543
1762784708.9219167,person,0.4151366353034973,136.6966552734375,0.197998046875,638.1231689453125,478.7060241699219
1762784708.9829402,cell phone,0.44401437044143677,0.1225433349609375,0.058032989501953125,172.5394744873047,47.7584342956543
1762784708.9829402,person,0.4151366353034973,136.6966552734375,0.197998046875,638.1231689453125,478.7060241699219
1762784709.033312,person,0.6338409185409546,162.1200408935547,0.0,638.1958618164062,477.18634033203125
1762784709.033312,cell phone,0.42804038524627686,0.0,0.05725860595703125,172.687744140625,51.617435455322266
1762784709.1551163,person,0.3953053057193756,4.07037353515625,0.77423095703125,636.823486328125,479.56927490234375
1762784709.225913,person,0.3953053057193756,4.07037353515625,0.77423095703125,636.823486328125,479.56927490234375
1762784709.477795,person,0.42120543122291565,7.188629150390625,26.977935791015625,442.10479736328125,479.34429931640625
1762784709.477795,fork,0.420625239610672,0.06644439697265625,367.7967834472656,75.23307800292969,479.8467712402344
1762784709.9114192,person,0.30787214636802673,2.2536773681640625,318.05657958984375,250.24761962890625,479.66387939453125
1762784710.1479805,banana,0.2747824490070343,0.477325439453125,0.5357666015625,282.97930908203125,213.5648193359375
1762784710.8433948,bottle,0.4005933105945587,219.83929443359375,0.1318511962890625,516.9548950195312,226.7490234375
1762784710.8433948,person,0.30003058910369873,569.9896240234375,226.8751220703125,639.67529296875,479.3582763671875
1762784710.889334,bottle,0.4005933105945587,219.83929443359375,0.1318511962890625,516.9548950195312,226.7490234375
1762784710.889334,person,0.30003058910369873,569.9896240234375,226.8751220703125,639.67529296875,479.3582763671875
1762784710.9362814,person,0.2632126212120056,0.653289794921875,0.293487548828125,187.0654296875,478.2178039550781
1762784710.9827762,person,0.29519662261009216,0.5543212890625,0.232391357421875,207.572021484375,460.6463317871094
1762784711.0316613,person,0.29519662261009216,0.5543212890625,0.232391357421875,207.572021484375,460.6463317871094
1762784711.0787218,person,0.33220797777175903,99.37225341796875,0.79376220703125,571.3458251953125,444.720947265625
1762784711.0787218,person,0.27496108412742615,268.18011474609375,0.105804443359375,571.0490112304688,258.2034912109375
1762784711.125048,person,0.27767565846443176,93.61219787597656,0.775634765625,574.5001220703125,450.28289794921875
1762784711.1744454,person,0.27767565846443176,93.61219787597656,0.775634765625,574.5001220703125,450.28289794921875
1762784711.2328115,mouse,0.28203365206718445,21.99456787109375,202.67352294921875,592.6405029296875,406.086669921875
1762784711.3980196,person,0.5767782926559448,1.000213623046875,0.0,316.6584167480469,416.244140625
1762784711.3980196,knife,0.29570403695106506,0.80902099609375,401.540771484375,355.87213134765625,465.63629150390625
1762784711.454726,person,0.29280024766921997,1.22552490234375,0.0,317.36895751953125,433.9622802734375
1762784711.5144885,person,0.29280024766921997,1.22552490234375,0.0,317.36895751953125,433.9622802734375
1762784711.564845,person,0.5618422031402588,0.85894775390625,0.0,316.65179443359375,439.9083251953125
1762784711.564845,knife,0.3490768074989319,0.591033935546875,401.1639404296875,354.86676025390625,464.078369140625
1762784711.62659,person,0.7296322584152222,0.39373779296875,1.107574462890625,321.46356201171875,450.6338806152344
1762784711.62659,knife,0.29745760560035706,0.762359619140625,401.5750427246094,353.8837890625,472.3251037597656
1762784711.62659,person,0.2718279957771301,60.1702880859375,0.0,638.909912109375,480.0
1762784711.675372,person,0.7296322584152222,0.39373779296875,1.107574462890625,321.46356201171875,450.6338806152344
1762784711.675372,knife,0.29745760560035706,0.762359619140625,401.5750427246094,353.8837890625,472.3251037597656
1762784711.675372,person,0.2718279957771301,60.1702880859375,0.0,638.909912109375,480.0
1762784711.7283053,person,0.7378724813461304,0.29827880859375,0.0,320.287353515625,452.1359558105469
1762784711.7844572,person,0.7241069674491882,0.31781005859375,0.0,319.44146728515625,446.19921875
1762784711.839045,person,0.6917235255241394,0.59912109375,0.0,318.847412109375,449.75567626953125
1762784711.839045,knife,0.29019656777381897,0.670166015625,400.24847412109375,352.64288330078125,472.23406982421875
1762784711.8877234,person,0.5771026015281677,0.367767333984375,0.0,319.0323486328125,444.41082763671875
1762784711.8877234,knife,0.31570321321487427,0.886444091796875,399.273193359375,352.9478759765625,471.70013427734375
1762784711.9389489,person,0.6558240652084351,0.108551025390625,0.0,319.1285705566406,447.28424072265625
1762784711.9389489,knife,0.2961626350879669,0.433837890625,399.99884033203125,352.79388427734375,468.8109130859375
1762784712.000369,person,0.6558240652084351,0.108551025390625,0.0,319.1285705566406,447.28424072265625
1762784712.000369,knife,0.2961626350879669,0.433837890625,399.99884033203125,352.79388427734375,468.8109130859375
1762784712.066854,person,0.7279282212257385,0.401092529296875,0.0,320.3834533691406,442.68743896484375
1762784712.066854,knife,0.399393230676651,0.3887939453125,399.8411865234375,353.4898681640625,468.852294921875
1762784712.123325,person,0.659736692905426,0.479736328125,0.0,320.57196044921875,435.4161682128906
1762784712.123325,knife,0.3554232120513916,0.428619384765625,399.02178955078125,353.8981018066406,467.22003173828125
1762784712.1756012,person,0.5682449340820312,0.118194580078125,0.7998046875,320.9173278808594,430.242919921875
1762784712.1756012,knife,0.35863059759140015,0.584991455078125,399.11383056640625,353.5846252441406,467.98431396484375
1762784712.2340999,person,0.7486787438392639,0.40350341796875,1.11962890625,323.6900634765625,449.55023193359375
1762784712.2340999,knife,0.4047859013080597,0.79150390625,398.3810119628906,351.91522216796875,467.2215270996094
1762784712.280718,person,0.7284485697746277,0.730316162109375,0.588836669921875,325.1321105957031,425.7226257324219
1762784712.280718,knife,0.33862611651420593,0.635040283203125,397.849853515625,352.3763732910156,467.548583984375
1762784712.3312783,person,0.7432982325553894,1.09307861328125,1.04400634765625,328.772216796875,449.41961669921875
1762784712.3953245,person,0.7225456833839417,0.0816650390625,1.79522705078125,332.6168212890625,427.56866455078125
1762784712.452457,person,0.644054114818573,0.16546630859375,1.740875244140625,335.14935302734375,420.906005859375
1762784712.5188065,person,0.644054114818573,0.16546630859375,1.740875244140625,335.14935302734375,420.906005859375
1762784712.57726,person,0.6789469122886658,0.1322021484375,1.53045654296875,336.64532470703125,429.9305419921875
1762784712.6432593,person,0.7718820571899414,0.029083251953125,2.402801513671875,336.0521240234375,427.9389953613281
1762784712.6961575,person,0.7718820571899414,0.029083251953125,2.402801513671875,336.0521240234375,427.9389953613281
1762784712.7573233,person,0.8020840287208557,0.935943603515625,1.664886474609375,336.8644714355469,443.71923828125
1762784712.811396,person,0.7111307978630066,0.226654052734375,2.443023681640625,337.1754150390625,441.8148498535156
1762784712.8762882,person,0.7831919193267822,0.12994384765625,1.15216064453125,337.37847900390625,439.69317626953125
1762784712.8762882,knife,0.29830294847488403,0.74017333984375,396.06890869140625,351.9415283203125,468.25164794921875
1762784712.9300284,person,0.5910759568214417,0.1539306640625,1.4276123046875,337.74957275390625,435.764892578125
1762784712.984973,person,0.5910759568214417,0.1539306640625,1.4276123046875,337.74957275390625,435.764892578125
1762784713.0510921,person,0.4395209848880768,1.71429443359375,1.6668701171875,337.71368408203125,427.7186584472656
1762784713.1031325,person,0.5662622451782227,0.792724609375,1.7467041015625,337.0884704589844,423.165283203125
1762784713.1031325,knife,0.2643594741821289,0.791259765625,396.99554443359375,349.9674377441406,468.19415283203125
1762784713.153765,person,0.4906603991985321,1.33624267578125,2.48724365234375,337.0386962890625,424.4412841796875
1762784713.2021613,person,0.4906603991985321,1.33624267578125,2.48724365234375,337.0386962890625,424.4412841796875
1762784713.2694187,person,0.6629554033279419,0.74859619140625,2.37286376953125,336.9132080078125,435.913818359375
1762784713.320557,person,0.5280583500862122,0.501220703125,2.72015380859375,336.57147216796875,421.86260986328125
1762784713.3777797,person,0.4170631468296051,1.826324462890625,0.88226318359375,337.40716552734375,422.1583251953125
1762784713.3777797,knife,0.281517893075943,0.94879150390625,395.93023681640625,351.82122802734375,471.91351318359375
1762784713.4441984,person,0.47411084175109863,0.55511474609375,2.505279541015625,337.41217041015625,434.4230041503906
1762784713.5119727,person,0.35384801030158997,0.445831298828125,0.0,337.8841857910156,429.3436584472656
1762784713.7706995,person,0.4014187753200531,1.046722412109375,1.07098388671875,340.34320068359375,430.58544921875
1762784713.7706995,knife,0.2864656448364258,0.86578369140625,393.658447265625,353.66632080078125,474.23309326171875
1762784713.8294644,person,0.40956172347068787,1.016510009765625,3.161224365234375,339.7505187988281,429.708251953125
1762784713.8294644,knife,0.3280314803123474,0.8798828125,394.631103515625,351.718505859375,474.91497802734375
1762784713.8914266,person,0.49906784296035767,2.426727294921875,2.541107177734375,339.8912658691406,447.76727294921875
1762784713.9665797,person,0.3855031132698059,0.64862060546875,0.6937255859375,338.54302978515625,425.27099609375
1762784714.0309753,person,0.28092002868652344,0.7728271484375,1.007232666015625,339.22589111328125,432.6271057128906
1762784714.0904853,person,0.28092002868652344,0.7728271484375,1.007232666015625,339.22589111328125,432.6271057128906
1762784714.1442518,person,0.4523516595363617,1.70660400390625,3.07513427734375,340.23846435546875,435.5909423828125
1762784714.2034369,person,0.32810214161872864,0.796051025390625,1.69970703125,340.5007629394531,431.5458068847656
1762784714.2555008,person,0.47367408871650696,1.1829833984375,1.8153076171875,340.97601318359375,428.52294921875
1762784714.3103387,person,0.47367408871650696,1.1829833984375,1.8153076171875,340.97601318359375,428.52294921875
1762784714.364054,person,0.32030463218688965,0.26959228515625,120.19346618652344,285.9302978515625,412.627685546875
1762784714.425316,person,0.26131802797317505,2.80108642578125,0.989166259765625,629.0328369140625,471.0849304199219
1762784714.4890437,person,0.5004796385765076,6.1912841796875,0.0,624.2706298828125,477.0050048828125
1762784714.908728,airplane,0.2618387043476105,65.51904296875,5.344635009765625,612.5010986328125,327.6485595703125
1762784714.9633646,airplane,0.2618387043476105,65.51904296875,5.344635009765625,612.5010986328125,327.6485595703125
1762784715.087087,person,0.26102370023727417,0.4453582763671875,1.650177001953125,240.45335388183594,256.5023498535156
1762784715.4865558,person,0.40870946645736694,11.42877197265625,1.412933349609375,631.7803955078125,479.1864013671875
1762784715.6929042,bed,0.3088921904563904,7.40008544921875,156.18353271484375,638.2512817382812,477.23773193359375
1762784715.8142788,person,0.29516252875328064,193.56842041015625,158.57589721679688,546.8734130859375,479.5446472167969
1762784715.9847455,bed,0.36820822954177856,1.31207275390625,167.20535278320312,606.0704345703125,480.0
1762784715.9847455,person,0.2548591196537018,230.93829345703125,54.96105194091797,452.12396240234375,294.57611083984375
1762784716.0315714,person,0.27039358019828796,39.134521484375,99.12904357910156,638.51904296875,479.10986328125
1762784716.08054,cat,0.3589039742946625,160.61143493652344,108.42953491210938,386.2596435546875,346.3822021484375
1762784716.1257024,cat,0.3589039742946625,160.61143493652344,108.42953491210938,386.2596435546875,346.3822021484375
1762784716.1791673,person,0.6147960424423218,1.540130615234375,136.25881958007812,364.7525939941406,478.9440612792969
1762784716.4056265,person,0.6166811585426331,0.1619415283203125,137.1498565673828,196.70225524902344,479.31878662109375
1762784716.4056265,person,0.38811078667640686,3.47442626953125,138.74725341796875,596.0731201171875,478.90380859375
1762784716.4535413,person,0.6166811585426331,0.1619415283203125,137.1498565673828,196.70225524902344,479.31878662109375
1762784716.4535413,person,0.38811078667640686,3.47442626953125,138.74725341796875,596.0731201171875,478.90380859375
1762784716.5010202,person,0.792123019695282,0.5061187744140625,133.57427978515625,175.50038146972656,479.51556396484375
1762784716.546708,cat,0.49003079533576965,0.1087799072265625,97.89341735839844,144.0260009765625,480.0
1762784716.6934326,toothbrush,0.4462142288684845,240.00958251953125,67.6600341796875,639.0606689453125,475.520751953125
1762784716.6934326,person,0.27383604645729065,76.25103759765625,4.55743408203125,637.6063232421875,480.0
1762784716.7496645,toothbrush,0.4462142288684845,240.00958251953125,67.6600341796875,639.0606689453125,475.520751953125
1762784716.7496645,person,0.27383604645729065,76.25103759765625,4.55743408203125,637.6063232421875,480.0
1762784716.8455706,person,0.37545129656791687,5.9815673828125,1.626190185546875,638.364501953125,478.8811340332031
1762784716.8920972,person,0.37545129656791687,5.9815673828125,1.626190185546875,638.364501953125,478.8811340332031
1762784716.9420798,person,0.2877051532268524,48.508544921875,1.33056640625,635.74267578125,475.20367431640625
1762784717.0007384,apple,0.3606361746788025,213.4727783203125,0.0,622.9595947265625,328.777099609375
1762784717.0007384,person,0.2758413255214691,2.7952880859375,0.0,638.82275390625,478.9962463378906
1762784717.0474725,apple,0.5080136656761169,225.07325744628906,0.0,635.7310791015625,321.76849365234375
1762784717.0948143,person,0.45578134059906006,30.4735107421875,0.4333953857421875,322.03790283203125,217.4250946044922
1762784717.1459825,person,0.27466803789138794,188.2225799560547,0.26776123046875,333.81402587890625,194.1383056640625
1762784717.2533357,person,0.31782227754592896,2.52874755859375,0.0,603.6300048828125,480.0
1762784717.3013992,donut,0.3818979561328888,401.0248718261719,0.314971923828125,639.76220703125,263.87860107421875
1762784717.3013992,person,0.34583014249801636,0.80072021484375,0.641082763671875,613.5071411132812,477.2316589355469
1762784717.3615398,donut,0.3818979561328888,401.0248718261719,0.314971923828125,639.76220703125,263.87860107421875
1762784717.3615398,person,0.34583014249801636,0.80072021484375,0.641082763671875,613.5071411132812,477.2316589355469
1762784717.5223887,person,0.5125695466995239,10.41534423828125,0.3858642578125,637.7440795898438,478.07879638671875
1762784717.583222,person,0.35803571343421936,252.26170349121094,0.859954833984375,640.0,357.308349609375
1762784717.7882621,cell phone,0.2857159674167633,59.236968994140625,143.13052368164062,257.46356201171875,235.908935546875
1762784717.8459213,cell phone,0.4198204278945923,109.80323028564453,143.90475463867188,308.8541259765625,234.47793579101562
1762784717.9431138,person,0.3839714229106903,2.1661376953125,3.95556640625,635.9085693359375,478.5401611328125
1762784717.9901025,person,0.3839714229106903,2.1661376953125,3.95556640625,635.9085693359375,478.5401611328125
1762784718.584013,bed,0.6110888719558716,0.0,3.705902099609375,639.2091064453125,479.7044372558594
1762784718.6367805,donut,0.3456372916698456,297.33648681640625,87.53543853759766,463.91058349609375,249.58450317382812
1762784718.7025137,person,0.28480860590934753,49.774871826171875,66.19775390625,445.0591125488281,469.78741455078125
1762784718.7611005,person,0.36315596103668213,46.341033935546875,33.045684814453125,445.1312561035156,478.8802795410156
1762784718.8248186,bottle,0.29398080706596375,58.06254577636719,194.67190551757812,188.88165283203125,479.8910217285156
1762784719.1430435,tv,0.3749904930591583,0.59942626953125,219.57369995117188,224.97674560546875,365.6029357910156
1762784719.1430435,person,0.33563539385795593,189.0233612060547,287.71368408203125,374.27130126953125,465.12603759765625
1762784719.1430435,person,0.2982741892337799,44.028564453125,258.14208984375,375.917236328125,479.1859130859375
1762784719.1430435,book,0.25885921716690063,0.0195465087890625,99.65841674804688,136.19126892089844,181.62042236328125
1762784719.191019,bed,0.2503407895565033,0.33624267578125,229.4431915283203,631.4212646484375,480.0
1762784719.2397892,bed,0.2503407895565033,0.33624267578125,229.4431915283203,631.4212646484375,480.0
1762784719.5061097,bird,0.3330951929092407,0.3110198974609375,34.940399169921875,213.98373413085938,299.08294677734375
1762784719.6762269,person,0.35156333446502686,0.44146728515625,0.0,474.87994384765625,478.5002746582031
1762784719.7244837,person,0.35156333446502686,0.44146728515625,0.0,474.87994384765625,478.5002746582031
1762784719.7847576,person,0.3450741171836853,1.21112060546875,3.68780517578125,554.822998046875,479.37567138671875
1762784719.8345444,person,0.3791119158267975,0.0,5.546844482421875,509.8126220703125,478.6659240722656
1762784720.3641517,bowl,0.33689063787460327,0.1384735107421875,324.2359924316406,70.14486694335938,479.5230407714844
1762784720.472383,banana,0.533062756061554,0.35223388671875,129.02691650390625,276.01788330078125,479.60791015625
1762784720.522002,banana,0.533062756061554,0.35223388671875,129.02691650390625,276.01788330078125,479.60791015625
1762784720.6310499,fork,0.2801375985145569,0.332855224609375,146.26275634765625,200.01583862304688,479.8360595703125
1762784723.3835576,cell phone,0.5379562377929688,115.00408935546875,398.4590148925781,398.69561767578125,479.7647399902344
1762784723.4328742,cell phone,0.5379562377929688,115.00408935546875,398.4590148925781,398.69561767578125,479.7647399902344
1762784723.4944763,cell phone,0.7065430283546448,0.0,238.96658325195312,286.30084228515625,479.7397155761719
1762784723.5534263,person,0.528702437877655,411.569580078125,0.2762451171875,639.561767578125,468.76470947265625
1762784723.6024382,person,0.528702437877655,411.569580078125,0.2762451171875,639.561767578125,468.76470947265625
1762784723.6510222,refrigerator,0.5367419719696045,5.545440673828125,108.6322021484375,302.2425231933594,477.457763671875
1762784723.6510222,refrigerator,0.27712249755859375,1.11285400390625,8.53662109375,633.0961303710938,479.11627197265625
1762784723.9841485,cell phone,0.6476303339004517,187.543701171875,111.52005004882812,470.4825439453125,375.8853454589844
1762784724.0452347,person,0.39432260394096375,7.84771728515625,0.884185791015625,611.0448608398438,479.8164367675781
1762784724.1035092,person,0.39432260394096375,7.84771728515625,0.884185791015625,611.0448608398438,479.8164367675781
1762784724.1656497,cell phone,0.7248014807701111,201.3658905029297,67.82662963867188,467.72882080078125,328.53656005859375
1762784724.5713139,person,0.35291287302970886,7.16619873046875,0.708648681640625,638.485595703125,477.7568664550781
1762784724.6209245,person,0.3694295287132263,90.5223388671875,0.0,639.052001953125,476.4989318847656
1762784724.8195937,vase,0.4278876781463623,0.41607666015625,0.141693115234375,218.76373291015625,375.79644775390625
1762784724.8678758,vase,0.4278876781463623,0.41607666015625,0.141693115234375,218.76373291015625,375.79644775390625
1762784725.0706396,person,0.3406742811203003,21.38629150390625,1.90362548828125,638.8532104492188,479.37127685546875
1762784725.1666555,person,0.30294644832611084,273.2662353515625,2.324798583984375,598.5711669921875,474.6538391113281
1762784725.280146,person,0.3182474374771118,182.3280487060547,1.7432861328125,638.3488159179688,479.1006164550781
1762784725.6785371,person,0.32196542620658875,8.774658203125,2.079742431640625,635.1387939453125,478.20867919921875
1762784725.7320986,person,0.33948585391044617,2.405029296875,0.33294677734375,631.8153076171875,477.682861328125
1762784725.7906396,person,0.33948585391044617,2.405029296875,0.33294677734375,631.8153076171875,477.682861328125
1762784725.837834,person,0.7005260586738586,2.3463134765625,0.555267333984375,637.72119140625,478.0575256347656
1762784725.887801,person,0.6509536504745483,2.27734375,0.736968994140625,635.9571533203125,479.7785339355469
1762784725.9456902,person,0.4586305618286133,12.65069580078125,0.130401611328125,633.3758544921875,479.6365051269531
1762784725.9952996,person,0.4586305618286133,12.65069580078125,0.130401611328125,633.3758544921875,479.6365051269531
1762784726.1072342,person,0.29781776666641235,3.0504150390625,0.05499267578125,637.19970703125,478.3663024902344
1762784726.2640393,vase,0.35921433568000793,339.9342041015625,237.46145629882812,508.2091064453125,460.9727478027344
1762784726.2640393,person,0.2647744417190552,2.0418701171875,0.0,618.095458984375,475.7935791015625
1762784726.3230982,vase,0.35921433568000793,339.9342041015625,237.46145629882812,508.2091064453125,460.9727478027344
1762784726.3230982,person,0.2647744417190552,2.0418701171875,0.0,618.095458984375,475.7935791015625
1762784726.3695304,person,0.272940456867218,67.2667236328125,1.109283447265625,627.4818115234375,474.9190673828125
1762784726.4167573,person,0.25326991081237793,2.9229736328125,0.0,623.7589111328125,478.597412109375
1762784726.6172023,person,0.25430431962013245,14.22509765625,1.997314453125,638.175537109375,473.91357421875
1762784726.6649823,person,0.42844200134277344,1.191162109375,4.623260498046875,637.7410888671875,478.651611328125
1762784726.7109437,person,0.662480890750885,5.0906982421875,0.223968505859375,632.9602661132812,472.5549621582031
1762784726.7109437,fork,0.38074442744255066,499.42132568359375,5.450958251953125,639.7777709960938,356.2398986816406
1762784726.7635424,person,0.31552353501319885,4.3724365234375,1.804901123046875,630.8202514648438,476.4621276855469
1762784726.8098617,person,0.34364083409309387,1.7158203125,0.0,639.901611328125,478.2261047363281
1762784726.8698978,person,0.34364083409309387,1.7158203125,0.0,639.901611328125,478.2261047363281
1762784726.9194398,banana,0.3755444288253784,3.7889404296875,0.322052001953125,583.5667724609375,130.20162963867188
1762784726.9194398,person,0.35465139150619507,11.2120361328125,0.716827392578125,638.318115234375,479.9040832519531
1762784726.9812894,person,0.5167732238769531,27.4193115234375,0.36834716796875,637.6424560546875,477.5936279296875
1762784727.1539962,person,0.3106047809123993,1.98486328125,0.0,640.0,480.0
1762784727.2023208,person,0.5079529881477356,7.5328369140625,0.955413818359375,636.70263671875,478.57781982421875
1762784727.2023208,tie,0.28400659561157227,132.788330078125,23.51922607421875,473.816162109375,476.98565673828125
1762784727.2627106,person,0.3641543686389923,19.23992919921875,0.0,639.2128295898438,478.9673156738281
1762784727.4654493,person,0.5081652402877808,0.94146728515625,0.0,624.6754760742188,477.8058166503906
1762784727.4654493,bed,0.3877056837081909,1.0909423828125,0.740936279296875,637.910400390625,478.2198181152344
1762784727.5144744,person,0.4306296110153198,5.73492431640625,0.690887451171875,638.4031372070312,477.846923828125
1762784727.5624192,person,0.31605836749076843,8.5352783203125,0.40716552734375,628.14453125,478.25042724609375
1762784727.6226993,donut,0.5303949117660522,180.27340698242188,308.31591796875,498.4053649902344,477.9931640625
1762784727.6697264,donut,0.5303949117660522,180.27340698242188,308.31591796875,498.4053649902344,477.9931640625
1762784727.727146,person,0.25471097230911255,4.39215087890625,0.678741455078125,637.8038330078125,478.4603271484375
1762784727.9970446,bed,0.42923787236213684,1.68609619140625,0.958526611328125,639.46484375,479.2603454589844
1762784728.0423503,bed,0.35929420590400696,0.4827880859375,2.213226318359375,638.2839965820312,478.6586608886719
1762784728.2735155,person,0.2588762640953064,0.90020751953125,0.972076416015625,630.128173828125,475.8956604003906
1762784728.2735155,bed,0.25432083010673523,0.7535400390625,0.50054931640625,640.0,477.77764892578125
1762784728.3281372,person,0.37519553303718567,4.24755859375,0.413726806640625,635.294189453125,479.1977233886719
1762784728.3840868,person,0.27085641026496887,224.99514770507812,380.9227600097656,435.4046936035156,479.6114807128906
1762784728.4361088,person,0.40361809730529785,8.45501708984375,1.805511474609375,612.1140747070312,480.0
1762784728.5499628,person,0.3934538662433624,3.95947265625,1.33685302734375,636.467529296875,478.2706298828125
1762784728.700565,person,0.7034788131713867,1.71240234375,1.569183349609375,602.0792236328125,477.78350830078125
1762784728.7470741,person,0.436565637588501,105.63165283203125,0.529022216796875,638.3102416992188,478.70721435546875
1762784728.794021,person,0.3432826101779938,2.33795166015625,5.10009765625,636.175048828125,449.59454345703125
1762784728.8522441,person,0.5756796598434448,0.21514892578125,1.98193359375,638.5858764648438,479.23291015625
1762784728.9011602,person,0.4253251850605011,2.32269287109375,0.0,639.6272583007812,479.34832763671875
1762784728.9011602,person,0.3476261794567108,351.80474853515625,84.68805694580078,534.2882080078125,336.48297119140625
1762784728.9517517,person,0.4253251850605011,2.32269287109375,0.0,639.6272583007812,479.34832763671875
1762784728.9517517,person,0.3476261794567108,351.80474853515625,84.68805694580078,534.2882080078125,336.48297119140625
1762784729.0142064,person,0.8183263540267944,2.8193359375,2.52557373046875,640.0,477.99163818359375
1762784729.0706625,person,0.8183263540267944,2.8193359375,2.52557373046875,640.0,477.99163818359375
1762784729.1268814,person,0.5671849250793457,5.96844482421875,1.156341552734375,607.205810546875,479.172607421875
1762784729.1268814,person,0.5523720383644104,0.109375,0.2437744140625,85.64527893066406,152.64633178710938
1762784729.192678,person,0.8515887260437012,1.97900390625,3.27783203125,608.3419189453125,479.03155517578125
1762784729.250475,person,0.6058151721954346,2.02294921875,2.605377197265625,630.4315185546875,479.17010498046875
1762784729.298553,person,0.6058151721954346,2.02294921875,2.605377197265625,630.4315185546875,479.17010498046875
1762784729.3576775,person,0.7855703234672546,1.680419921875,13.211273193359375,631.523681640625,479.3262023925781
1762784729.4108458,person,0.7855703234672546,1.680419921875,13.211273193359375,631.523681640625,479.3262023925781
1762784729.4637804,person,0.7524964809417725,1.33905029296875,1.338623046875,633.282470703125,479.90924072265625
1762784729.5158613,person,0.7268381714820862,2.302001953125,8.38897705078125,631.22412109375,479.12939453125
1762784729.5623052,person,0.7247331142425537,2.29248046875,2.0347900390625,617.1107177734375,479.3616943359375
1762784729.6109052,person,0.6798016428947449,1.453857421875,0.0,621.8433837890625,477.1414794921875
1762784729.7169077,person,0.5825669169425964,1.4390869140625,8.50421142578125,636.2724609375,479.2718811035156
1762784729.7660568,person,0.5825669169425964,1.4390869140625,8.50421142578125,636.2724609375,479.2718811035156
1762784729.8233361,person,0.42457106709480286,3.771728515625,14.1612548828125,640.0,478.61865234375
1762784729.8233361,vase,0.39808598160743713,74.87301635742188,0.0,355.3887939453125,235.4736785888672
1762784729.8734155,person,0.42457106709480286,3.771728515625,14.1612548828125,640.0,478.61865234375
1762784729.8734155,vase,0.39808598160743713,74.87301635742188,0.0,355.3887939453125,235.4736785888672
1762784729.9800227,person,0.6026576161384583,0.3680419921875,1.9949951171875,638.58642578125,478.0806579589844
1762784730.031212,person,0.8218335509300232,1.57171630859375,2.50518798828125,638.8181762695312,479.4316711425781
1762784730.0913115,person,0.8218335509300232,1.57171630859375,2.50518798828125,638.8181762695312,479.4316711425781
1762784730.1396987,person,0.8609557747840881,2.0010986328125,1.93609619140625,639.3280639648438,477.415283203125
1762784730.188067,person,0.7719561457633972,3.91943359375,1.701171875,639.18603515625,477.7705383300781
1762784730.2454655,person,0.747689425945282,3.7100830078125,1.7188720703125,639.246826171875,477.7985534667969
1762784730.2956169,person,0.7454516887664795,8.3314208984375,1.6962890625,639.03369140625,478.6229248046875
1762784730.2956169,sandwich,0.5233500003814697,400.85113525390625,25.009017944335938,565.0841064453125,197.0004425048828
1762784730.343339,person,0.7147443294525146,9.491455078125,1.695526123046875,638.957763671875,478.33941650390625
1762784730.343339,cell phone,0.3869309723377228,0.180267333984375,134.5570068359375,143.99493408203125,263.9551086425781
1762784730.3894103,person,0.7147443294525146,9.491455078125,1.695526123046875,638.957763671875,478.33941650390625
1762784730.3894103,cell phone,0.3869309723377228,0.180267333984375,134.5570068359375,143.99493408203125,263.9551086425781
1762784730.4378254,person,0.6771290898323059,8.07330322265625,1.626953125,639.4918823242188,478.60540771484375
1762784730.4378254,cell phone,0.39828044176101685,0.2120819091796875,133.69253540039062,142.02340698242188,263.8294372558594
1762784730.4858634,person,0.8468948006629944,1.14453125,1.057220458984375,638.910888671875,477.369384765625
1762784730.5336814,person,0.7865572571754456,1.8765869140625,0.743499755859375,638.657470703125,476.796875
1762784730.5815744,person,0.65555340051651,2.5257568359375,0.586090087890625,638.0235595703125,479.3842468261719
1762784730.630841,person,0.65555340051651,2.5257568359375,0.586090087890625,638.0235595703125,479.3842468261719
1762784730.691723,person,0.7723206877708435,2.07958984375,0.29107666015625,639.040283203125,475.79327392578125
1762784730.7513838,person,0.7529627084732056,3.3555908203125,0.14581298828125,638.00927734375,477.4102478027344
1762784730.7977333,person,0.7529627084732056,3.3555908203125,0.14581298828125,638.00927734375,477.4102478027344
1762784731.0215447,potted plant,0.4245252013206482,174.37603759765625,248.13192749023438,321.45733642578125,409.1554870605469
1762784731.0822108,dining table,0.3200307786464691,1.0206298828125,2.46685791015625,633.49462890625,480.0
1762784731.2380524,potted plant,0.3129890263080597,173.53005981445312,255.63792419433594,312.89129638671875,413.4189453125
1762784733.7888546,bed,0.41918131709098816,0.0,303.049072265625,640.0,479.3060302734375
1762784733.8400412,bed,0.41918131709098816,0.0,303.049072265625,640.0,479.3060302734375
1762784734.1547127,bed,0.43258723616600037,0.0,294.47332763671875,640.0,480.0
1762784734.1547127,person,0.33658459782600403,162.24749755859375,392.4042663574219,454.254638671875,479.7716369628906
1762784734.2018812,person,0.2605774998664856,161.28814697265625,289.87066650390625,612.82177734375,479.6658935546875
1762784734.2562816,person,0.3790547847747803,157.96185302734375,373.15289306640625,417.9940185546875,479.76287841796875
1762784734.3166645,person,0.41224801540374756,163.1913604736328,363.815185546875,458.12982177734375,479.752685546875
1762784734.4382544,bed,0.5172556638717651,1.69061279296875,177.65818786621094,635.3693237304688,476.3414306640625
1762784734.4382544,person,0.27678635716438293,507.9088134765625,205.64300537109375,639.845458984375,411.92236328125
1762784734.4998782,bed,0.5172556638717651,1.69061279296875,177.65818786621094,635.3693237304688,476.3414306640625
1762784734.4998782,person,0.27678635716438293,507.9088134765625,205.64300537109375,639.845458984375,411.92236328125
1762784734.8781166,person,0.2954312264919281,116.35797119140625,0.0,506.67352294921875,161.60858154296875
1762784735.0351646,person,0.43882331252098083,321.9027099609375,0.007843017578125,470.0264892578125,195.33200073242188
1762784735.2050145,cat,0.28222551941871643,169.87216186523438,204.03863525390625,483.8541564941406,393.89190673828125
1762784735.4087698,person,0.4132261276245117,1.14215087890625,8.04022216796875,639.1122436523438,478.23248291015625
1762784735.4743655,person,0.4273781478404999,1.92822265625,0.60736083984375,636.572021484375,477.82086181640625
1762784735.5336118,person,0.4273781478404999,1.92822265625,0.60736083984375,636.572021484375,477.82086181640625
1762784735.5844288,person,0.5251134037971497,1.0816650390625,1.49652099609375,638.8742065429688,478.19091796875
1762784735.8471973,person,0.3997352719306946,1.64178466796875,1.835052490234375,640.0,480.0
1762784735.894323,person,0.4398376941680908,1.134521484375,3.067413330078125,638.273193359375,479.433349609375
1762784735.942547,person,0.32738104462623596,1.1737060546875,0.170745849609375,636.9588623046875,478.3718566894531
1762784735.9924376,cat,0.2972167730331421,4.625732421875,2.17572021484375,638.922119140625,479.2657470703125
1762784735.9924376,person,0.2540437579154968,2.1131591796875,1.130126953125,638.357177734375,477.5028076171875
1762784736.0501568,person,0.4238819181919098,1.044921875,0.625274658203125,637.4161376953125,478.5037841796875
1762784736.0987492,person,0.4238819181919098,1.044921875,0.625274658203125,637.4161376953125,478.5037841796875
1762784736.1476803,person,0.4808560609817505,0.19525146484375,1.91412353515625,639.5191650390625,477.9984130859375
1762784736.1880572,person,0.45506641268730164,0.2791748046875,3.2686767578125,639.4188232421875,478.79351806640625
1762784736.2408855,person,0.45506641268730164,0.2791748046875,3.2686767578125,639.4188232421875,478.79351806640625
1762784737.0509799,remote,0.2537094056606293,1.81982421875,1.2474365234375,548.626220703125,424.0566711425781
1762784737.2554998,bed,0.31987354159355164,0.3245849609375,18.637054443359375,638.2974853515625,473.5872802734375
1762784737.3020306,person,0.3500647246837616,1.989990234375,14.04058837890625,637.3876953125,477.84002685546875
1762784737.349861,person,0.26212671399116516,1.2864990234375,6.376251220703125,636.8829345703125,479.1917419433594
1762784737.3956265,bed,0.3124716877937317,2.2509765625,12.079437255859375,638.812744140625,476.7888488769531
1762784738.636405,bed,0.5268747806549072,8.10089111328125,0.0,637.9022827148438,478.98345947265625
1762784738.6980493,bed,0.5268747806549072,8.10089111328125,0.0,637.9022827148438,478.98345947265625
1762784738.7483678,bed,0.36412936449050903,4.90618896484375,0.0,637.7494506835938,479.17462158203125
1762784742.1920495,person,0.2726590931415558,397.950927734375,403.4176025390625,529.4853515625,479.76019287109375
1762784742.2529783,person,0.3139714300632477,0.05872344970703125,28.558441162109375,52.22035598754883,457.8212585449219
1762784742.319891,person,0.48557227849960327,0.01352691650390625,23.84564208984375,62.872833251953125,477.0621032714844
1762784742.319891,person,0.3649846315383911,417.00592041015625,87.60850524902344,639.7014770507812,477.242919921875
1762784742.37509,person,0.5271891355514526,0.16274261474609375,24.96881103515625,69.00902557373047,478.2225341796875
1762784742.4218843,person,0.2988804578781128,0.0,120.37470245361328,45.00886535644531,344.78173828125
1762784742.763746,cat,0.272530198097229,3.07379150390625,1.6180419921875,633.3359985351562,478.8807373046875
1762784742.9221497,person,0.4243491291999817,3.876953125,0.64447021484375,628.61279296875,478.3948974609375
1762784742.9824245,person,0.6368831992149353,8.35308837890625,0.50738525390625,636.5343017578125,477.6497802734375
1762784743.0326188,person,0.4677877128124237,6.71240234375,0.503265380859375,634.9639892578125,477.3630065917969
1762784743.0917149,person,0.43096643686294556,10.483154296875,1.54949951171875,637.974365234375,479.2479553222656
1762784743.1374972,vase,0.34152594208717346,240.65382385253906,56.9871826171875,431.2369384765625,359.679443359375
1762784743.1884093,vase,0.34152594208717346,240.65382385253906,56.9871826171875,431.2369384765625,359.679443359375
1762784743.2343783,person,0.3027423322200775,2.6043701171875,1.55938720703125,630.108154296875,477.1520690917969
1762784743.2821987,bottle,0.4365260601043701,273.253662109375,201.5293426513672,432.1978759765625,477.94207763671875
1762784743.342047,person,0.384381502866745,412.75836181640625,30.50213623046875,639.4223022460938,477.76416015625
1762784743.5458922,bottle,0.4357810914516449,326.28765869140625,63.55870819091797,427.6129150390625,314.0
1762784743.5920646,person,0.28206393122673035,3.6778564453125,7.82781982421875,628.6668701171875,476.0499267578125
1762784743.6444693,person,0.730844259262085,2.35418701171875,11.137176513671875,639.9052124023438,476.4544677734375
1762784743.705163,person,0.25077885389328003,273.62554931640625,8.2550048828125,553.3556518554688,332.06646728515625
1762784743.853095,person,0.2601364254951477,5.80926513671875,4.322967529296875,636.7938842773438,478.322509765625
1762784744.600866,person,0.2518308460712433,0.0,251.15176391601562,40.31166076660156,473.5030212402344
1762784744.6532736,person,0.2518308460712433,0.0,251.15176391601562,40.31166076660156,473.5030212402344
1762784744.7169256,baseball bat,0.29935958981513977,44.056304931640625,230.30499267578125,391.3734130859375,452.01141357421875
1762784745.104034,person,0.3398871421813965,0.37146759033203125,229.51016235351562,71.27733612060547,478.7033386230469
1762784745.152088,person,0.3398871421813965,0.37146759033203125,229.51016235351562,71.27733612060547,478.7033386230469
1762784747.501141,person,0.343447208404541,368.4034423828125,326.48681640625,639.6149291992188,479.37017822265625
1762784747.610907,person,0.6243391036987305,202.034423828125,198.71722412109375,639.5133666992188,480.0
1762784747.65958,person,0.5422433614730835,153.81983947753906,197.60174560546875,638.007080078125,479.78692626953125
1762784747.7078843,person,0.5422433614730835,153.81983947753906,197.60174560546875,638.007080078125,479.78692626953125
1762784747.763691,person,0.6944891810417175,278.16412353515625,234.4488525390625,639.3483276367188,479.76934814453125
1762784747.8129358,person,0.41569405794143677,288.7901611328125,240.58750915527344,639.766357421875,479.8861083984375
1762784747.8714166,person,0.622700035572052,317.59185791015625,252.99497985839844,639.357666015625,479.6170654296875
1762784747.9242532,person,0.622700035572052,317.59185791015625,252.99497985839844,639.357666015625,479.6170654296875
1762784747.9706755,person,0.7646352052688599,342.1270751953125,261.99444580078125,639.5484619140625,479.4298095703125
1762784748.0171905,person,0.5047720074653625,315.84228515625,279.61578369140625,639.3848876953125,479.43511962890625
1762784748.0679908,person,0.7582923769950867,354.84967041015625,289.1072692871094,639.7008666992188,479.6488342285156
1762784748.1290534,person,0.7089294791221619,371.86737060546875,293.27996826171875,639.4013671875,479.64910888671875
1762784748.1750033,person,0.7089294791221619,371.86737060546875,293.27996826171875,639.4013671875,479.64910888671875
1762784748.2186294,person,0.752730131149292,387.54083251953125,304.003662109375,639.4702758789062,479.4736328125
1762784748.2690396,person,0.6589031219482422,406.4643859863281,310.773681640625,639.700927734375,479.3482666015625
1762784749.0394344,person,0.30940383672714233,389.7235107421875,419.7730712890625,526.1937255859375,479.6234130859375
1762784749.0394344,person,0.2515872120857239,384.346923828125,354.78668212890625,639.206787109375,479.70660400390625
1762784749.1457868,airplane,0.550507664680481,166.56439208984375,340.0863037109375,639.3504638671875,479.87518310546875
1762784749.191926,airplane,0.550507664680481,166.56439208984375,340.0863037109375,639.3504638671875,479.87518310546875
1762784749.5381608,person,0.2699984610080719,401.4165954589844,415.82275390625,638.8060302734375,479.7108154296875
1762784750.136406,person,0.46135756373405457,0.18121337890625,105.99241638183594,97.82803344726562,447.943115234375
1762784750.1969779,cup,0.6045516729354858,0.725616455078125,130.94384765625,329.7349548339844,478.0802001953125
1762784750.450558,mouse,0.7212371230125427,0.0728607177734375,148.43446350097656,147.78289794921875,378.4384765625
1762784750.702367,person,0.3074072003364563,0.4399566650390625,80.37872314453125,224.0329132080078,477.8492431640625
1762784750.702367,banana,0.2860071659088135,108.0126953125,0.02239990234375,310.8953857421875,200.55230712890625
1762784750.9672635,person,0.28685516119003296,0.5699462890625,1.529754638671875,345.826904296875,476.57843017578125
1762784751.009901,person,0.28685516119003296,0.5699462890625,1.529754638671875,345.826904296875,476.57843017578125
1762784751.2644267,bed,0.2771420478820801,15.557861328125,347.945068359375,633.1873779296875,479.8389892578125
1762784751.3257728,bed,0.6856239438056946,24.6905517578125,321.9073181152344,639.228271484375,479.4219055175781
1762784751.3814812,bed,0.6910085082054138,60.7955322265625,318.5572814941406,639.389404296875,479.3493347167969
1762784751.430418,bed,0.2924771308898926,0.4893798828125,352.43109130859375,626.0791015625,479.6414794921875
1762784751.4794052,bed,0.6977366209030151,128.57501220703125,321.263671875,632.5797729492188,479.7581787109375
1762784751.4794052,person,0.3651159703731537,577.5333251953125,407.6813659667969,639.8553466796875,479.4541320800781
1762784751.5299726,bed,0.6977366209030151,128.57501220703125,321.263671875,632.5797729492188,479.7581787109375
1762784751.5299726,person,0.3651159703731537,577.5333251953125,407.6813659667969,639.8553466796875,479.4541320800781
1762784751.587179,bed,0.2514900267124176,157.96063232421875,362.5245361328125,636.522216796875,479.3145751953125
1762784751.6350718,bed,0.2514900267124176,157.96063232421875,362.5245361328125,636.522216796875,479.3145751953125
1762784751.6827333,bed,0.6957192420959473,149.37538146972656,323.25762939453125,637.5682373046875,479.77203369140625
1762784751.742747,bed,0.6710009574890137,93.7093505859375,338.04498291015625,639.161376953125,479.72320556640625
1762784751.7885468,bed,0.6710009574890137,93.7093505859375,338.04498291015625,639.161376953125,479.72320556640625
1762784751.840105,bed,0.38828176259994507,0.21087646484375,345.44873046875,624.3178100585938,479.29400634765625
1762784752.1228106,person,0.2956332862377167,0.0,1.98687744140625,517.4401245117188,478.9125671386719
1762784752.2292554,cat,0.37570783495903015,25.808349609375,0.51123046875,558.3900756835938,478.4576416015625
1762784752.808369,donut,0.3040047287940979,96.99053955078125,445.2856750488281,300.040283203125,479.5846252441406
1762784753.697957,apple,0.6747190356254578,222.57679748535156,351.369873046875,535.2628173828125,479.8353271484375
1762784753.7456493,person,0.3352007567882538,140.816162109375,211.6616668701172,538.1680908203125,478.81036376953125
1762784753.793333,person,0.5182204842567444,125.70953369140625,154.7200927734375,525.275390625,478.93695068359375
1762784753.841496,vase,0.34420835971832275,178.9376220703125,238.84951782226562,514.26708984375,479.8236999511719
1762784753.8895879,donut,0.2648475170135498,0.0,187.00393676757812,208.0792236328125,475.9894714355469
1762784753.9380822,donut,0.2648475170135498,0.0,187.00393676757812,208.0792236328125,475.9894714355469
1762784753.9977317,person,0.2699947655200958,3.94573974609375,120.53717041015625,580.2369384765625,479.13525390625
1762784753.9977317,apple,0.25631436705589294,203.02093505859375,219.494140625,519.40283203125,479.859619140625
1762784754.1379962,donut,0.2617262303829193,0.11058807373046875,229.78187561035156,99.0945816040039,435.86376953125
1762784754.188726,person,0.2695792615413666,17.34674072265625,97.8548583984375,569.736328125,479.3211669921875
1762784754.188726,donut,0.2659401595592499,32.47422790527344,153.28028869628906,252.7122039794922,410.5577392578125
1762784754.243591,person,0.38344794511795044,11.583984375,93.52621459960938,577.4573974609375,480.0
1762784754.2945309,donut,0.3126855790615082,42.981361389160156,145.93829345703125,261.3287658691406,397.241943359375
1762784754.3413985,donut,0.36800888180732727,0.0753021240234375,199.75424194335938,118.29562377929688,396.3475036621094
1762784754.3791418,donut,0.36800888180732727,0.0753021240234375,199.75424194335938,118.29562377929688,396.3475036621094
1762784754.4830766,donut,0.33467453718185425,0.09842681884765625,189.96739196777344,108.9457015991211,386.669921875
1762784754.4830766,person,0.3181783854961395,16.864013671875,72.08036804199219,602.6651611328125,478.11456298828125
1762784754.5412755,donut,0.33945074677467346,0.1629180908203125,190.42007446289062,113.4970703125,387.0600891113281
1762784754.5412755,person,0.2877538800239563,12.78125,72.04782104492188,617.3004150390625,477.9491882324219
1762784754.5921714,person,0.401295006275177,13.54852294921875,74.08976745605469,568.7254638671875,479.50360107421875
1762784754.6392877,person,0.401295006275177,13.54852294921875,74.08976745605469,568.7254638671875,479.50360107421875
1762784754.6846938,person,0.30745747685432434,9.36859130859375,71.78314208984375,575.095947265625,476.68408203125
1762784754.7342544,person,0.33504897356033325,13.30322265625,68.70005798339844,581.603271484375,477.45263671875
1762784754.8444874,mouse,0.26722797751426697,249.32977294921875,143.4420928955078,550.2539672851562,461.97943115234375
1762784755.0568671,donut,0.31099432706832886,0.1372222900390625,162.53076171875,121.89161682128906,331.3182373046875
1762784755.532089,mouse,0.29995352029800415,239.41473388671875,134.62457275390625,544.1046752929688,468.35504150390625
1762784755.5969825,donut,0.2610805630683899,0.102020263671875,159.01251220703125,122.12550354003906,326.38665771484375
1762784755.6579742,donut,0.3346429765224457,0.08441925048828125,157.55245971679688,119.57017517089844,324.3835754394531
1762784755.6579742,mouse,0.31398123502731323,236.91297912597656,128.9984130859375,538.9183349609375,448.36102294921875
1762784755.7190757,person,0.26492056250572205,9.42755126953125,47.07154846191406,509.60546875,475.262451171875
1762784756.1867557,mouse,0.2510022222995758,235.5914764404297,137.75286865234375,539.6172485351562,469.09906005859375
1762784756.2363944,mouse,0.2510022222995758,235.5914764404297,137.75286865234375,539.6172485351562,469.09906005859375
1762784756.610294,donut,0.3278254568576813,0.10613250732421875,175.23373413085938,102.82687377929688,362.0059509277344
1762784756.610294,vase,0.28497156500816345,193.32212829589844,70.18276977539062,534.544677734375,475.5155334472656
1762784756.668054,donut,0.4774508476257324,0.0968475341796875,178.245849609375,106.55355834960938,362.95904541015625
1762784756.668054,vase,0.3016013503074646,212.75885009765625,74.40068054199219,539.2100830078125,477.36859130859375
1762784756.717929,donut,0.4774508476257324,0.0968475341796875,178.245849609375,106.55355834960938,362.95904541015625
1762784756.717929,vase,0.3016013503074646,212.75885009765625,74.40068054199219,539.2100830078125,477.36859130859375
1762784756.8290658,person,0.3154042065143585,7.0657958984375,70.12692260742188,578.6163330078125,479.0955505371094
1762784756.8907616,donut,0.44980013370513916,0.1195831298828125,184.33668518066406,113.89341735839844,378.8380126953125
1762784756.8907616,person,0.310798704624176,5.8037109375,72.18548583984375,607.5601806640625,479.9268798828125
1762784756.9520009,donut,0.6307183504104614,0.1072235107421875,185.43386840820312,110.78947448730469,381.5944519042969
1762784756.9520009,person,0.2784477770328522,66.220947265625,73.19581604003906,609.9759521484375,480.0
1762784757.0103338,donut,0.8643189668655396,0.13236236572265625,186.07257080078125,107.97029113769531,383.18450927734375
1762784757.0103338,person,0.3429717719554901,6.77630615234375,73.27081298828125,617.58154296875,480.0
1762784757.0103338,donut,0.27099305391311646,47.982696533203125,125.20951843261719,263.2664794921875,394.99993896484375
1762784757.0596905,donut,0.8366458415985107,0.09658050537109375,188.56671142578125,102.40093231201172,383.06365966796875
1762784757.1025503,donut,0.633380115032196,0.1427154541015625,186.92019653320312,96.32640075683594,383.4994201660156
1762784757.1566582,donut,0.4312322735786438,0.14530181884765625,189.48974609375,92.08360290527344,381.7515869140625
1762784757.1566582,vase,0.25388696789741516,216.11907958984375,125.71891784667969,545.293701171875,478.73382568359375
1762784757.2160501,donut,0.4312322735786438,0.14530181884765625,189.48974609375,92.08360290527344,381.7515869140625
1762784757.2160501,vase,0.25388696789741516,216.11907958984375,125.71891784667969,545.293701171875,478.73382568359375
1762784757.2645953,donut,0.6703872680664062,0.1180419921875,188.885009765625,88.86129760742188,381.4613037109375
1762784757.3101127,banana,0.30762508511543274,35.14539337158203,125.65559387207031,239.83355712890625,394.3739013671875
1762784757.3577857,banana,0.30762508511543274,35.14539337158203,125.65559387207031,239.83355712890625,394.3739013671875
1762784757.406809,donut,0.3302849531173706,0.1142578125,188.96994018554688,85.41191101074219,380.6416320800781
1762784757.406809,banana,0.2588876187801361,34.019500732421875,124.546142578125,239.1610107421875,394.7449951171875
1762784757.4668207,donut,0.6245141625404358,0.0,187.29119873046875,90.76519775390625,380.70172119140625
1762784757.4668207,banana,0.3331242799758911,35.0614013671875,124.10150146484375,243.51101684570312,393.33233642578125
1762784757.5134516,donut,0.6245141625404358,0.0,187.29119873046875,90.76519775390625,380.70172119140625
1762784757.5134516,banana,0.3331242799758911,35.0614013671875,124.10150146484375,243.51101684570312,393.33233642578125
1762784757.5634568,donut,0.5344089269638062,0.093841552734375,187.52638244628906,89.03736877441406,380.950927734375
1762784757.6191,donut,0.5537265539169312,0.0,187.73663330078125,87.68612670898438,380.4051513671875
1762784757.6191,person,0.2510501444339752,2.6861572265625,69.91314697265625,614.1949462890625,480.0
1762784757.7153842,vase,0.2509712874889374,216.8650665283203,157.18505859375,540.8623657226562,478.2796630859375
1762784757.7587006,vase,0.2509712874889374,216.8650665283203,157.18505859375,540.8623657226562,478.2796630859375
1762784757.8116817,donut,0.6275568604469299,0.0,187.71383666992188,80.09162139892578,380.6758117675781
1762784757.8713524,donut,0.39308223128318787,0.0,187.61996459960938,76.5316162109375,382.5509948730469
1762784757.8713524,person,0.26969173550605774,4.634033203125,71.2177734375,610.538818359375,479.98974609375
1762784757.921167,donut,0.3387954533100128,0.0714874267578125,189.9294891357422,75.18394470214844,381.49493408203125
1762784757.921167,person,0.31280872225761414,10.0921630859375,71.34625244140625,561.7508544921875,479.34051513671875
1762784757.921167,vase,0.2880198359489441,203.91001892089844,110.81509399414062,533.223876953125,477.8483581542969
1762784757.9841647,person,0.3793987035751343,6.815185546875,67.07060241699219,617.6575927734375,480.0
1762784757.9841647,donut,0.2594956159591675,0.10776519775390625,186.0354766845703,74.18001556396484,380.58221435546875
1762784758.0456002,donut,0.32102951407432556,0.0,184.17227172851562,73.33344268798828,378.9944152832031
1762784758.0456002,person,0.2815321683883667,6.986083984375,66.90762329101562,623.6708984375,480.0
1762784758.1064835,donut,0.32351455092430115,0.06790924072265625,185.7963409423828,72.42465209960938,375.22332763671875
1762784758.1534371,donut,0.32351455092430115,0.06790924072265625,185.7963409423828,72.42465209960938,375.22332763671875
1762784758.4675815,vase,0.2747748792171478,19.28717041015625,118.326904296875,209.84432983398438,385.7340087890625
1762784758.5288794,vase,0.2620413899421692,195.094970703125,152.82359313964844,516.4296875,476.830810546875
1762784758.5744092,vase,0.2620413899421692,195.094970703125,152.82359313964844,516.4296875,476.830810546875
1762784758.6242695,vase,0.2795560657978058,193.6947784423828,113.64964294433594,515.7984008789062,477.3525390625
1762784758.6873393,vase,0.25944584608078003,193.6912078857422,162.17022705078125,508.89642333984375,477.73101806640625
1762784758.9488456,baseball bat,0.7984296679496765,144.44239807128906,22.338043212890625,578.864990234375,245.80117797851562
1762784759.1942453,bowl,0.2733522951602936,58.0643310546875,38.0228271484375,407.5103454589844,317.96185302734375
1762784759.2476444,bowl,0.2733522951602936,58.0643310546875,38.0228271484375,407.5103454589844,317.96185302734375
1762784759.3553724,vase,0.790047824382782,1.287994384765625,0.64141845703125,330.1317443847656,477.445068359375
1762784759.511947,potted plant,0.28722578287124634,0.482940673828125,2.06494140625,266.3498840332031,475.71173095703125
1762784759.559826,potted plant,0.28722578287124634,0.482940673828125,2.06494140625,266.3498840332031,475.71173095703125
1762784759.6082234,vase,0.26541411876678467,0.24951171875,0.0,263.786376953125,475.6529235839844
1762784759.666155,person,0.43155786395072937,6.060218811035156,2.073974609375,259.4643249511719,477.71673583984375
1762784759.7125993,person,0.5421880483627319,1.69061279296875,0.367340087890625,265.7100830078125,381.3073425292969
1762784759.7655559,person,0.3595161736011505,1.26513671875,0.676483154296875,265.4637756347656,346.86041259765625
1762784759.8249187,person,0.3595161736011505,1.26513671875,0.676483154296875,265.4637756347656,346.86041259765625
1762784760.1207645,person,0.2858424782752991,32.634521484375,98.47377014160156,208.38929748535156,474.31005859375
1762784760.1207645,horse,0.2758418917655945,5.476470947265625,80.85125732421875,207.5806884765625,479.02142333984375
1762784760.1696036,person,0.4220644533634186,0.0,1.262725830078125,288.91412353515625,478.3153991699219
1762784760.4657311,person,0.3934297561645508,0.56976318359375,25.27105712890625,314.32489013671875,477.835205078125
1762784760.5126822,vase,0.2832333445549011,4.16790771484375,59.615478515625,268.89007568359375,474.68133544921875
1762784760.6695232,bird,0.4209294021129608,255.33978271484375,59.902099609375,533.0238647460938,255.46499633789062
1762784760.733376,apple,0.3042672872543335,73.29963684082031,75.34693908691406,145.2625732421875,169.02685546875
1762784760.7940168,apple,0.3042672872543335,73.29963684082031,75.34693908691406,145.2625732421875,169.02685546875
1762784760.842627,fork,0.3037790358066559,323.5294189453125,202.7037353515625,422.45166015625,479.83038330078125
1762784760.9490964,apple,0.2558959722518921,44.05804443359375,84.25947570800781,149.32859802246094,208.8207244873047
1762784761.211769,vase,0.40253740549087524,105.69776916503906,136.105712890625,508.0443115234375,479.068603515625
1762784761.2602253,vase,0.39133569598197937,156.48178100585938,139.4644775390625,506.0340270996094,477.53277587890625
1762784761.3733363,vase,0.3055131137371063,128.38140869140625,134.24400329589844,556.7117919921875,478.64013671875
1762784761.3733363,apple,0.27327829599380493,119.78314208984375,109.88906860351562,195.28192138671875,212.59841918945312
1762784761.3733363,apple,0.26097962260246277,0.117523193359375,104.26347351074219,68.08787536621094,226.44032287597656
1762784761.416447,vase,0.3055131137371063,128.38140869140625,134.24400329589844,556.7117919921875,478.64013671875
1762784761.416447,apple,0.27327829599380493,119.78314208984375,109.88906860351562,195.28192138671875,212.59841918945312
1762784761.416447,apple,0.26097962260246277,0.117523193359375,104.26347351074219,68.08787536621094,226.44032287597656
1762784761.4686437,vase,0.36194902658462524,111.56019592285156,132.41517639160156,604.7958984375,480.0
1762784761.5292995,vase,0.4778570234775543,38.25569152832031,105.58050537109375,518.9348754882812,478.7994384765625
1762784761.5775483,vase,0.4778570234775543,38.25569152832031,105.58050537109375,518.9348754882812,478.7994384765625
1762784761.6270957,vase,0.3187568187713623,22.926620483398438,100.81439208984375,508.89306640625,478.8443603515625
1762784761.6749809,vase,0.27431461215019226,76.26301574707031,98.97041320800781,508.90350341796875,478.29437255859375
1762784761.7829566,apple,0.2780746519565582,58.96250915527344,95.11664581298828,136.28060913085938,180.28765869140625
1762784761.9845042,apple,0.3107115924358368,50.62434387207031,69.96089172363281,129.85540771484375,181.31129455566406
1762784762.03398,apple,0.28631946444511414,54.126590728759766,68.80232238769531,143.97079467773438,179.8241424560547
1762784762.2840278,apple,0.26773273944854736,52.59172058105469,74.28849792480469,129.25794982910156,180.3848114013672
1762784762.329298,apple,0.3397033214569092,48.242645263671875,73.28311920166016,129.11257934570312,184.48867797851562
1762784762.3771334,apple,0.3695676922798157,46.83015441894531,74.20074462890625,123.17462158203125,182.54104614257812
1762784762.6314867,apple,0.2888808846473694,51.11187744140625,77.87686157226562,126.36471557617188,182.66375732421875
1762784762.687865,apple,0.2559521794319153,52.33036804199219,74.58609008789062,129.64151000976562,183.35662841796875
1762784762.732495,apple,0.34064018726348877,51.00895690917969,75.51129150390625,133.85035705566406,186.02255249023438
1762784762.7844844,apple,0.34064018726348877,51.00895690917969,75.51129150390625,133.85035705566406,186.02255249023438
1762784762.8458939,apple,0.3268401026725769,49.033355712890625,77.4027099609375,134.36813354492188,187.43792724609375
1762784763.0628755,apple,0.25422224402427673,36.16752243041992,115.6728286743164,109.52125549316406,196.01705932617188
1762784763.1069195,apple,0.25422224402427673,36.16752243041992,115.6728286743164,109.52125549316406,196.01705932617188
1762784763.4758682,apple,0.3826506435871124,0.0,181.94192504882812,49.664710998535156,259.9262390136719
1762784763.5365477,apple,0.3754144310951233,0.0,181.7645263671875,52.552433013916016,262.2530517578125
1762784763.5365477,vase,0.3309130072593689,14.018951416015625,169.3990020751953,379.5434265136719,478.52496337890625
1762784763.5875206,apple,0.3754144310951233,0.0,181.7645263671875,52.552433013916016,262.2530517578125
1762784763.5875206,vase,0.3309130072593689,14.018951416015625,169.3990020751953,379.5434265136719,478.52496337890625
1762784763.636985,apple,0.28183260560035706,0.061279296875,153.392333984375,51.16768264770508,264.9892578125
1762784763.636985,vase,0.2764541804790497,12.638336181640625,173.4868927001953,379.09869384765625,478.50579833984375
1762784763.6966298,vase,0.6294317245483398,10.91986083984375,184.4385986328125,381.8799133300781,477.94293212890625
1762784763.7917864,vase,0.7655037045478821,49.3282470703125,174.26235961914062,414.14532470703125,479.2747497558594
1762784763.7917864,apple,0.3004755675792694,1.5194778442382812,154.11212158203125,90.57550811767578,272.4451599121094
1762784763.8536718,vase,0.8277226090431213,57.3978271484375,175.11370849609375,409.517822265625,479.2000732421875
1762784763.8536718,apple,0.3934508264064789,18.430564880371094,164.80758666992188,94.40291595458984,268.4473571777344
1762784763.9110692,vase,0.8277226090431213,57.3978271484375,175.11370849609375,409.517822265625,479.2000732421875
1762784763.9110692,apple,0.3934508264064789,18.430564880371094,164.80758666992188,94.40291595458984,268.4473571777344
1762784763.9610467,vase,0.5160529017448425,58.4769287109375,188.64010620117188,406.65411376953125,477.1760559082031
1762784763.9610467,apple,0.29081472754478455,21.03009796142578,169.081787109375,96.88536834716797,273.8791198730469
1762784764.057354,vase,0.722852885723114,60.368927001953125,193.17381286621094,406.917236328125,478.5106201171875
1762784764.1198514,vase,0.5112058520317078,62.639312744140625,196.98202514648438,408.3381652832031,479.3882141113281
1762784764.175691,vase,0.5112058520317078,62.639312744140625,196.98202514648438,408.3381652832031,479.3882141113281
1762784764.2259848,vase,0.4396016001701355,63.6690673828125,200.4490966796875,410.5211486816406,479.609375
1762784764.2758098,vase,0.499239057302475,64.79776000976562,201.8070526123047,408.646728515625,479.41534423828125
1762784764.3377254,vase,0.44417259097099304,66.12066650390625,201.63958740234375,407.4577331542969,477.6722412109375
1762784764.3377254,apple,0.25023114681243896,30.73760986328125,175.16094970703125,119.36073303222656,283.1632995605469
1762784764.3816895,vase,0.3340799808502197,69.3316650390625,200.98419189453125,411.3292236328125,479.35589599609375
1762784764.3816895,apple,0.3071500062942505,33.28725051879883,175.10321044921875,112.60731506347656,281.98681640625
1762784764.430814,apple,0.2825396955013275,36.45391845703125,178.62493896484375,111.83294677734375,281.156494140625
1762784764.4796283,apple,0.2825396955013275,36.45391845703125,178.62493896484375,111.83294677734375,281.156494140625
1762784764.538015,apple,0.3162175714969635,36.667213439941406,193.9666748046875,109.99498748779297,289.33642578125
1762784764.586515,apple,0.3095897436141968,36.38197326660156,208.18243408203125,108.81294250488281,290.666748046875
1762784764.586515,vase,0.2751210331916809,75.97564697265625,201.46710205078125,414.1524963378906,471.9085693359375
1762784764.641778,apple,0.3214019238948822,36.527008056640625,212.45843505859375,108.50523376464844,289.84881591796875
1762784764.641778,vase,0.31938645243644714,75.63751220703125,202.048583984375,390.8739929199219,466.225341796875
1762784764.6997156,apple,0.3214019238948822,36.527008056640625,212.45843505859375,108.50523376464844,289.84881591796875
1762784764.6997156,vase,0.31938645243644714,75.63751220703125,202.048583984375,390.8739929199219,466.225341796875
1762784764.7585917,apple,0.3079722821712494,36.17670822143555,190.39358520507812,108.86842346191406,289.8782653808594
1762784764.7585917,vase,0.25648951530456543,75.56353759765625,202.12391662597656,398.70611572265625,469.3465576171875
1762784764.8071327,apple,0.2879778742790222,36.13053894042969,213.6026611328125,108.55525207519531,289.04168701171875
1762784764.9016986,apple,0.32100582122802734,36.19146728515625,210.91171264648438,108.35719299316406,288.5751953125
1762784764.9616532,apple,0.32100582122802734,36.19146728515625,210.91171264648438,108.35719299316406,288.5751953125
1762784765.177455,vase,0.4120624363422394,73.55490112304688,200.3006591796875,413.60540771484375,473.951904296875
1762784765.177455,apple,0.31347227096557617,34.012451171875,175.60482788085938,115.63975524902344,286.7394104003906
1762784765.225731,apple,0.2665189802646637,32.13507080078125,179.2803955078125,113.41757202148438,286.61981201171875
1762784765.2722611,apple,0.2665189802646637,32.13507080078125,179.2803955078125,113.41757202148438,286.61981201171875
1762784765.318891,apple,0.3029334545135498,33.01282501220703,211.228759765625,105.92609405517578,288.71240234375
1762784765.318891,vase,0.2545606195926666,71.93460083007812,201.04510498046875,393.8019714355469,469.10467529296875
1762784765.3699987,vase,0.43324002623558044,72.05783081054688,200.71495056152344,400.8385314941406,464.55615234375
1762784765.3699987,apple,0.2613336741924286,31.964210510253906,176.87789916992188,114.41976165771484,287.46728515625
1762784765.4372594,vase,0.4113965630531311,73.98260498046875,199.45254516601562,418.26727294921875,474.0510559082031
1762784765.4986465,vase,0.6220574975013733,72.59423828125,198.06011962890625,419.7135009765625,474.25653076171875
1762784765.4986465,apple,0.2643918991088867,32.24687194824219,173.10260009765625,125.32423400878906,284.0152587890625
1762784765.5595365,vase,0.6202509999275208,71.11813354492188,198.53900146484375,418.39227294921875,476.2918701171875
1762784765.6187081,vase,0.5666880011558533,70.99002075195312,201.52244567871094,415.611083984375,475.9658203125
1762784765.6187081,apple,0.3683399558067322,30.88469696044922,209.13589477539062,105.0505142211914,289.71783447265625
1762784765.6784828,vase,0.5855284333229065,72.19647216796875,204.3992919921875,413.50250244140625,473.40625
1762784765.6784828,apple,0.319442480802536,31.50977325439453,213.55838012695312,105.32628631591797,290.6722717285156
1762784765.7273107,vase,0.578255832195282,69.73876953125,204.74156188964844,414.9952392578125,473.190185546875
1762784765.77641,vase,0.578255832195282,69.73876953125,204.74156188964844,414.9952392578125,473.190185546875
1762784765.8364596,vase,0.3325533866882324,66.35699462890625,204.89219665527344,400.989501953125,472.18359375
1762784765.8836136,vase,0.3325533866882324,66.35699462890625,204.89219665527344,400.989501953125,472.18359375
1762784765.9296114,vase,0.4356398582458496,67.51925659179688,205.80592346191406,404.9122619628906,473.908447265625
1762784765.9764094,vase,0.5283258557319641,71.56219482421875,207.46221923828125,409.4403076171875,478.04052734375
1762784766.0294027,vase,0.4290291965007782,74.53567504882812,210.66055297851562,413.4891357421875,477.4802551269531
1762784766.0890815,vase,0.4290291965007782,74.53567504882812,210.66055297851562,413.4891357421875,477.4802551269531
1762784766.149145,apple,0.3397934138774872,33.464752197265625,184.66000366210938,129.88783264160156,297.4765319824219
1762784766.149145,vase,0.2770889699459076,69.76361083984375,210.64471435546875,411.5640869140625,478.40496826171875
1762784766.212779,apple,0.3397934138774872,33.464752197265625,184.66000366210938,129.88783264160156,297.4765319824219
1762784766.212779,vase,0.2770889699459076,69.76361083984375,210.64471435546875,411.5640869140625,478.40496826171875
1762784766.27035,apple,0.3257661759853363,33.07917404174805,184.71966552734375,116.74736022949219,297.4468994140625
1762784766.3179862,vase,0.3875099718570709,71.94210815429688,211.15695190429688,411.7394104003906,477.9925231933594
1762784766.3179862,apple,0.2717428207397461,33.05860137939453,184.48849487304688,124.75627899169922,297.8470764160156
1762784766.365556,apple,0.2670747637748718,32.70475769042969,185.09884643554688,111.92057800292969,297.7099609375
1762784766.414167,vase,0.30756261944770813,68.623779296875,212.0423583984375,408.3468017578125,478.33966064453125
1762784766.473927,vase,0.482767790555954,72.96200561523438,212.5026397705078,403.2675476074219,476.57342529296875
1762784766.5222902,vase,0.43608659505844116,70.58450317382812,212.88067626953125,415.37420654296875,479.2655029296875
1762784766.5694635,vase,0.43608659505844116,70.58450317382812,212.88067626953125,415.37420654296875,479.2655029296875
1762784766.6156273,vase,0.8146949410438538,87.08419799804688,210.99057006835938,421.1011047363281,478.4291076660156
1762784766.6610754,vase,0.8146949410438538,87.08419799804688,210.99057006835938,421.1011047363281,478.4291076660156
1762784766.7078717,vase,0.7628728747367859,100.52035522460938,220.58941650390625,432.5252380371094,478.843017578125
1762784766.755918,vase,0.8086628317832947,103.613037109375,219.8203887939453,435.59259033203125,479.22991943359375
1762784766.8035362,vase,0.7842963337898254,118.50155639648438,219.6805419921875,441.1340026855469,477.92828369140625
1762784766.8619602,vase,0.7842963337898254,118.50155639648438,219.6805419921875,441.1340026855469,477.92828369140625
1762784766.911238,vase,0.7695096731185913,119.03240966796875,221.94235229492188,441.32330322265625,479.5701599121094
1762784767.0206435,vase,0.4684928059577942,126.218994140625,234.13873291015625,440.16461181640625,479.45013427734375
1762784767.068071,vase,0.45220446586608887,123.8040771484375,234.33526611328125,438.46319580078125,479.555419921875
1762784767.1166134,vase,0.5213304162025452,125.33085632324219,233.69898986816406,437.97320556640625,479.2999267578125
1762784767.178015,vase,0.5213304162025452,125.33085632324219,233.69898986816406,437.97320556640625,479.2999267578125
1762784767.2250905,vase,0.5168555974960327,122.7401123046875,233.88314819335938,436.939697265625,479.5319519042969
1762784767.3198345,apple,0.29550424218177795,0.0579986572265625,208.942138671875,43.60768127441406,329.4822998046875
1762784767.3631325,vase,0.28357890248298645,123.415771484375,234.68309020996094,435.0743408203125,479.647705078125
1762784767.4106908,vase,0.28357890248298645,123.415771484375,234.68309020996094,435.0743408203125,479.647705078125
1762784767.4569085,vase,0.6610732078552246,117.31697082519531,234.5292205810547,433.59002685546875,479.46771240234375
1762784767.50893,vase,0.5708318948745728,116.82257080078125,234.45382690429688,430.7896728515625,479.4515686035156
1762784767.6123135,vase,0.4733777642250061,117.73713684082031,235.459716796875,426.56170654296875,479.26507568359375
1762784767.6654768,vase,0.3818496763706207,119.54949951171875,237.44943237304688,428.152587890625,479.4387512207031
1762784767.7260401,vase,0.3818496763706207,119.54949951171875,237.44943237304688,428.152587890625,479.4387512207031
1762784767.7713704,frisbee,0.34556829929351807,121.12065124511719,239.90011596679688,425.21240234375,478.4248962402344
1762784767.7713704,vase,0.33659034967422485,121.8291015625,239.5059814453125,427.10760498046875,479.3843994140625
1762784767.817071,vase,0.441541463136673,127.35540771484375,242.34629821777344,432.88787841796875,479.56103515625
1762784767.8653362,vase,0.441541463136673,127.35540771484375,242.34629821777344,432.88787841796875,479.56103515625
1762784768.1507952,vase,0.40936100482940674,197.8045654296875,289.01190185546875,455.4493408203125,479.77557373046875
1762784768.1960082,vase,0.40936100482940674,197.8045654296875,289.01190185546875,455.4493408203125,479.77557373046875
1762784768.2426078,vase,0.49153026938438416,202.960693359375,292.59112548828125,458.64898681640625,479.78057861328125
1762784768.2897646,vase,0.36619797348976135,207.13580322265625,296.58905029296875,456.48870849609375,479.72918701171875
1762784768.3391414,vase,0.40131863951683044,212.22767639160156,300.2366943359375,458.484130859375,479.8133544921875
1762784768.3988898,vase,0.40131863951683044,212.22767639160156,300.2366943359375,458.484130859375,479.8133544921875
1762784768.4504292,vase,0.660905122756958,216.56532287597656,305.6454162597656,458.318603515625,479.8667907714844
1762784768.4504292,apple,0.29374536871910095,274.60943603515625,268.28253173828125,346.074951171875,311.940673828125
1762784768.5150023,person,0.5024718642234802,0.5117340087890625,265.90765380859375,236.08929443359375,479.80047607421875
1762784768.5724552,apple,0.26516202092170715,283.4335021972656,275.82525634765625,353.5510559082031,315.95513916015625
1762784768.624271,vase,0.6382591724395752,230.6121826171875,312.74822998046875,451.6820068359375,479.64715576171875
1762784768.748235,vase,0.2677275240421295,212.13360595703125,350.06597900390625,426.6805419921875,479.65936279296875
1762784768.748235,person,0.26681026816368103,210.83953857421875,349.1727294921875,427.13897705078125,479.67138671875
1762784768.932464,person,0.32350724935531616,255.22389221191406,431.7477722167969,421.04296875,479.6529235839844
1762784768.932464,sports ball,0.3228776156902313,253.95303344726562,432.07012939453125,420.4444274902344,479.68109130859375
1762784769.0105298,sports ball,0.3765358626842499,259.1943359375,433.3699951171875,427.4559326171875,479.693603515625
1762784769.0105298,person,0.29659733176231384,257.16412353515625,432.89788818359375,426.07379150390625,479.65594482421875
1762784769.3109918,sports ball,0.6509556770324707,190.5567169189453,419.5906066894531,388.37725830078125,479.6988830566406
1762784769.3692307,sports ball,0.5266336798667908,189.28594970703125,420.68280029296875,387.40679931640625,479.68756103515625
1762784769.4354017,sports ball,0.5266336798667908,189.28594970703125,420.68280029296875,387.40679931640625,479.68756103515625
1762784769.49732,apple,0.2992795407772064,194.27804565429688,424.89111328125,390.8189392089844,479.6754150390625
1762784769.5590405,sports ball,0.32154959440231323,205.54144287109375,430.9866638183594,401.808837890625,479.6549377441406
1762784769.747638,apple,0.29655197262763977,12.677001953125,304.198974609375,440.59930419921875,479.5084228515625
1762784769.8095808,vase,0.2687762975692749,168.7453155517578,314.21893310546875,468.47332763671875,479.64508056640625
1762784770.0568786,vase,0.3400776982307434,152.67710876464844,310.555908203125,450.840087890625,479.737548828125
1762784770.1199644,apple,0.36478838324546814,141.58108520507812,303.6539306640625,448.6657409667969,479.674072265625
1762784770.1807637,vase,0.47257089614868164,140.10833740234375,289.9094543457031,440.74017333984375,479.7936096191406
1762784770.244576,vase,0.5721387267112732,150.37423706054688,288.074951171875,441.9367980957031,479.755859375
1762784770.3048563,vase,0.5917595624923706,130.91580200195312,281.66015625,445.0662536621094,479.69384765625
1762784770.3693836,vase,0.2709812521934509,156.17779541015625,274.38360595703125,451.329345703125,479.69921875
1762784770.4242592,apple,0.26533523201942444,152.07125854492188,266.31671142578125,457.9312438964844,479.74908447265625
1762784770.473488,vase,0.27871671319007874,147.61349487304688,259.812255859375,463.9003601074219,479.52069091796875
1762784770.5354805,vase,0.27871671319007874,147.61349487304688,259.812255859375,463.9003601074219,479.52069091796875
1762784770.6974258,vase,0.3652108907699585,125.17131042480469,226.21954345703125,500.90692138671875,479.51153564453125
1762784770.759668,vase,0.5230280756950378,118.48248291015625,215.08526611328125,503.3992919921875,479.57037353515625
1762784770.8154397,vase,0.3588975667953491,98.14659118652344,204.44271850585938,507.7127685546875,479.4252624511719
1762784770.860321,vase,0.3588975667953491,98.14659118652344,204.44271850585938,507.7127685546875,479.4252624511719
1762784770.9106762,vase,0.3522986173629761,99.57977294921875,192.30633544921875,505.6708984375,479.372314453125
1762784771.0801296,apple,0.3259991407394409,21.52685546875,132.55511474609375,121.92681884765625,252.528564453125
1762784771.3813682,bird,0.2817079722881317,10.130615234375,107.6494140625,540.0780029296875,479.73883056640625
1762784771.3813682,apple,0.26735424995422363,0.04631805419921875,107.74729919433594,97.25238037109375,242.58665466308594
1762784771.4411116,bird,0.2817079722881317,10.130615234375,107.6494140625,540.0780029296875,479.73883056640625
1762784771.4411116,apple,0.26735424995422363,0.04631805419921875,107.74729919433594,97.25238037109375,242.58665466308594
1762784771.487662,apple,0.2584993541240692,0.0,78.97869873046875,76.86125183105469,204.43560791015625
1762784771.55206,potted plant,0.32129380106925964,1.06097412109375,61.62744140625,560.1838989257812,479.249755859375
1762784771.7057123,orange,0.2727791368961334,84.23933410644531,44.47277069091797,176.88243103027344,105.9782485961914
1762784771.7057123,apple,0.25039777159690857,0.02970123291015625,72.58786010742188,72.48341369628906,198.1204833984375
1762784771.7552426,spoon,0.31916171312332153,1.62274169921875,350.71710205078125,263.15887451171875,479.67230224609375
1762784771.7552426,potted plant,0.3062297999858856,0.82232666015625,39.0982666015625,546.7698974609375,479.2279052734375
1762784771.7552426,orange,0.2528408467769623,85.2565689086914,38.40272521972656,177.19192504882812,100.51179504394531
1762784771.8191288,apple,0.2814989984035492,0.09607696533203125,68.6554183959961,73.33680725097656,192.65707397460938
1762784771.8769581,orange,0.2538599371910095,89.47314453125,41.54640197753906,182.912841796875,100.92727661132812
1762784772.0400128,orange,0.30147647857666016,109.78204345703125,57.56912612915039,204.8907470703125,118.7491455078125
1762784772.0998905,orange,0.30147647857666016,109.78204345703125,57.56912612915039,204.8907470703125,118.7491455078125
1762784772.5092235,apple,0.317033052444458,12.065261840820312,132.408935546875,114.23933410644531,267.6599426269531
1762784772.5092235,vase,0.25199517607688904,69.25576782226562,148.02133178710938,380.6566467285156,475.6852722167969
1762784773.046915,apple,0.26127079129219055,93.8435287475586,143.03216552734375,185.31869506835938,205.35601806640625
1762784773.1642234,broccoli,0.2554507255554199,31.47467041015625,176.20404052734375,438.55474853515625,479.33123779296875
1762784773.2109907,bird,0.262474924325943,14.52691650390625,180.72869873046875,440.76678466796875,479.729248046875
1762784773.3268254,vase,0.46740061044692993,62.413360595703125,224.89346313476562,423.64385986328125,479.6315612792969
1762784773.3818357,vase,0.4026266932487488,61.752410888671875,230.54965209960938,422.3123474121094,479.6490173339844
1762784773.3818357,orange,0.27509605884552,114.03704833984375,193.5045166015625,205.34286499023438,258.1771545410156
1762784773.3818357,orange,0.2551773488521576,224.24134826660156,221.26141357421875,287.77587890625,268.7429504394531
1762784773.4313633,vase,0.424270898103714,57.7152099609375,227.4132080078125,425.3555908203125,479.63214111328125
1762784773.4722738,vase,0.424270898103714,57.7152099609375,227.4132080078125,425.3555908203125,479.63214111328125
1762784773.6306808,orange,0.2634306252002716,85.05459594726562,152.09429931640625,175.8056640625,211.26373291015625
1762784773.6776483,orange,0.3566552400588989,80.30001831054688,151.9130859375,173.4999542236328,213.42019653320312
1762784773.6776483,apple,0.31775936484336853,79.07331848144531,152.18829345703125,173.27256774902344,211.8853759765625
1762784773.885969,orange,0.28764310479164124,92.66860961914062,167.9221649169922,186.28585815429688,233.53575134277344
1762784773.9493036,orange,0.2750093936920166,92.30459594726562,163.907470703125,186.06698608398438,230.7811279296875
1762784774.0101316,orange,0.3107222020626068,91.26788330078125,163.6875,182.98553466796875,227.6776123046875
1762784774.0101316,orange,0.28037121891975403,204.91604614257812,192.38978576660156,272.3833312988281,241.5438690185547
1762784774.0572739,orange,0.29913330078125,89.14054870605469,161.157470703125,181.8695526123047,222.506591796875
1762784774.116287,orange,0.29913330078125,89.14054870605469,161.157470703125,181.8695526123047,222.506591796875
1762784774.1659832,orange,0.31394097208976746,87.24354553222656,158.5510711669922,180.5132598876953,224.88307189941406
1762784774.219031,orange,0.3395029604434967,86.4491195678711,157.54730224609375,180.17117309570312,224.33822631835938
1762784774.276924,orange,0.4049893021583557,85.48524475097656,158.0390625,180.21055603027344,223.9368896484375
1762784774.3385873,orange,0.3887562155723572,85.73910522460938,157.21484375,180.31771850585938,224.20343017578125
1762784774.3993862,orange,0.3056844174861908,87.09102630615234,157.96206665039062,183.08901977539062,223.97372436523438
1762784774.4938993,vase,0.25045350193977356,35.229583740234375,200.9942626953125,405.55419921875,479.56524658203125
1762784774.6534457,apple,0.2652491331100464,0.0,174.23934936523438,91.79785919189453,307.20037841796875
1762784774.703551,apple,0.4199720323085785,0.0,175.1070556640625,91.31124877929688,318.25970458984375
1762784774.8091114,orange,0.26547160744667053,102.48623657226562,159.13421630859375,207.85519409179688,234.31732177734375
1762784774.869628,orange,0.2883174419403076,104.60070037841797,160.74560546875,208.225341796875,233.500732421875
1762784774.9123662,orange,0.2883174419403076,104.60070037841797,160.74560546875,208.225341796875,233.500732421875
1762784775.057273,apple,0.26101624965667725,0.0809478759765625,194.10711669921875,102.09368896484375,336.683837890625
1762784775.1005204,vase,0.2658679187297821,45.340728759765625,224.60105895996094,427.79058837890625,479.6903076171875
1762784775.153485,vase,0.33060675859451294,44.45892333984375,223.99827575683594,422.76544189453125,479.7213134765625
1762784775.153485,orange,0.26395338773727417,108.34413146972656,176.65032958984375,216.3668670654297,253.7623291015625
1762784775.2121868,vase,0.33060675859451294,44.45892333984375,223.99827575683594,422.76544189453125,479.7213134765625
1762784775.2121868,orange,0.26395338773727417,108.34413146972656,176.65032958984375,216.3668670654297,253.7623291015625
1762784775.2574089,vase,0.37738466262817383,35.5560302734375,224.85211181640625,413.67694091796875,479.77032470703125
1762784775.3037033,vase,0.29095545411109924,26.535797119140625,227.84661865234375,404.0326843261719,479.829833984375
1762784775.3037033,orange,0.2582530975341797,107.46660614013672,178.97210693359375,213.05712890625,255.02215576171875
1762784775.399174,orange,0.26418182253837585,239.9420166015625,215.76519775390625,316.17083740234375,271.58056640625
1762784775.5426052,vase,0.31211110949516296,32.76019287109375,229.29344177246094,407.13018798828125,479.980712890625
1762784775.6017287,vase,0.295771062374115,30.192230224609375,230.76361083984375,414.06500244140625,479.95147705078125
1762784775.6521254,orange,0.25523075461387634,106.81117248535156,185.60992431640625,211.5778045654297,262.97918701171875
1762784775.7095766,apple,0.26393529772758484,0.0,203.9894256591797,97.3670654296875,349.87176513671875
1762784775.7597728,apple,0.26393529772758484,0.0,203.9894256591797,97.3670654296875,349.87176513671875
1762784775.8903537,vase,0.318946897983551,25.657745361328125,248.01821899414062,386.9338073730469,480.0
1762784775.8903537,apple,0.2812405526638031,0.1464080810546875,213.077880859375,97.30233764648438,356.9493408203125
1762784775.9496446,vase,0.34180036187171936,25.980224609375,248.87722778320312,388.8038330078125,479.7718811035156
1762784776.0114737,vase,0.34180036187171936,25.980224609375,248.87722778320312,388.8038330078125,479.7718811035156
1762784776.0728436,apple,0.3262748420238495,35.572296142578125,251.92478942871094,375.2987365722656,479.4815673828125
1762784776.0728436,apple,0.2758001685142517,0.07622528076171875,217.07167053222656,100.13866424560547,359.4456787109375
1762784776.13508,orange,0.30552032589912415,246.15878295898438,244.4164581298828,321.4401550292969,301.26922607421875
1762784776.1931617,apple,0.27269846200942993,32.38543701171875,256.2644958496094,393.434326171875,479.7332458496094
1762784776.2423308,apple,0.3772645890712738,54.502899169921875,258.0728759765625,392.84967041015625,479.7274169921875
1762784776.3961587,vase,0.439518541097641,56.11737060546875,246.8876953125,404.6962890625,479.5677490234375
1762784776.4445055,vase,0.439518541097641,56.11737060546875,246.8876953125,404.6962890625,479.5677490234375
1762784776.491778,vase,0.3419325053691864,77.35116577148438,271.8132629394531,384.1017761230469,479.6752014160156
1762784776.6601675,person,0.44840699434280396,89.41243743896484,405.40167236328125,192.68624877929688,479.810791015625
1762784776.6601675,person,0.32374826073646545,178.90785217285156,419.53228759765625,403.7554931640625,479.76080322265625
1762784776.6601675,person,0.2663121819496155,244.72543334960938,374.6903076171875,332.5388488769531,431.1480712890625
1762784776.7094855,person,0.584562361240387,102.71112060546875,413.0411376953125,208.28558349609375,479.7740478515625
1762784776.7094855,person,0.33975136280059814,0.3109130859375,437.4266662597656,67.51536560058594,479.6414489746094
1762784776.7684731,person,0.584562361240387,102.71112060546875,413.0411376953125,208.28558349609375,479.7740478515625
1762784776.7684731,person,0.33975136280059814,0.3109130859375,437.4266662597656,67.51536560058594,479.6414489746094
1762784776.816548,person,0.41868844628334045,103.38233184814453,411.483154296875,207.0299072265625,479.779541015625
1762784777.2557254,bowl,0.32463452219963074,258.4283447265625,370.74383544921875,555.1434326171875,479.94390869140625
1762784777.317183,bowl,0.5886023640632629,274.0430908203125,372.6746520996094,565.5478515625,479.8675231933594
1762784777.365163,bowl,0.5886023640632629,274.0430908203125,372.6746520996094,565.5478515625,479.8675231933594
1762784777.4110987,bowl,0.31501737236976624,283.30474853515625,377.80145263671875,552.9662475585938,479.77044677734375
1762784777.4620743,person,0.3281438648700714,50.73472595214844,356.30169677734375,153.19461059570312,479.92633056640625
1762784778.8435893,vase,0.41405513882637024,41.656883239746094,232.47911071777344,280.5050964355469,479.7139892578125
1762784778.8892212,vase,0.41405513882637024,41.656883239746094,232.47911071777344,280.5050964355469,479.7139892578125
1762784779.3482354,vase,0.32187244296073914,172.1292724609375,40.02117919921875,558.4730224609375,385.71820068359375
1762784779.3972032,wine glass,0.397220641374588,175.42991638183594,42.338958740234375,635.158203125,378.73052978515625
1762784779.445536,wine glass,0.397220641374588,175.42991638183594,42.338958740234375,635.158203125,378.73052978515625
1762784779.5392401,vase,0.2658728063106537,173.562255859375,48.93572998046875,553.7113037109375,458.49761962890625
1762784779.7582407,vase,0.31179970502853394,313.0966796875,110.77611541748047,536.6505126953125,337.078369140625
1762784779.864321,vase,0.3203732967376709,211.2772216796875,136.24807739257812,535.5422973632812,447.0046081542969
1762784779.916178,vase,0.4628109633922577,204.44378662109375,153.5160675048828,528.38232421875,451.17327880859375
1762784779.9758275,vase,0.4628109633922577,204.44378662109375,153.5160675048828,528.38232421875,451.17327880859375
1762784780.1176944,apple,0.3163474500179291,236.79449462890625,185.65728759765625,307.73388671875,268.18035888671875
1762784780.6450396,wine glass,0.27120640873908997,170.24468994140625,201.41323852539062,591.4508056640625,479.5279235839844
1762784780.7061186,vase,0.2975058853626251,160.71566772460938,200.997314453125,470.2321472167969,479.63555908203125
1762784780.7579265,vase,0.2975058853626251,160.71566772460938,200.997314453125,470.2321472167969,479.63555908203125
1762784780.9146163,bird,0.26765215396881104,117.3948974609375,213.9852294921875,464.53790283203125,479.753173828125
1762784781.3184657,apple,0.3726811110973358,225.2895050048828,216.39004516601562,315.59405517578125,289.5084533691406
1762784781.3184657,apple,0.28642475605010986,160.9820556640625,253.68466186523438,231.30206298828125,339.9796447753906
1762784781.3184657,orange,0.25617650151252747,224.96018981933594,216.42050170898438,315.3692626953125,289.783935546875
1762784781.3634758,apple,0.29362261295318604,226.1812744140625,216.49969482421875,313.72430419921875,288.5821838378906
1762784781.4104106,orange,0.2831075191497803,225.55088806152344,215.5784912109375,314.2789306640625,287.0286865234375
1762784781.4104106,apple,0.2612980604171753,225.93931579589844,215.48175048828125,314.0885009765625,286.26409912109375
1762784781.4623547,apple,0.26302871108055115,225.20538330078125,213.36898803710938,312.21612548828125,283.0375671386719
1762784781.4623547,apple,0.2510484755039215,162.51535034179688,251.04461669921875,229.64968872070312,332.0552978515625
1762784781.5226443,apple,0.26302871108055115,225.20538330078125,213.36898803710938,312.21612548828125,283.0375671386719
1762784781.5226443,apple,0.2510484755039215,162.51535034179688,251.04461669921875,229.64968872070312,332.0552978515625
1762784781.5827966,orange,0.30722782015800476,237.5587615966797,211.78897094726562,310.97467041015625,276.4922180175781
1762784781.5827966,apple,0.25625553727149963,160.3392333984375,249.04312133789062,228.19512939453125,329.8908996582031
1762784781.629601,orange,0.2914365530014038,236.53933715820312,210.22933959960938,308.3329162597656,274.91650390625
1762784781.7374449,orange,0.29742854833602905,221.57907104492188,208.9715576171875,307.8138122558594,281.54736328125
1762784781.7374449,orange,0.2662400007247925,336.85821533203125,233.154296875,377.39117431640625,259.5884094238281
1762784781.786615,cup,0.28407198190689087,206.81390380859375,234.96340942382812,548.0466918945312,472.1523132324219
1762784781.8336012,cup,0.28407198190689087,206.81390380859375,234.96340942382812,548.0466918945312,472.1523132324219
1762784781.880406,orange,0.2662961483001709,223.8089141845703,208.75094604492188,308.79376220703125,283.1257019042969
1762784781.9297912,orange,0.26195013523101807,225.0133819580078,209.54843139648438,309.65069580078125,283.62225341796875
1762784781.9926126,cup,0.34716564416885376,208.1943359375,237.13299560546875,567.6864013671875,452.4273681640625
1762784782.3129628,cup,0.30972880125045776,212.70314025878906,231.58375549316406,565.79833984375,450.2357177734375
1762784782.369654,cup,0.36916056275367737,216.21080017089844,231.74810791015625,557.9534912109375,436.5880126953125
1762784782.4337094,apple,0.2552908957004547,163.20980834960938,246.29537963867188,230.87677001953125,324.6213684082031
1762784782.497814,apple,0.36105024814605713,227.0991668701172,209.75762939453125,310.54449462890625,280.21234130859375
1762784782.497814,orange,0.30121293663978577,227.92124938964844,210.07711791992188,311.0458984375,280.2225036621094
1762784782.497814,apple,0.28346967697143555,164.37884521484375,246.31385803222656,233.19476318359375,323.27392578125
1762784782.5603042,apple,0.3173880875110626,228.34063720703125,208.8277587890625,311.1861572265625,280.4697570800781
1762784782.5603042,orange,0.2937886118888855,229.01953125,209.1724853515625,311.82208251953125,282.07745361328125
1762784782.6229696,apple,0.36947521567344666,230.1937255859375,209.45590209960938,311.69720458984375,278.1744384765625
1762784782.6229696,orange,0.26936042308807373,230.71731567382812,209.71304321289062,312.2295227050781,279.6296691894531
1762784782.6851206,orange,0.42995545268058777,234.88882446289062,213.06472778320312,314.2779846191406,281.4360656738281
1762784782.7948713,apple,0.261839359998703,232.70205688476562,213.18777465820312,313.8292541503906,283.0154724121094
1762784782.7948713,apple,0.25662124156951904,171.54440307617188,246.88809204101562,237.32144165039062,322.3572692871094
1762784782.85138,apple,0.261839359998703,232.70205688476562,213.18777465820312,313.8292541503906,283.0154724121094
1762784782.85138,apple,0.25662124156951904,171.54440307617188,246.88809204101562,237.32144165039062,322.3572692871094
1762784782.9116013,apple,0.39153239130973816,176.4610137939453,247.833251953125,241.1354522705078,323.315673828125
1762784782.9116013,apple,0.2647840082645416,235.94583129882812,216.01080322265625,317.4402770996094,284.75201416015625
1762784782.9601665,apple,0.39153239130973816,176.4610137939453,247.833251953125,241.1354522705078,323.315673828125
1762784782.9601665,apple,0.2647840082645416,235.94583129882812,216.01080322265625,317.4402770996094,284.75201416015625
1762784783.0057518,apple,0.40420281887054443,178.10870361328125,248.9232177734375,241.820556640625,325.2481689453125
1762784783.0057518,apple,0.2534869909286499,236.3412628173828,216.58786010742188,318.05853271484375,287.7047424316406
1762784783.0519114,vase,0.2542615532875061,231.4910430908203,240.28106689453125,420.04779052734375,432.11236572265625
1762784783.1012137,apple,0.3408297896385193,228.505126953125,223.49530029296875,309.0653076171875,293.2161865234375
1762784783.1012137,apple,0.3327646851539612,172.83551025390625,256.2789306640625,234.29071044921875,329.94464111328125
1762784783.1503956,apple,0.3408297896385193,228.505126953125,223.49530029296875,309.0653076171875,293.2161865234375
1762784783.1503956,apple,0.3327646851539612,172.83551025390625,256.2789306640625,234.29071044921875,329.94464111328125
1762784783.2600656,vase,0.30295926332473755,207.50894165039062,254.86932373046875,392.6205139160156,451.3211669921875
1762784783.4712906,apple,0.3838534653186798,159.93487548828125,282.57794189453125,224.034423828125,356.36785888671875
1762784783.4712906,apple,0.3809203803539276,220.02435302734375,253.0421142578125,297.33074951171875,319.0882568359375
1762784783.5211592,apple,0.33258137106895447,162.62408447265625,285.9422607421875,225.40789794921875,359.234375
1762784783.582187,apple,0.38684341311454773,223.80001831054688,256.41387939453125,302.6920471191406,322.10540771484375
1762784783.582187,apple,0.29228854179382324,165.34715270996094,286.89190673828125,228.5093536376953,358.13323974609375
1762784783.628482,apple,0.38684341311454773,223.80001831054688,256.41387939453125,302.6920471191406,322.10540771484375
1762784783.628482,apple,0.29228854179382324,165.34715270996094,286.89190673828125,228.5093536376953,358.13323974609375
1762784783.677089,apple,0.4127236306667328,173.65567016601562,286.5196533203125,230.18502807617188,357.224365234375
1762784783.677089,apple,0.3575271964073181,226.95254516601562,255.77671813964844,305.0084533691406,322.7510986328125
1762784783.721684,apple,0.3541277348995209,231.1461639404297,253.74473571777344,306.00567626953125,321.53076171875
1762784783.7738147,apple,0.3190208375453949,232.2919158935547,253.1133270263672,306.19134521484375,321.00115966796875
1762784783.879975,sports ball,0.29585498571395874,86.13703918457031,299.8507080078125,148.29336547851562,359.4627685546875
1762784783.9253435,sports ball,0.29585498571395874,86.13703918457031,299.8507080078125,148.29336547851562,359.4627685546875
1762784783.972952,apple,0.28280016779899597,234.26939392089844,253.03956604003906,306.426025390625,320.4337158203125
1762784784.019864,apple,0.37283769249916077,232.91383361816406,255.50201416015625,304.3831787109375,320.04510498046875
1762784784.019864,apple,0.3146769106388092,176.167236328125,283.6112060546875,235.111328125,353.2344970703125
1762784784.1112852,wine glass,0.33290737867355347,228.5647735595703,288.305908203125,400.67047119140625,479.6512451171875
1762784784.1637871,wine glass,0.33290737867355347,228.5647735595703,288.305908203125,400.67047119140625,479.6512451171875
1762784784.2720823,apple,0.25504887104034424,175.40118408203125,291.5836181640625,234.7144775390625,370.339599609375
1762784784.3195791,sports ball,0.25751829147338867,91.6270751953125,303.70489501953125,150.99288940429688,366.43011474609375
1762784784.366272,sports ball,0.25751829147338867,91.6270751953125,303.70489501953125,150.99288940429688,366.43011474609375
1762784784.5052671,apple,0.26949363946914673,166.30014038085938,289.2933044433594,225.78656005859375,371.2861022949219
1762784784.5520952,apple,0.2866622507572174,232.20303344726562,278.5296630859375,288.3742370605469,325.1973876953125
1762784784.6003332,apple,0.2866622507572174,232.20303344726562,278.5296630859375,288.3742370605469,325.1973876953125
1762784784.6965988,apple,0.2786872088909149,230.86993408203125,280.3677978515625,287.48870849609375,325.4039306640625
1762784784.8505826,apple,0.2706330120563507,227.51739501953125,277.6072998046875,280.14111328125,319.87542724609375
1762784785.3993764,person,0.6259490251541138,4.88458251953125,211.047119140625,239.94247436523438,479.53790283203125
1762784785.4597979,person,0.7238049507141113,5.8889312744140625,207.3388671875,242.18307495117188,479.69525146484375
1762784785.5072925,person,0.7058804631233215,13.111564636230469,209.38278198242188,243.31964111328125,479.4599914550781
1762784785.5072925,bird,0.38843846321105957,58.34625244140625,168.58709716796875,436.7033386230469,411.0867919921875
1762784785.572365,person,0.8192062377929688,19.933242797851562,166.57244873046875,250.7510223388672,479.702392578125
1762784785.6298041,person,0.8693915605545044,20.497100830078125,169.1015625,248.3594970703125,479.4986572265625
1762784785.6298041,bicycle,0.2605898082256317,62.1214599609375,170.50161743164062,430.39971923828125,402.8731994628906
1762784785.6782966,person,0.8693915605545044,20.497100830078125,169.1015625,248.3594970703125,479.4986572265625
1762784785.6782966,bicycle,0.2605898082256317,62.1214599609375,170.50161743164062,430.39971923828125,402.8731994628906
1762784785.73847,person,0.8469946384429932,20.179031372070312,168.18304443359375,248.3050079345703,479.58306884765625
1762784785.7796178,person,0.8406485915184021,20.286514282226562,167.93801879882812,247.46400451660156,479.4069519042969
1762784785.8336482,person,0.6662619113922119,19.80760955810547,208.56387329101562,244.96017456054688,479.5182800292969
1762784785.8831906,person,0.8422335386276245,19.741073608398438,201.3794403076172,244.7418975830078,479.64642333984375
1762784785.9472075,person,0.734512209892273,20.2623291015625,191.5599365234375,243.9364013671875,479.58819580078125
1762784786.007128,person,0.734512209892273,20.2623291015625,191.5599365234375,243.9364013671875,479.58819580078125
1762784786.0691628,person,0.806736409664154,21.334075927734375,169.3900146484375,245.69271850585938,479.61688232421875
1762784786.131231,person,0.559412956237793,20.053543090820312,176.78964233398438,247.89393615722656,479.9237365722656
1762784786.2079055,person,0.559412956237793,20.053543090820312,176.78964233398438,247.89393615722656,479.9237365722656
1762784786.276582,person,0.7719822525978088,20.847877502441406,185.75735473632812,245.3231201171875,479.6199645996094
1762784786.3393357,person,0.7218972444534302,20.285560607910156,208.3235321044922,244.19461059570312,479.53509521484375
1762784786.3944683,person,0.73551344871521,22.091537475585938,180.84744262695312,247.3209991455078,479.7287902832031
1762784786.4445426,person,0.6857861280441284,23.469696044921875,208.74575805664062,248.29275512695312,479.4886779785156
1762784786.4995449,person,0.8244990110397339,24.189773559570312,201.09466552734375,248.91136169433594,479.6783447265625
1762784786.5559583,person,0.7542703747749329,22.569625854492188,204.29037475585938,245.97254943847656,479.4123229980469
1762784786.6131792,person,0.6793724298477173,23.78044891357422,208.68487548828125,247.18560791015625,479.47125244140625
1762784786.6637516,person,0.7065255641937256,25.529327392578125,206.5857391357422,248.57061767578125,479.52740478515625
1762784786.7236328,person,0.7065255641937256,25.529327392578125,206.5857391357422,248.57061767578125,479.52740478515625
1762784786.774192,person,0.7469787001609802,25.54949951171875,190.72540283203125,246.93524169921875,479.80743408203125
1762784786.830951,person,0.7821661829948425,26.317962646484375,180.2078857421875,247.031494140625,479.91754150390625
1762784786.878918,person,0.7821661829948425,26.317962646484375,180.2078857421875,247.031494140625,479.91754150390625
1762784786.9257119,person,0.6959551572799683,27.29540252685547,190.703125,247.318115234375,479.80615234375
1762784786.9716625,person,0.7527803778648376,28.259735107421875,208.59957885742188,246.52215576171875,479.4483337402344
1762784787.0197074,person,0.7527803778648376,28.259735107421875,208.59957885742188,246.52215576171875,479.4483337402344
1762784787.0678477,person,0.6952051520347595,27.895858764648438,208.57461547851562,245.8636932373047,479.4293518066406
1762784787.1269732,person,0.6506912112236023,29.23999786376953,208.595458984375,246.1903076171875,479.3963623046875
1762784787.1735344,person,0.6506912112236023,29.23999786376953,208.595458984375,246.1903076171875,479.3963623046875
1762784787.2216077,person,0.6289825439453125,29.495941162109375,207.84458923339844,247.83053588867188,479.479736328125
1762784787.4676516,person,0.7497378587722778,30.22571563720703,207.76043701171875,248.70513916015625,479.61328125
1762784787.5388858,person,0.7497378587722778,30.22571563720703,207.76043701171875,248.70513916015625,479.61328125
1762784787.5960662,person,0.7636780738830566,30.934432983398438,179.8629150390625,252.2977752685547,479.8115234375
1762784787.656982,person,0.7618700265884399,32.934181213378906,180.12408447265625,251.57846069335938,479.69921875
1762784787.711619,person,0.7618700265884399,32.934181213378906,180.12408447265625,251.57846069335938,479.69921875
1762784787.7624714,person,0.5519503951072693,30.301544189453125,201.76104736328125,254.135986328125,479.450439453125
1762784787.8109915,person,0.5519503951072693,30.301544189453125,201.76104736328125,254.135986328125,479.450439453125
1762784787.8615048,person,0.7838190197944641,32.72826385498047,182.7630615234375,253.00811767578125,479.62432861328125
1762784787.8615048,sports ball,0.2618260383605957,131.74749755859375,170.04342651367188,270.675537109375,312.3572082519531
1762784787.9197605,person,0.6870599389076233,32.653656005859375,186.3188018798828,253.19314575195312,479.70257568359375
1762784787.9836023,person,0.8199474811553955,32.371429443359375,177.84341430664062,252.49139404296875,479.8338317871094
1762784788.0449696,person,0.436077743768692,30.732101440429688,206.1015625,252.7742156982422,479.50628662109375
1762784788.0942225,person,0.6016783714294434,30.82848358154297,206.82064819335938,251.8282470703125,479.5270080566406
1762784788.1523001,person,0.6016783714294434,30.82848358154297,206.82064819335938,251.8282470703125,479.5270080566406
1762784788.2049646,person,0.7265470623970032,31.705284118652344,190.85638427734375,253.05557250976562,479.4814453125
1762784788.2645404,person,0.6792521476745605,31.424301147460938,204.8018798828125,252.79298400878906,479.52398681640625
1762784788.2645404,sports ball,0.25402534008026123,131.86386108398438,170.15252685546875,273.63629150390625,312.88250732421875
1762784788.328457,person,0.738620400428772,30.420974731445312,189.7105712890625,253.22755432128906,479.80645751953125
1762784788.3892932,person,0.8065266609191895,31.395294189453125,193.90179443359375,255.08206176757812,479.82513427734375
1762784788.4501657,person,0.7561878561973572,31.309219360351562,197.44317626953125,254.30125427246094,479.84271240234375
1762784788.5022945,person,0.7172696590423584,29.711502075195312,194.142578125,254.3176727294922,480.0
1762784788.5610902,person,0.7463284730911255,30.80638885498047,207.3118896484375,252.5787353515625,479.59234619140625
1762784788.6085482,person,0.8186678886413574,32.13285827636719,192.86395263671875,253.91343688964844,479.88043212890625
1762784788.6574824,person,0.7633081078529358,34.182861328125,181.0487518310547,256.4798583984375,479.52484130859375
1762784788.7184088,person,0.7633081078529358,34.182861328125,181.0487518310547,256.4798583984375,479.52484130859375
1762784788.7719536,person,0.6653485894203186,33.19561767578125,202.8385772705078,259.55499267578125,479.21356201171875
1762784788.8296702,person,0.7704378366470337,37.025779724121094,202.6116180419922,260.9162902832031,479.45697021484375
1762784788.8986151,person,0.8110110759735107,36.07807159423828,201.96441650390625,260.836181640625,479.5606689453125
1762784788.9581041,person,0.5827974677085876,35.412994384765625,203.1341552734375,260.88604736328125,479.47637939453125
1762784789.018314,person,0.5827974677085876,35.412994384765625,203.1341552734375,260.88604736328125,479.47637939453125
1762784789.078351,person,0.7203826308250427,36.024627685546875,201.7183074951172,261.7216796875,479.27508544921875
1762784789.1249614,person,0.6387189626693726,36.658226013183594,205.74667358398438,260.2453918457031,479.5066833496094
1762784789.1863093,person,0.8230044841766357,35.69488525390625,189.55303955078125,260.588623046875,479.72265625
1762784789.2334852,person,0.7974703311920166,34.2589111328125,196.8023681640625,261.533935546875,479.52960205078125
1762784789.2779145,person,0.7869695425033569,34.99029541015625,200.50408935546875,261.82855224609375,479.6114501953125
1762784789.2779145,sports ball,0.29422101378440857,137.50811767578125,178.5068359375,286.5926208496094,320.0553894042969
1762784789.3317842,person,0.7869695425033569,34.99029541015625,200.50408935546875,261.82855224609375,479.6114501953125
1762784789.3317842,sports ball,0.29422101378440857,137.50811767578125,178.5068359375,286.5926208496094,320.0553894042969
1762784789.4177105,person,0.7644031643867493,35.01232147216797,202.17733764648438,262.45574951171875,479.4679260253906
1762784789.4633982,person,0.5871875882148743,35.03570556640625,207.937255859375,262.8964538574219,479.6036376953125
1762784789.5202074,person,0.45554202795028687,35.965919494628906,206.5255126953125,262.4998474121094,479.53851318359375
1762784789.573727,person,0.6553305387496948,34.583526611328125,209.42352294921875,262.0309753417969,479.6107177734375
1762784789.6250246,person,0.5721421241760254,35.624420166015625,211.0548553466797,262.056640625,479.60223388671875
1762784789.7094631,person,0.5118541121482849,32.029518127441406,209.06661987304688,258.6084899902344,479.5356140136719
1762784789.8662124,person,0.5245991945266724,19.167709350585938,203.60006713867188,249.7824249267578,479.4796447753906
1762784789.9176514,person,0.5245991945266724,19.167709350585938,203.60006713867188,249.7824249267578,479.4796447753906
1762784789.9784744,person,0.5203847289085388,17.080551147460938,201.61068725585938,252.23915100097656,479.3404846191406
1762784790.0879803,banana,0.3667468726634979,71.3592529296875,175.512939453125,461.97967529296875,460.49993896484375
1762784790.1398838,bird,0.3099293112754822,261.92724609375,214.4932098388672,449.5174560546875,362.89141845703125
1762784790.293632,bottle,0.3658399283885956,59.45501708984375,196.90655517578125,262.2501525878906,479.17510986328125
